master_customer_id,Source,State,Store/Location,Start Date,Membership #,Status,Membership $,Cash $,Check $,Credit $,Debit $,Electronic $,Gift $,Merchant $,Sales Tax $
5857786,Dutchie,Connecticut,Dutchie Naugatuck,1/1/1970,Membership 0004645 Quarter Membership,Current,249,0,0,0,0,0,0,0,15.8115
5459413,Dutchie,Illinois,Dutchie Greektown,1/1/1970,Membership 0002426 Quarter Membership,Current,249,0,0,0,0,0,0,0,0.25522500000000004
3240954,Dutchie,Illinois,Dutchie West Chicago,1/1/1970,Membership 0001520 Quarter Membership,Current,199.2,0,0,0,0,0,0,0,0.20418
2239525,Dutchie,Illinois,Dutchie Prospect Heights,1/1/1970,Membership 0002486 Dime Membership,Current,104.3,0,0,0,0,0,0,0,0.1069075
4460967,Dutchie,Illinois,Dutchie Prospect Heights,1/1/1970,Membership 0001910 Quarter Membership,Current,249,0,0,0,0,0,0,0,0.25522500000000004
5213608,Nimble,Illinois,0,1/11/2024,Membership 0000003 Dime Membership,Expired,120,0,0,0,0,0,0,0,0
2342574,Dutchie,New Jersey,Dutchie Lawrence Rec,3/28/2024,Membership 0000811 Quarter Membership,Current,199,0,0,0,240,0,0,0,13.18375
2527277,Dutchie,New Jersey,Dutchie Lawrence Rec,3/28/2024,Membership 0000812 Quarter Membership,Current,199,0,0,0,210,0,0,0,13.18375
764918,Dutchie,Illinois,Dutchie Highland Park,3/29/2024,Membership 0000845 Quarter Membership,Current,199.2,0,199,0,0,0,0,0,0.20418
764918,Dutchie,Illinois,Dutchie Highland Park,3/29/2024,Membership 0000845 Quarter Membership,Future,199.2,0,199,0,0,0,0,0,0.20418
1042911,Dutchie,Illinois,Dutchie Evanston,3/29/2024,Membership 0001760 Dime Membership,Future,134.1,0.25,0,0,150,0,0,0,0.1374525
1875727,Dutchie,Illinois,Dutchie Highland Park,3/29/2024,Membership 0000819 Quarter Membership,Current,199.2,0,199,0,0,0,0,0,0.20418
1042911,Dutchie,Illinois,Dutchie Evanston,3/29/2024,Membership 0001760 Dime Membership,Current,134.1,0.25,0,0,150,0,0,0,0.1374525
687401,Dutchie,Illinois,Dutchie Aurora,3/29/2024,Membership 0000818 Quarter Membership,Current,199.2,0,0,0,200,0,0,0,0.20418
5030963,Dutchie,Illinois,Dutchie Highland Park,3/29/2024,Membership 0002000 Quarter Membership,Current,199.2,200,0,0,0,0,0,0,0.20418
3365410,Dutchie,New Jersey,Dutchie Elizabeth Rec,3/30/2024,Membership 0001136 Quarter Membership,Current,151.05,0,0,0,195,0,0,0,10.007062500000002
3314269,Dutchie,Illinois,Dutchie Evanston,3/30/2024,Membership 0004278 Quarter Membership,Current,199.2,0,0,0,200,0,0,0,0.20418
1030928,Dutchie,Illinois,Dutchie Aurora,3/30/2024,Membership 0001194 Quarter Membership,Current,199.2,0,0,0,200,0,0,0,0.20418
2284125,Dutchie,New Jersey,Dutchie Elizabeth Rec,3/30/2024,Membership 0001296 Quarter Membership,Current,199,160,111,0,0,0,0,0,13.18375
4365728,Dutchie,Illinois,Dutchie Saint Charles,3/31/2024,Membership 0001539 Quarter Membership,Current,199.2,100,99,0,0,0,0,0,0.20418
587455,Dutchie,Illinois,Dutchie Saint Charles,3/31/2024,Membership 0002011 Quarter Membership,Current,199.2,0,0,0,200,0,0,0,0.20418
554789,Dutchie,Illinois,Dutchie Rogers Park,3/31/2024,Membership 0000950 Quarter Membership,Current,199.2,0,0,0,360,0,0,0,0.20418
3026979,Nimble,New Jersey,Zen Leaf Neptune,4/1/2024,Membership 0001051 Quarter Membership,Current,199,0,0,0,0,0,0,211.44,12.44
2555563,Nimble,New Jersey,Zen Leaf Lawrence,4/1/2024,Membership 0001038 Quarter Membership,Current,199,0,0,0,0,0,0,199,0
2643602,Nimble,New Jersey,Zen Leaf Elizabeth,4/1/2024,Membership 0001032 Quarter Membership,Current,199,0,0,0,0,0,0,211.44,12.44
4295731,Nimble,Illinois,Zen Leaf Lombard,4/1/2024,Membership 0001042 Dime Membership,Current,134,0,0,0,0,0,0,142.38,8.38
727082,Nimble,Illinois,Zen Leaf St. Charles,4/1/2024,Membership 0001031 Quarter Membership,Current,199,0,0,0,0,0,0,211.44,12.44
3064496,Nimble,New Jersey,Zen Leaf Neptune,4/1/2024,Membership 0001037 Quarter Membership,Current,199,0,0,0,0,0,0,211.44,12.44
3272479,Nimble,New Jersey,Zen Leaf Lawrence,4/1/2024,Membership 0001048 Quarter Membership,Current,199,0,0,0,0,0,0,211.44,12.44
3360510,Nimble,New Jersey,Zen Leaf Neptune,4/1/2024,Membership 0001040 Quarter Membership,Current,199,0,0,0,0,0,0,211.44,12.44
4468950,Nimble,New Jersey,Zen Leaf Lawrence,4/1/2024,Membership 0001036 Quarter Membership,Current,199,0,0,0,0,0,0,211.44,12.44
3288738,Nimble,Illinois,Zen Leaf Naperville,4/1/2024,Membership 0001028 Dime Membership,Current,134,0,0,0,0,0,0,142.38,8.38
4559223,Nimble,New Jersey,Zen Leaf Neptune,4/1/2024,Membership 0001027 Dime Membership,Current,134,0,0,0,0,0,0,142.38,8.38
3765086,Nimble,New Jersey,Zen Leaf Elizabeth,4/1/2024,Membership 0001030 Quarter Membership,Current,199,0,0,0,0,0,0,211.44,12.44
1225032,Nimble,Illinois,Zen Leaf Evanston,4/1/2024,Membership 0001021 Quarter Membership,Current,199,0,0,0,0,0,0,211.44,12.44
4431422,Nimble,New Jersey,Zen Leaf Lawrence,4/1/2024,Membership 0001020 Dime Membership,Current,134,0,0,0,0,0,0,134,0
2977818,Nimble,New Jersey,Zen Leaf Elizabeth,4/1/2024,Membership 0001062 Dime Membership,Current,134,0,0,0,0,0,0,134,0
4607002,Nimble,Illinois,Zen Leaf Naperville,4/1/2024,Membership 0001165 Quarter Membership,Current,199,0,0,0,0,0,0,211.44,12.44
585404,Nimble,New Jersey,Zen Leaf Elizabeth,4/1/2024,Membership 0001035 Quarter Membership,Current,199,0,0,0,0,0,0,211.44,12.44
3925209,Nimble,New Jersey,Zen Leaf Elizabeth,4/1/2024,Membership 0001041 Quarter Membership,Current,199,0,0,0,0,0,0,211.44,12.44
4021820,Nimble,Illinois,Zen Leaf Prospect Heights,4/1/2024,Membership 0001049 Quarter Membership,Current,199,0,0,0,0,0,0,211.44,12.44
3171483,Nimble,New Jersey,Zen Leaf Lawrence,4/1/2024,Membership 0001050 Quarter Membership,Current,199,0,0,0,0,0,0,211.44,12.44
1255052,Nimble,Illinois,Zen Leaf Evanston,4/1/2024,Membership 0001058 Quarter Membership,Current,199,0,0,0,0,0,0,211.44,12.44
2641223,Nimble,New Jersey,Zen Leaf Lawrence,4/1/2024,Membership 0001052 Quarter Membership,Current,199,0,0,0,0,0,0,211.44,12.44
5137753,Nimble,New Jersey,Zen Leaf Elizabeth,4/1/2024,Membership 0001054 Quarter Membership,Current,199,0,0,0,0,0,0,211.44,12.44
847835,Nimble,Illinois,Zen Leaf Highland Park,4/1/2024,Membership 0001161 Dime Membership,Current,134,0,0,0,0,0,0,142.38,8.38
4576241,Nimble,New Jersey,Zen Leaf Neptune,4/1/2024,Membership 0001053 Quarter Membership,Current,199,0,0,0,0,0,0,211.44,12.44
2899766,Nimble,New Jersey,Zen Leaf Lawrence,4/1/2024,Membership 0001056 Quarter Membership,Current,199,0,0,0,0,0,0,211.44,12.44
5250059,Nimble,New Jersey,Zen Leaf Lawrence,4/1/2024,Membership 0001047 Quarter Membership,Current,199,0,0,0,0,0,0,211.44,12.44
2460694,Nimble,New Jersey,Zen Leaf Lawrence,4/1/2024,Membership 0001046 Quarter Membership,Current,199,0,0,0,0,0,0,211.44,12.44
1132917,Nimble,Illinois,Zen Leaf Evanston,4/1/2024,Membership 0001077 Dime Membership,Current,134,0,0,0,0,0,0,142.38,8.38
2554661,Nimble,New Jersey,Zen Leaf Lawrence,4/1/2024,Membership 0001059 Dime Membership,Current,134,0,0,0,0,0,0,142.38,8.38
1301667,Nimble,New Jersey,Zen Leaf Lawrence,4/1/2024,Membership 0001045 Quarter Membership,Current,199,0,0,0,0,0,0,211.44,12.44
2548232,Nimble,New Jersey,Zen Leaf Neptune,4/1/2024,Membership 0001065 Quarter Membership,Current,199,0,0,0,0,0,0,211.44,12.44
3146383,Nimble,New Jersey,Zen Leaf Neptune,4/1/2024,Membership 0001055 Quarter Membership,Current,199,0,0,0,0,0,0,211.44,12.44
3558485,Nimble,New Jersey,Zen Leaf Lawrence,4/1/2024,Membership 0001162 Quarter Membership,Current,199,0,0,0,0,0,0,211.44,12.44
1919432,Nimble,Illinois,Zen Leaf St. Charles,4/1/2024,Membership 0001061 Quarter Membership,Current,199,0,0,0,0,0,0,211.44,12.44
5101998,Nimble,New Jersey,Zen Leaf Neptune,4/1/2024,Membership 0001163 Quarter Membership,Current,199,0,0,0,0,0,0,211.44,12.44
1427023,Nimble,Illinois,Zen Leaf Pilsen,4/1/2024,Membership 0001043 Dime Membership,Current,134,0,0,0,0,0,0,142.38,8.38
3850239,Nimble,New Jersey,Zen Leaf Lawrence,4/1/2024,Membership 0001044 Quarter Membership,Current,199,0,0,0,0,0,0,211.44,12.44
568506,Nimble,Illinois,Zen Leaf St. Charles,4/1/2024,Membership 0001072 Quarter Membership,Current,199,0,0,0,0,0,0,211.44,12.44
838276,Dutchie,Illinois,Dutchie Prospect Heights,4/1/2024,Membership 0001282 Quarter Membership,Current,199.2,0,0,0,270,0,0,0,0.20418
5249895,Nimble,New Jersey,Zen Leaf Lawrence,4/1/2024,Membership 0001034 Quarter Membership,Current,199,0,0,0,0,0,0,211.44,12.44
833868,Nimble,Illinois,Zen Leaf St. Charles,4/1/2024,Membership 0001023 Quarter Membership,Current,199,0,0,0,0,0,0,211.44,12.44
5249732,Nimble,New Jersey,Zen Leaf Neptune,4/1/2024,Membership 0001025 Quarter Membership,Current,199,0,0,0,0,0,0,211.44,12.44
2912394,Nimble,Illinois,Zen Leaf West Loop,4/1/2024,Membership 0001016 Quarter Membership,Current,199,0,0,0,0,0,0,211.44,12.44
5251130,Nimble,Illinois,Zen Leaf Prospect Heights,4/1/2024,Membership 0001198 Dime Membership,Current,134,0,0,0,0,0,0,142.38,8.38
3384678,Nimble,New Jersey,Zen Leaf Neptune,4/1/2024,Membership 0001176 Quarter Membership,Current,199,0,0,0,0,0,0,211.44,12.44
1813184,Nimble,New Jersey,Zen Leaf Neptune,4/1/2024,Membership 0000992 Quarter Membership,Current,199,0,0,0,0,0,0,211.44,12.44
2829029,Nimble,New Jersey,Zen Leaf Lawrence,4/1/2024,Membership 0000993 Quarter Membership,Current,199,0,0,0,0,0,0,211.44,12.44
510823,Nimble,Illinois,Zen Leaf St. Charles,4/1/2024,Membership 0000991 Quarter Membership,Current,199,0,0,0,0,0,0,211.44,12.44
3353659,Nimble,Illinois,Zen Leaf West Loop,4/1/2024,Membership 0000987 Quarter Membership,Current,199,0,0,0,0,0,0,211.44,12.44
536293,Nimble,Illinois,Zen Leaf St. Charles,4/1/2024,Membership 0000988 Quarter Membership,Current,199,0,0,0,0,0,0,211.44,12.44
889750,Nimble,Illinois,Zen Leaf St. Charles,4/1/2024,Membership 0000985 Quarter Membership,Current,199,0,0,0,0,0,0,211.44,12.44
2167464,Nimble,Illinois,Zen Leaf Rogers Park,4/1/2024,Membership 0000982 Quarter Membership,Current,199,0,0,0,0,0,0,211.44,12.44
1813794,Nimble,New Jersey,Zen Leaf Neptune,4/1/2024,Membership 0000980 Quarter Membership,Current,199,0,0,0,0,0,0,211.44,12.44
2370342,Nimble,Illinois,Zen Leaf Evanston,4/1/2024,Membership 0000995 Quarter Membership,Current,199,0,0,0,0,0,0,211.44,12.44
3790474,Nimble,Illinois,Zen Leaf West Loop,4/1/2024,Membership 0000978 Quarter Membership,Current,199,0,0,0,0,0,0,211.44,12.44
2600473,Nimble,New Jersey,Zen Leaf Neptune,4/1/2024,Membership 0000976 Quarter Membership,Current,199,0,0,0,0,0,0,211.44,12.44
5249438,Nimble,New Jersey,Zen Leaf Elizabeth,4/1/2024,Membership 0000984 Dime Membership,Current,134,0,0,0,0,0,0,142.38,8.38
4512566,Nimble,New Jersey,Zen Leaf Neptune,4/1/2024,Membership 0001164 Quarter Membership,Current,199,0,0,0,0,0,0,211.44,12.44
1708156,Nimble,Illinois,Zen Leaf St. Charles,4/1/2024,Membership 0000975 Quarter Membership,Current,199,0,0,0,0,0,0,211.44,12.44
1341960,Nimble,Illinois,Zen Leaf West Loop,4/1/2024,Membership 0000973 Quarter Membership,Current,199,0,0,0,0,0,0,211.44,12.44
1261775,Nimble,Illinois,Zen Leaf Evanston,4/1/2024,Membership 0000969 Dime Membership,Current,134,0,0,0,0,0,0,142.38,8.38
2947741,Nimble,New Jersey,Zen Leaf Neptune,4/1/2024,Membership 0000972 Quarter Membership,Current,199,0,0,0,0,0,0,211.44,12.44
1001560,Nimble,Illinois,Zen Leaf Evanston,4/1/2024,Membership 0000968 Dime Membership,Current,134,0,0,0,0,0,0,142.38,8.38
2598282,Nimble,Illinois,Zen Leaf Lombard,4/1/2024,Membership 0000967 Quarter Membership,Current,199,0,0,0,0,0,0,211.44,12.44
4109171,Nimble,New Jersey,Zen Leaf Neptune,4/1/2024,Membership 0000970 Quarter Membership,Current,199,0,0,0,0,0,0,211.44,12.44
1845539,Nimble,Illinois,Zen Leaf Rogers Park,4/1/2024,Membership 0000983 Quarter Membership,Current,199,0,0,0,0,0,0,211.44,12.44
2193231,Nimble,Illinois,Zen Leaf Rogers Park,4/1/2024,Membership 0000996 Quarter Membership,Current,199,0,0,0,0,0,0,211.44,12.44
1078301,Nimble,Illinois,Zen Leaf Pilsen,4/1/2024,Membership 0001000 Quarter Membership,Current,199,0,0,0,0,0,0,211.44,12.44
3306921,Nimble,New Jersey,Zen Leaf Lawrence,4/1/2024,Membership 0000998 Quarter Membership,Current,199,0,0,0,0,0,0,211.44,12.44
4566833,Nimble,Illinois,Zen Leaf St. Charles,4/1/2024,Membership 0001017 Quarter Membership,Current,199,0,0,0,0,0,0,211.44,12.44
3516923,Nimble,New Jersey,Zen Leaf Elizabeth,4/1/2024,Membership 0001015 Quarter Membership,Current,199,0,0,0,0,0,0,211.44,12.44
1769357,Nimble,Illinois,Zen Leaf Naperville,4/1/2024,Membership 0001057 Quarter Membership,Current,199,0,0,0,0,0,0,211.44,12.44
855745,Nimble,Illinois,Zen Leaf Evanston,4/1/2024,Membership 0001024 Quarter Membership,Current,199,0,0,0,0,0,0,211.44,12.44
1846463,Dutchie,Illinois,Dutchie Prospect Heights,4/1/2024,Membership 0004275 Dime Membership,Current,134.1,0,0,0,200,0,0,0,0.1374525
4800800,Nimble,New Jersey,Zen Leaf Elizabeth,4/1/2024,Membership 0001112 Quarter Membership,Current,199,0,0,0,0,0,0,199,0
2243276,Nimble,Illinois,Zen Leaf St. Charles,4/1/2024,Membership 0001013 Quarter Membership,Current,199,0,0,0,0,0,0,211.44,12.44
1729078,Nimble,Illinois,Zen Leaf Naperville,4/1/2024,Membership 0001010 Quarter Membership,Current,199,0,0,0,0,0,0,211.44,12.44
2280108,Nimble,Illinois,Zen Leaf Pilsen,4/1/2024,Membership 0001014 Dime Membership,Current,134,0,0,0,0,0,0,142.38,8.38
5249664,Nimble,Illinois,Zen Leaf Rogers Park,4/1/2024,Membership 0001006 Quarter Membership,Current,199,0,0,0,0,0,0,211.44,12.44
2554938,Nimble,New Jersey,Zen Leaf Lawrence,4/1/2024,Membership 0001012 Quarter Membership,Current,199,0,0,0,0,0,0,199,0
1093640,Dutchie,Illinois,Dutchie Rogers Park,4/1/2024,Membership 0001159 Quarter Membership,Current,199.2,280,0,0,0,0,0,0,0.20418
514301,Nimble,Illinois,Zen Leaf St. Charles,4/1/2024,Membership 0001011 Quarter Membership,Current,199,0,0,0,0,0,0,211.44,12.44
565949,Nimble,Illinois,Zen Leaf St. Charles,4/1/2024,Membership 0001007 Quarter Membership,Current,199,0,0,0,0,0,0,211.44,12.44
3036238,Nimble,New Jersey,Zen Leaf Elizabeth,4/1/2024,Membership 0001003 Quarter Membership,Current,199,0,0,0,0,0,0,211.44,12.44
1977502,Nimble,New Jersey,Zen Leaf Neptune,4/1/2024,Membership 0001004 Quarter Membership,Current,199,0,0,0,0,0,0,211.44,12.44
714006,Dutchie,Illinois,Dutchie Saint Charles,4/1/2024,Membership 0000884 Quarter Membership,Current,199.2,180,0,0,180,0,0,0,0.20418
493349,Nimble,Illinois,Zen Leaf St. Charles,4/1/2024,Membership 0001005 Quarter Membership,Current,199,0,0,0,0,0,0,211.44,12.44
2544984,Nimble,New Jersey,Zen Leaf Lawrence,4/1/2024,Membership 0001196 Dime Membership,Current,134,0,0,0,0,0,0,142.38,8.38
1620058,Nimble,New Jersey,Zen Leaf Lawrence,4/1/2024,Membership 0001022 Quarter Membership,Current,199,0,0,0,0,0,0,211.44,12.44
2956180,Nimble,New Jersey,Zen Leaf Neptune,4/1/2024,Membership 0001001 Quarter Membership,Current,199,0,0,0,0,0,0,211.44,12.44
3109842,Nimble,New Jersey,Zen Leaf Neptune,4/1/2024,Membership 0000997 Quarter Membership,Current,199,0,0,0,0,0,0,211.44,12.44
1602262,Nimble,Illinois,Zen Leaf Pilsen,4/1/2024,Membership 0000999 Quarter Membership,Current,199,0,0,0,0,0,0,211.44,12.44
5250711,Nimble,Illinois,Zen Leaf St. Charles,4/1/2024,Membership 0001135 Quarter Membership,Current,199,0,0,0,0,0,0,211.44,12.44
3061015,Nimble,New Jersey,Zen Leaf Neptune,4/1/2024,Membership 0001064 Quarter Membership,Current,199,0,0,0,0,0,0,211.44,12.44
3520559,Nimble,Illinois,Zen Leaf St. Charles,4/1/2024,Membership 0001029 Quarter Membership,Current,199,0,0,0,0,0,0,211.44,12.44
2444702,Nimble,New Jersey,Zen Leaf Elizabeth,4/1/2024,Membership 0001063 Quarter Membership,Current,199,0,0,0,0,0,0,211.44,12.44
4837259,Nimble,Illinois,Zen Leaf West Loop,4/1/2024,Membership 0001152 Quarter Membership,Current,199,0,0,0,0,0,0,211.44,12.44
3190658,Nimble,New Jersey,Zen Leaf Neptune,4/1/2024,Membership 0001108 Quarter Membership,Current,199,0,0,0,0,0,0,211.44,12.44
805113,Nimble,Illinois,Zen Leaf Aurora,4/1/2024,Membership 0001109 Quarter Membership,Current,199,0,0,0,0,0,0,211.44,12.44
2120386,Nimble,New Jersey,Zen Leaf Neptune,4/1/2024,Membership 0001126 Quarter Membership,Current,199,0,0,0,0,0,0,211.44,12.44
2456313,Nimble,Illinois,Zen Leaf Naperville,4/1/2024,Membership 0001116 Quarter Membership,Current,199,0,0,0,0,0,0,211.44,12.44
3395257,Nimble,New Jersey,Zen Leaf Neptune,4/1/2024,Membership 0001128 Dime Membership,Current,134,0,0,0,0,0,0,142.38,8.38
2937826,Nimble,New Jersey,Zen Leaf Lawrence,4/1/2024,Membership 0001132 Quarter Membership,Current,199,0,0,0,0,0,0,199,0
2637567,Nimble,New Jersey,Zen Leaf Lawrence,4/1/2024,Membership 0001131 Quarter Membership,Current,199,0,0,0,0,0,0,211.44,12.44
1123235,Nimble,Illinois,Zen Leaf Lombard,4/1/2024,Membership 0001130 Quarter Membership,Current,199,0,0,0,0,0,0,211.44,12.44
2980812,Nimble,Illinois,Zen Leaf Aurora,4/1/2024,Membership 0001110 Quarter Membership,Current,199,0,0,0,0,0,0,211.44,12.44
1957381,Nimble,Illinois,Zen Leaf Pilsen,4/1/2024,Membership 0001134 Quarter Membership,Current,199,0,0,0,0,0,0,211.44,12.44
5011040,Nimble,Illinois,Zen Leaf Pilsen,4/1/2024,Membership 0001107 Quarter Membership,Current,199,0,0,0,0,0,0,211.44,12.44
3777958,Nimble,New Jersey,Zen Leaf Neptune,4/1/2024,Membership 0001133 Quarter Membership,Current,199,0,0,0,0,0,0,211.44,12.44
3088711,Nimble,New Jersey,Zen Leaf Neptune,4/1/2024,Membership 0001106 Dime Membership,Current,134,0,0,0,0,0,0,142.38,8.38
5250425,Nimble,New Jersey,Zen Leaf Neptune,4/1/2024,Membership 0001105 Quarter Membership,Current,199,0,0,0,0,0,0,211.44,12.44
2599945,Nimble,New Jersey,Zen Leaf Lawrence,4/1/2024,Membership 0001104 Quarter Membership,Current,199,0,0,0,0,0,0,211.44,12.44
5250364,Nimble,New Jersey,Zen Leaf Neptune,4/1/2024,Membership 0001103 Quarter Membership,Current,199,0,0,0,0,0,0,211.44,12.44
3179973,Nimble,New Jersey,Zen Leaf Lawrence,4/1/2024,Membership 0001138 Quarter Membership,Current,199,0,0,0,0,0,0,211.44,12.44
3922798,Nimble,Illinois,Zen Leaf St. Charles,4/1/2024,Membership 0001101 Quarter Membership,Current,199,0,0,0,0,0,0,211.44,12.44
1437519,Nimble,Illinois,Zen Leaf Pilsen,4/1/2024,Membership 0001137 Quarter Membership,Current,199,0,0,0,0,0,0,211.44,12.44
5141385,Nimble,New Jersey,Zen Leaf Neptune,4/1/2024,Membership 0001099 Quarter Membership,Current,199,0,0,0,0,0,0,211.44,12.44
1065519,Nimble,Illinois,Zen Leaf West Loop,4/1/2024,Membership 0001125 Dime Membership,Current,134,0,0,0,0,0,0,142.38,8.38
1244810,Nimble,Illinois,Zen Leaf Evanston,4/1/2024,Membership 0001113 Quarter Membership,Current,199,0,0,0,0,0,0,211.44,12.44
829268,Nimble,Illinois,Zen Leaf Highland Park,4/1/2024,Membership 0001122 Quarter Membership,Current,199,0,0,0,0,0,0,211.44,12.44
1243895,Nimble,Illinois,Zen Leaf Rogers Park,4/1/2024,Membership 0001124 Dime Membership,Current,134,0,0,0,0,0,0,142.38,8.38
2179091,Nimble,Illinois,Zen Leaf St. Charles,4/1/2024,Membership 0001121 Dime Membership,Current,134,0,0,0,0,0,0,142.38,8.38
5081743,Nimble,New Jersey,Zen Leaf Neptune,4/1/2024,Membership 0001114 Quarter Membership,Current,199,0,0,0,0,0,0,211.44,12.44
4251163,Dutchie,New Jersey,Dutchie Lawrence Rec,4/1/2024,Membership 0000846 Quarter Membership,Current,199,200,0,0,0,0,0,0,13.18375
2449623,Dutchie,New Jersey,Dutchie Lawrence Rec,4/1/2024,Membership 0000916 Dime Membership,Current,134,0,0,0,155,0,0,0,8.877500000000001
2723399,Nimble,New Jersey,Zen Leaf Lawrence,4/1/2024,Membership 0001129 Quarter Membership,Current,199,0,0,0,0,0,0,211.44,12.44
2449623,Dutchie,New Jersey,Dutchie Lawrence Rec,4/1/2024,Membership 0000916 Dime Membership,Future,134,0,0,0,155,0,0,0,8.877500000000001
2414538,Dutchie,New Jersey,Dutchie Lawrence Rec,4/1/2024,Membership 0000915 Quarter Membership,Current,199,0,0,0,200,0,0,0,13.18375
1243862,Dutchie,Illinois,Dutchie Rogers Park,4/1/2024,Membership 0000848 Quarter Membership,Future,199.2,200,0,0,0,0,0,0,0.20418
1243862,Dutchie,Illinois,Dutchie Rogers Park,4/1/2024,Membership 0000848 Quarter Membership,Current,199.2,200,0,0,0,0,0,0,0.20418
1122942,Dutchie,New Jersey,Dutchie Lawrence Rec,4/1/2024,Membership 0000930 Dime Membership,Current,134,0,0,0,135,0,0,0,8.877500000000001
524103,Nimble,Illinois,Zen Leaf St. Charles,4/1/2024,Membership 0001142 Quarter Membership,Current,199,0,0,0,0,0,0,211.44,12.44
2616693,Dutchie,New Jersey,Dutchie Neptune Rec,4/1/2024,Membership 0000855 Quarter Membership,Current,199,420,0,0,140,0,0,0,13.18375
1814526,Dutchie,New Jersey,Dutchie Neptune Rec,4/1/2024,Membership 0000979 Quarter Membership,Current,199,200,0,0,0,0,0,0,13.18375
2768141,Dutchie,New Jersey,Dutchie Elizabeth Rec,4/1/2024,Membership 0004215 Quarter Membership,Current,199,200,0,0,0,0,0,0,13.18375
750492,Dutchie,Illinois,Dutchie Naperville,4/1/2024,Membership 0001009 Quarter Membership,Future,199.2,0,0,0,240,0,0,0,0.20418
750492,Dutchie,Illinois,Dutchie Naperville,4/1/2024,Membership 0001009 Quarter Membership,Current,199.2,0,0,0,240,0,0,0,0.20418
1343047,Nimble,Illinois,Zen Leaf Rogers Park,4/1/2024,Membership 0001119 Quarter Membership,Current,199,0,0,0,0,0,0,211.44,12.44
3278290,Nimble,New Jersey,Zen Leaf Neptune,4/1/2024,Membership 0001123 Quarter Membership,Current,199,0,0,0,0,0,0,211.44,12.44
1705901,Nimble,Illinois,Zen Leaf Highland Park,4/1/2024,Membership 0001120 Quarter Membership,Current,199,0,0,0,0,0,0,211.44,12.44
492864,Dutchie,Illinois,Dutchie Saint Charles,4/1/2024,Membership 0001635 Quarter Membership,Future,199.2,0,0,0,200,0,0,0,0.20418
492864,Dutchie,Illinois,Dutchie Saint Charles,4/1/2024,Membership 0001635 Quarter Membership,Current,199.2,0,0,0,200,0,0,0,0.20418
629595,Nimble,Illinois,Zen Leaf St. Charles,4/1/2024,Membership 0001127 Dime Membership,Current,134,0,0,0,0,0,0,142.38,8.38
1816147,Dutchie,New Jersey,Dutchie Neptune Rec,4/1/2024,Membership 0000890 Quarter Membership,Current,199,200,0,0,0,0,0,0,13.18375
888798,Nimble,Illinois,Zen Leaf Highland Park,4/1/2024,Membership 0001160 Quarter Membership,Current,199,0,0,0,0,0,0,211.44,12.44
2181053,Nimble,Illinois,Zen Leaf Pilsen,4/1/2024,Membership 0001139 Quarter Membership,Current,199,0,0,0,0,0,0,211.44,12.44
4015873,Nimble,New Jersey,Zen Leaf Lawrence,4/1/2024,Membership 0001140 Quarter Membership,Current,199,0,0,0,0,0,0,199,0
2450828,Nimble,New Jersey,Zen Leaf Elizabeth,4/1/2024,Membership 0001083 Dime Membership,Current,134,0,0,0,0,0,0,142.38,8.38
2258430,Nimble,New Jersey,Zen Leaf Neptune,4/1/2024,Membership 0001081 Quarter Membership,Current,199,0,0,0,0,0,0,211.44,12.44
729829,Nimble,Illinois,Zen Leaf St. Charles,4/1/2024,Membership 0001169 Quarter Membership,Current,199,0,0,0,0,0,0,211.44,12.44
1234634,Nimble,Illinois,Zen Leaf Evanston,4/1/2024,Membership 0001080 Dime Membership,Current,134,0,0,0,0,0,0,142.38,8.38
2496375,Nimble,New Jersey,Zen Leaf Lawrence,4/1/2024,Membership 0001088 Quarter Membership,Current,199,0,0,0,0,0,0,211.44,12.44
2568175,Nimble,New Jersey,Zen Leaf Lawrence,4/1/2024,Membership 0001076 Quarter Membership,Current,199,0,0,0,0,0,0,211.44,12.44
2484550,Nimble,New Jersey,Zen Leaf Elizabeth,4/1/2024,Membership 0001153 Quarter Membership,Current,199,0,0,0,0,0,0,211.44,12.44
2009695,Nimble,Illinois,Zen Leaf St. Charles,4/1/2024,Membership 0001094 Dime Membership,Current,134,0,0,0,0,0,0,142.38,8.38
820165,Nimble,Illinois,Zen Leaf St. Charles,4/1/2024,Membership 0001075 Dime Membership,Current,134,0,0,0,0,0,0,142.38,8.38
1426557,Nimble,Illinois,Zen Leaf Pilsen,4/1/2024,Membership 0001079 Dime Membership,Current,134,0,0,0,0,0,0,142.38,8.38
3488046,Nimble,New Jersey,Zen Leaf Lawrence,4/1/2024,Membership 0001078 Quarter Membership,Current,199,0,0,0,0,0,0,211.44,12.44
2661463,Nimble,New Jersey,Zen Leaf Lawrence,4/1/2024,Membership 0001074 Quarter Membership,Current,199,0,0,0,0,0,0,211.44,12.44
3810681,Nimble,New Jersey,Zen Leaf Elizabeth,4/1/2024,Membership 0001179 Dime Membership,Current,134,0,0,0,0,0,0,142.38,8.38
1671203,Nimble,Illinois,Zen Leaf Rogers Park,4/1/2024,Membership 0001082 Quarter Membership,Current,199,0,0,0,0,0,0,211.44,12.44
3847264,Nimble,Illinois,Zen Leaf St. Charles,4/1/2024,Membership 0001070 Quarter Membership,Current,199,0,0,0,0,0,0,211.44,12.44
3307181,Nimble,New Jersey,Zen Leaf Lawrence,4/1/2024,Membership 0001073 Quarter Membership,Current,199,0,0,0,0,0,0,211.44,12.44
5118136,Nimble,Illinois,Zen Leaf St. Charles,4/1/2024,Membership 0001118 Quarter Membership,Current,199,0,0,0,0,0,0,211.44,12.44
3473989,Nimble,New Jersey,Zen Leaf Lawrence,4/1/2024,Membership 0001069 Quarter Membership,Current,199,0,0,0,0,0,0,211.44,12.44
3275171,Nimble,New Jersey,Zen Leaf Elizabeth,4/1/2024,Membership 0001068 Quarter Membership,Current,199,0,0,0,0,0,0,211.44,12.44
3477093,Nimble,New Jersey,Zen Leaf Elizabeth,4/1/2024,Membership 0001066 Quarter Membership,Current,199,0,0,0,0,0,0,211.44,12.44
2447446,Nimble,New Jersey,Zen Leaf Elizabeth,4/1/2024,Membership 0001067 Quarter Membership,Current,199,0,0,0,0,0,0,211.44,12.44
3328380,Nimble,New Jersey,Zen Leaf Neptune,4/1/2024,Membership 0001155 Quarter Membership,Current,199,0,0,0,0,0,0,211.44,12.44
5250289,Nimble,New Jersey,Zen Leaf Elizabeth,4/1/2024,Membership 0001090 Quarter Membership,Current,199,0,0,0,0,0,0,199,0
851359,Nimble,Illinois,Zen Leaf St. Charles,4/1/2024,Membership 0001111 Quarter Membership,Current,199,0,0,0,0,0,0,211.44,12.44
3157539,Dutchie,Illinois,Dutchie Lombard,4/1/2024,Membership 0003725 Quarter Membership,Current,199.2,200,0,0,0,0,0,0,0.20418
5250788,Nimble,Illinois,Zen Leaf Pilsen,4/1/2024,Membership 0001141 Quarter Membership,Current,199,0,0,0,0,0,0,211.44,12.44
822448,Dutchie,Illinois,Dutchie Highland Park,4/1/2024,Membership 0001264 Quarter Membership,Future,173.8,0,0,0,450,0,0,0,0.17814500000000003
822448,Dutchie,Illinois,Dutchie Highland Park,4/1/2024,Membership 0001264 Quarter Membership,Current,173.8,0,0,0,450,0,0,0,0.17814500000000003
2556817,Nimble,Illinois,Zen Leaf Evanston,4/1/2024,Membership 0001143 Dime Membership,Current,134,0,0,0,0,0,0,142.38,8.38
1818475,Nimble,New Jersey,Zen Leaf Neptune,4/1/2024,Membership 0001102 Quarter Membership,Current,199,0,0,0,0,0,0,211.44,12.44
2964513,Nimble,Illinois,Zen Leaf Evanston,4/1/2024,Membership 0001150 Quarter Membership,Current,199,0,0,0,0,0,0,211.44,12.44
1245161,Nimble,Illinois,Zen Leaf Evanston,4/1/2024,Membership 0001100 Dime Membership,Current,134,0,0,0,0,0,0,142.38,8.38
1712470,Nimble,Illinois,Zen Leaf Naperville,4/1/2024,Membership 0001147 Quarter Membership,Current,199,0,0,0,0,0,0,211.44,12.44
4344128,Nimble,Illinois,Zen Leaf Prospect Heights,4/1/2024,Membership 0001095 Quarter Membership,Current,199,0,0,0,0,0,0,211.44,12.44
935904,Nimble,Illinois,Zen Leaf Naperville,4/1/2024,Membership 0001146 Quarter Membership,Current,199,0,0,0,0,0,0,211.44,12.44
2152745,Nimble,Illinois,Zen Leaf Pilsen,4/1/2024,Membership 0001154 Quarter Membership,Current,199,0,0,0,0,0,0,211.44,12.44
561826,Nimble,Illinois,Zen Leaf St. Charles,4/1/2024,Membership 0001148 Quarter Membership,Current,199,0,0,0,0,0,0,211.44,12.44
1917217,Nimble,Illinois,Zen Leaf West Loop,4/1/2024,Membership 0001097 Quarter Membership,Current,199,0,0,0,0,0,0,211.44,12.44
687721,Nimble,Illinois,Zen Leaf St. Charles,4/1/2024,Membership 0001091 Quarter Membership,Current,199,0,0,0,0,0,0,211.44,12.44
1819973,Nimble,Illinois,Zen Leaf Pilsen,4/1/2024,Membership 0001093 Quarter Membership,Current,199,0,0,0,0,0,0,211.44,12.44
3655551,Nimble,Illinois,Zen Leaf Highland Park,4/1/2024,Membership 0001092 Quarter Membership,Current,199,0,0,0,0,0,0,211.44,12.44
1827173,Nimble,Illinois,Zen Leaf Highland Park,4/1/2024,Membership 0001089 Quarter Membership,Current,199,0,0,0,0,0,0,211.44,12.44
1733296,Nimble,Illinois,Zen Leaf Rogers Park,4/1/2024,Membership 0001086 Quarter Membership,Current,199,0,0,0,0,0,0,211.44,12.44
5250293,Nimble,Illinois,Zen Leaf Aurora,4/1/2024,Membership 0001085 Dime Membership,Current,134,0,0,0,0,0,0,142.38,8.38
3312964,Nimble,New Jersey,Zen Leaf Elizabeth,4/1/2024,Membership 0001087 Quarter Membership,Current,199,0,0,0,0,0,0,199,0
2745411,Nimble,New Jersey,Zen Leaf Lawrence,4/1/2024,Membership 0001084 Quarter Membership,Current,199,0,0,0,0,0,0,211.44,12.44
534079,Dutchie,Illinois,Dutchie Saint Charles,4/1/2024,Membership 0001019 Quarter Membership,Current,199.2,0,0,0,200,0,0,0,0.20418
978058,Nimble,Illinois,Zen Leaf Rogers Park,4/1/2024,Membership 0001098 Quarter Membership,Current,199,0,0,0,0,0,0,211.44,12.44
1365262,Nimble,Illinois,Zen Leaf Aurora,4/1/2024,Membership 0001071 Quarter Membership,Current,199,0,0,0,0,0,0,211.44,12.44
1074495,Nimble,Illinois,Zen Leaf Rogers Park,4/1/2024,Membership 0000966 Quarter Membership,Current,199,0,0,0,0,0,0,211.44,12.44
494042,Nimble,Illinois,Zen Leaf St. Charles,4/1/2024,Membership 0000977 Quarter Membership,Current,199,0,0,0,0,0,0,211.44,12.44
4373878,Nimble,New Jersey,Zen Leaf Elizabeth,4/1/2024,Membership 0001151 Quarter Membership,Current,199,0,0,0,0,0,0,211.44,12.44
1790643,Dutchie,Illinois,Dutchie Naperville,4/1/2024,Membership 0001158 Quarter Membership,Current,199.2,0,0,0,250,0,0,0,0.20418
5248692,Nimble,Illinois,Zen Leaf Lombard,4/1/2024,Membership 0000882 Dime Membership,Current,134,0,0,0,0,0,0,142.38,8.38
3438304,Nimble,Illinois,Zen Leaf Evanston,4/1/2024,Membership 0000888 Dime Membership,Current,134,0,0,0,0,0,0,142.38,8.38
2162106,Nimble,Illinois,Zen Leaf Aurora,4/1/2024,Membership 0000889 Quarter Membership,Current,199,0,0,0,0,0,0,211.44,12.44
1709775,Nimble,Illinois,Zen Leaf Lombard,4/1/2024,Membership 0000878 Quarter Membership,Current,199,0,0,0,0,0,0,211.44,12.44
4481326,Nimble,Illinois,Zen Leaf Highland Park,4/1/2024,Membership 0000880 Dime Membership,Current,134,0,0,0,0,0,0,142.38,8.38
1107470,Nimble,Illinois,Zen Leaf Aurora,4/1/2024,Membership 0000981 Quarter Membership,Current,199,0,0,0,0,0,0,211.44,12.44
5126489,Nimble,Illinois,Zen Leaf Pilsen,4/1/2024,Membership 0000879 Quarter Membership,Current,199,0,0,0,0,0,0,211.44,12.44
597836,Nimble,New Jersey,Zen Leaf Lawrence,4/1/2024,Membership 0000877 Quarter Membership,Current,199,0,0,0,0,0,0,211.44,12.44
669105,Nimble,Illinois,Zen Leaf St. Charles,4/1/2024,Membership 0000876 Dime Membership,Current,134,0,0,0,0,0,0,142.38,8.38
4635440,Nimble,New Jersey,Zen Leaf Elizabeth,4/1/2024,Membership 0000885 Quarter Membership,Current,199,0,0,0,0,0,0,211.44,12.44
1072860,Nimble,Illinois,Zen Leaf West Loop,4/1/2024,Membership 0000872 Quarter Membership,Current,199,0,0,0,0,0,0,211.44,12.44
4158180,Nimble,New Jersey,Zen Leaf Elizabeth,4/1/2024,Membership 0000875 Quarter Membership,Current,199,0,0,0,0,0,0,211.44,12.44
886011,Nimble,Illinois,Zen Leaf Lombard,4/1/2024,Membership 0000871 Quarter Membership,Current,199,0,0,0,0,0,0,211.44,12.44
559088,Nimble,Illinois,Zen Leaf St. Charles,4/1/2024,Membership 0000874 Quarter Membership,Current,199,0,0,0,0,0,0,211.44,12.44
721129,Nimble,Illinois,Zen Leaf St. Charles,4/1/2024,Membership 0000873 Quarter Membership,Current,199,0,0,0,0,0,0,211.44,12.44
5248522,Nimble,Illinois,Zen Leaf Pilsen,4/1/2024,Membership 0000866 Quarter Membership,Current,199,0,0,0,0,0,0,211.44,12.44
820651,Nimble,Illinois,Zen Leaf Highland Park,4/1/2024,Membership 0000864 Quarter Membership,Current,199,0,0,0,0,0,0,211.44,12.44
3872993,Nimble,New Jersey,Zen Leaf Neptune,4/1/2024,Membership 0000886 Quarter Membership,Current,199,0,0,0,0,0,0,211.44,12.44
673353,Nimble,Illinois,Zen Leaf St. Charles,4/1/2024,Membership 0000910 Quarter Membership,Current,199,0,0,0,0,0,0,211.44,12.44
756055,Nimble,Illinois,Zen Leaf St. Charles,4/1/2024,Membership 0001207 Quarter Membership,Current,199,0,0,0,0,0,0,211.44,12.44
3225893,Nimble,New Jersey,Zen Leaf Neptune,4/1/2024,Membership 0001205 Quarter Membership,Current,199,0,0,0,0,0,0,211.44,12.44
878469,Nimble,Illinois,Zen Leaf St. Charles,4/1/2024,Membership 0001191 Quarter Membership,Current,199,0,0,0,0,0,0,211.44,12.44
1046409,Nimble,Illinois,Zen Leaf Highland Park,4/1/2024,Membership 0001180 Quarter Membership,Current,199,0,0,0,0,0,0,211.44,12.44
2952719,Nimble,New Jersey,Zen Leaf Neptune,4/1/2024,Membership 0001181 Quarter Membership,Current,199,0,0,0,0,0,0,211.44,12.44
1041050,Nimble,Illinois,Zen Leaf Highland Park,4/1/2024,Membership 0001183 Quarter Membership,Current,199,0,0,0,0,0,0,211.44,12.44
817194,Nimble,Illinois,Zen Leaf Highland Park,4/1/2024,Membership 0001184 Quarter Membership,Current,199,0,0,0,0,0,0,211.44,12.44
5251063,Nimble,Illinois,Zen Leaf Highland Park,4/1/2024,Membership 0001186 Quarter Membership,Current,199,0,0,0,0,0,0,199,0
887085,Nimble,Illinois,Zen Leaf Prospect Heights,4/1/2024,Membership 0001187 Dime Membership,Current,134,0,0,0,0,0,0,142.38,8.38
3584591,Nimble,New Jersey,Zen Leaf Neptune,4/1/2024,Membership 0001189 Quarter Membership,Current,199,0,0,0,0,0,0,211.44,12.44
997878,Nimble,Illinois,Zen Leaf Rogers Park,4/1/2024,Membership 0001188 Dime Membership,Current,134,0,0,0,0,0,0,142.38,8.38
3146763,Nimble,Illinois,Zen Leaf Evanston,4/1/2024,Membership 0000865 Dime Membership,Current,134,0,0,0,0,0,0,142.38,8.38
1524486,Nimble,Illinois,Zen Leaf St. Charles,4/1/2024,Membership 0001192 Quarter Membership,Current,199,0,0,0,0,0,0,211.44,12.44
1818084,Nimble,New Jersey,Zen Leaf Neptune,4/1/2024,Membership 0001199 Quarter Membership,Current,199,0,0,0,0,0,0,211.44,12.44
674196,Nimble,Illinois,Zen Leaf St. Charles,4/1/2024,Membership 0001195 Quarter Membership,Current,199,0,0,0,0,0,0,211.44,12.44
1816493,Nimble,New Jersey,Zen Leaf Neptune,4/1/2024,Membership 0000965 Dime Membership,Current,134,0,0,0,0,0,0,142.38,8.38
3007101,Nimble,New Jersey,Zen Leaf Neptune,4/1/2024,Membership 0001197 Quarter Membership,Current,199,0,0,0,0,0,0,211.44,12.44
681261,Nimble,Illinois,Zen Leaf St. Charles,4/1/2024,Membership 0001200 Quarter Membership,Current,199,0,0,0,0,0,0,211.44,12.44
3331372,Nimble,New Jersey,Zen Leaf Lawrence,4/1/2024,Membership 0001201 Quarter Membership,Current,199,0,0,0,0,0,0,199,0
5251143,Nimble,New Jersey,Zen Leaf Lawrence,4/1/2024,Membership 0001202 Quarter Membership,Current,199,0,0,0,0,0,0,199,0
2024191,Nimble,Illinois,Zen Leaf Naperville,4/1/2024,Membership 0001204 Quarter Membership,Current,199,0,0,0,0,0,0,211.44,12.44
1968807,Nimble,Illinois,Zen Leaf Pilsen,4/1/2024,Membership 0001206 Quarter Membership,Current,199,0,0,0,0,0,0,211.44,12.44
3557197,Nimble,Illinois,Zen Leaf Aurora,4/1/2024,Membership 0001193 Quarter Membership,Current,199,0,0,0,0,0,0,211.44,12.44
5251044,Nimble,New Jersey,Zen Leaf Neptune,4/1/2024,Membership 0001185 Quarter Membership,Current,199,0,0,0,0,0,0,211.44,12.44
521105,Nimble,Illinois,Zen Leaf Naperville,4/1/2024,Membership 0000868 Dime Membership,Current,134,0,0,0,0,0,0,142.38,8.38
994407,Nimble,Illinois,Zen Leaf Rogers Park,4/1/2024,Membership 0000861 Quarter Membership,Current,199,0,0,0,0,0,0,211.44,12.44
1427798,Nimble,Illinois,Zen Leaf Rogers Park,4/1/2024,Membership 0000852 Dime Membership,Current,134,0,0,0,0,0,0,142.38,8.38
1875135,Nimble,Illinois,Zen Leaf Rogers Park,4/1/2024,Membership 0000843 Dime Membership,Current,134,0,0,0,0,0,0,142.38,8.38
3049016,Nimble,New Jersey,Zen Leaf Neptune,4/1/2024,Membership 0000892 Quarter Membership,Current,199,0,0,0,0,0,0,199,0
839132,Nimble,Illinois,Zen Leaf Aurora,4/1/2024,Membership 0000858 Quarter Membership,Current,199,0,0,0,0,0,0,211.44,12.44
2616693,Nimble,New Jersey,Zen Leaf Neptune,4/1/2024,Membership 0000855 Quarter Membership,Current,199,0,0,0,0,0,0,211.44,12.44
1846339,Nimble,Illinois,Zen Leaf St. Charles,4/1/2024,Membership 0000887 Quarter Membership,Current,199,0,0,0,0,0,0,211.44,12.44
5248399,Nimble,Illinois,Zen Leaf St. Charles,4/1/2024,Membership 0000850 Dime Membership,Current,134,0,0,0,0,0,0,134,0
494388,Nimble,Illinois,Zen Leaf St. Charles,4/1/2024,Membership 0000851 Quarter Membership,Current,199,0,0,0,0,0,0,211.44,12.44
809204,Nimble,Illinois,Zen Leaf Naperville,4/1/2024,Membership 0000859 Quarter Membership,Current,199,0,0,0,0,0,0,211.44,12.44
2597699,Nimble,New Jersey,Zen Leaf Neptune,4/1/2024,Membership 0000990 Dime Membership,Current,134,0,0,0,0,0,0,142.38,8.38
780938,Nimble,Illinois,Zen Leaf St. Charles,4/1/2024,Membership 0000869 Quarter Membership,Current,199,0,0,0,0,0,0,211.44,12.44
3230171,Nimble,New Jersey,Zen Leaf Neptune,4/1/2024,Membership 0000881 Quarter Membership,Current,199,0,0,0,0,0,0,211.44,12.44
5248890,Nimble,Illinois,Zen Leaf St. Charles,4/1/2024,Membership 0000904 Quarter Membership,Current,199,0,0,0,0,0,0,211.44,12.44
3258723,Nimble,Illinois,Zen Leaf Highland Park,4/1/2024,Membership 0001039 Quarter Membership,Current,199,0,0,0,0,0,0,211.44,12.44
3138957,Nimble,Illinois,Zen Leaf Pilsen,4/1/2024,Membership 0000906 Quarter Membership,Current,199,0,0,0,0,0,0,211.44,12.44
2454140,Nimble,New Jersey,Zen Leaf Neptune,4/1/2024,Membership 0000849 Quarter Membership,Current,199,0,0,0,0,0,0,211.44,12.44
5251047,Nimble,New Jersey,Zen Leaf Lawrence,4/1/2024,Membership 0001182 Quarter Membership,Current,199,0,0,0,0,0,0,211.44,12.44
2366824,Nimble,New Jersey,Zen Leaf Neptune,4/1/2024,Membership 0000867 Quarter Membership,Current,199,0,0,0,0,0,0,211.44,12.44
493015,Nimble,Illinois,Zen Leaf St. Charles,4/1/2024,Membership 0000863 Quarter Membership,Current,199,0,0,0,0,0,0,211.44,12.44
2658718,Nimble,New Jersey,Zen Leaf Lawrence,4/1/2024,Membership 0000842 Dime Membership,Current,134,0,0,0,0,0,0,142.38,8.38
970615,Nimble,Illinois,Zen Leaf Rogers Park,4/1/2024,Membership 0000840 Quarter Membership,Current,199,0,0,0,0,0,0,211.44,12.44
762634,Nimble,Illinois,Zen Leaf St. Charles,4/1/2024,Membership 0000838 Dime Membership,Current,134,0,0,0,0,0,0,142.38,8.38
2859368,Nimble,New Jersey,Zen Leaf Lawrence,4/1/2024,Membership 0000841 Quarter Membership,Current,199,0,0,0,0,0,0,211.44,12.44
1435449,Nimble,Illinois,Zen Leaf Pilsen,4/1/2024,Membership 0001096 Quarter Membership,Current,199,0,0,0,0,0,0,211.44,12.44
2649123,Nimble,New Jersey,Zen Leaf Neptune,4/1/2024,Membership 0000854 Quarter Membership,Current,199,0,0,0,0,0,0,211.44,12.44
2976809,Nimble,New Jersey,Zen Leaf Neptune,4/1/2024,Membership 0000826 Quarter Membership,Current,199,0,0,0,0,0,0,211.44,12.44
5248065,Nimble,New Jersey,Zen Leaf Lawrence,4/1/2024,Membership 0000827 Quarter Membership,Current,199,0,0,0,0,0,0,200.99,1.99
1132038,Dutchie,Illinois,Dutchie Evanston,4/1/2024,Membership 0002062 Dime Membership,Current,134.1,0,0,0,330,0,0,0,0.1374525
4357922,Nimble,Illinois,Zen Leaf Highland Park,4/1/2024,Membership 0000828 Quarter Membership,Current,199,0,0,0,0,0,0,211.44,12.44
4369437,Nimble,New Jersey,Zen Leaf Neptune,4/1/2024,Membership 0000831 Quarter Membership,Current,199,0,0,0,0,0,0,211.44,12.44
1617609,Nimble,Illinois,Zen Leaf Pilsen,4/1/2024,Membership 0000862 Quarter Membership,Current,199,0,0,0,0,0,0,211.44,12.44
2519172,Nimble,New Jersey,Zen Leaf Elizabeth,4/1/2024,Membership 0000829 Quarter Membership,Current,199,0,0,0,0,0,0,199,0
828511,Nimble,Illinois,Zen Leaf Prospect Heights,4/1/2024,Membership 0001117 Quarter Membership,Current,199,0,0,0,0,0,0,211.44,12.44
3328931,Nimble,New Jersey,Zen Leaf Lawrence,4/1/2024,Membership 0000830 Quarter Membership,Current,199,0,0,0,0,0,0,211.44,12.44
1796896,Nimble,Illinois,Zen Leaf Naperville,4/1/2024,Membership 0000853 Quarter Membership,Current,199,0,0,0,0,0,0,211.44,12.44
5248078,Nimble,Illinois,Zen Leaf St. Charles,4/1/2024,Membership 0000833 Dime Membership,Current,134,0,0,0,0,0,0,142.38,8.38
3690410,Nimble,Illinois,Zen Leaf Highland Park,4/1/2024,Membership 0000834 Quarter Membership,Current,199,0,0,0,0,0,0,211.44,12.44
3464973,Nimble,New Jersey,Zen Leaf Neptune,4/1/2024,Membership 0000870 Quarter Membership,Current,199,0,0,0,0,0,0,211.44,12.44
4000641,Nimble,Illinois,Zen Leaf St. Charles,4/1/2024,Membership 0000835 Quarter Membership,Current,199,0,0,0,0,0,0,211.44,12.44
1132063,Nimble,Illinois,Zen Leaf Rogers Park,4/1/2024,Membership 0000837 Quarter Membership,Current,199,0,0,0,0,0,0,211.44,12.44
1648496,Nimble,Illinois,Zen Leaf Rogers Park,4/1/2024,Membership 0000836 Quarter Membership,Current,199,0,0,0,0,0,0,211.44,12.44
1283786,Nimble,Illinois,Zen Leaf Evanston,4/1/2024,Membership 0000839 Quarter Membership,Current,199,0,0,0,0,0,0,211.44,12.44
2433674,Nimble,Illinois,Zen Leaf Prospect Heights,4/1/2024,Membership 0000856 Quarter Membership,Current,199,0,0,0,0,0,0,211.44,12.44
2939317,Nimble,New Jersey,Zen Leaf Neptune,4/1/2024,Membership 0000832 Quarter Membership,Current,199,0,0,0,0,0,0,211.44,12.44
3178091,Nimble,New Jersey,Zen Leaf Lawrence,4/1/2024,Membership 0001177 Quarter Membership,Current,199,0,0,0,0,0,0,211.44,12.44
1053561,Nimble,Illinois,Zen Leaf St. Charles,4/1/2024,Membership 0001203 Quarter Membership,Current,199,0,0,0,0,0,0,211.44,12.44
1714015,Nimble,Illinois,Zen Leaf Evanston,4/1/2024,Membership 0001173 Quarter Membership,Current,199,0,0,0,0,0,0,211.44,12.44
2253847,Nimble,New Jersey,Zen Leaf Neptune,4/1/2024,Membership 0000939 Quarter Membership,Current,199,0,0,0,0,0,0,211.44,12.44
546677,Nimble,Illinois,Zen Leaf St. Charles,4/1/2024,Membership 0000944 Quarter Membership,Current,199,0,0,0,0,0,0,211.44,12.44
2615010,Nimble,New Jersey,Zen Leaf Lawrence,4/1/2024,Membership 0000938 Quarter Membership,Current,199,0,0,0,0,0,0,211.44,12.44
880072,Nimble,Illinois,Zen Leaf Highland Park,4/1/2024,Membership 0000937 Quarter Membership,Current,199,0,0,0,0,0,0,211.44,12.44
693021,Nimble,Illinois,Zen Leaf St. Charles,4/1/2024,Membership 0000936 Quarter Membership,Current,199,0,0,0,0,0,0,211.44,12.44
1004267,Nimble,Illinois,Zen Leaf Evanston,4/1/2024,Membership 0000935 Quarter Membership,Current,199,0,0,0,0,0,0,211.44,12.44
2186079,Nimble,Illinois,Zen Leaf St. Charles,4/1/2024,Membership 0000933 Quarter Membership,Current,199,0,0,0,0,0,0,211.44,12.44
3215999,Nimble,New Jersey,Zen Leaf Neptune,4/1/2024,Membership 0000934 Quarter Membership,Current,199,0,0,0,0,0,0,211.44,12.44
3209961,Nimble,Illinois,Zen Leaf Evanston,4/1/2024,Membership 0001167 Dime Membership,Current,134,0,0,0,0,0,0,142.38,8.38
731320,Dutchie,Illinois,Dutchie Saint Charles,4/1/2024,Membership 0000920 Dime Membership,Future,134.1,0,0,0,220,0,0,0,0.1374525
731320,Dutchie,Illinois,Dutchie Saint Charles,4/1/2024,Membership 0000920 Dime Membership,Current,134.1,0,0,0,220,0,0,0,0.1374525
5249081,Nimble,New Jersey,Zen Leaf Lawrence,4/1/2024,Membership 0000940 Dime Membership,Current,134,0,0,0,0,0,0,142.38,8.38
820502,Nimble,Illinois,Zen Leaf Highland Park,4/1/2024,Membership 0001172 Quarter Membership,Current,199,0,0,0,0,0,0,211.44,12.44
2982572,Nimble,New Jersey,Zen Leaf Elizabeth,4/1/2024,Membership 0000929 Quarter Membership,Current,199,0,0,0,0,0,0,211.44,12.44
507674,Nimble,Illinois,Zen Leaf Aurora,4/1/2024,Membership 0000925 Quarter Membership,Current,199,0,0,0,0,0,0,211.44,12.44
2595491,Nimble,New Jersey,Zen Leaf Neptune,4/1/2024,Membership 0000928 Quarter Membership,Current,199,0,0,0,0,0,0,211.44,12.44
1744149,Nimble,Illinois,Zen Leaf Evanston,4/1/2024,Membership 0000927 Quarter Membership,Current,199,0,0,0,0,0,0,211.44,12.44
2468838,Nimble,New Jersey,Zen Leaf Elizabeth,4/1/2024,Membership 0000923 Quarter Membership,Current,199,0,0,0,0,0,0,211.44,12.44
4211986,Nimble,New Jersey,Zen Leaf Lawrence,4/1/2024,Membership 0000926 Quarter Membership,Current,199,0,0,0,0,0,0,211.44,12.44
1125456,Nimble,New Jersey,Zen Leaf Lawrence,4/1/2024,Membership 0001174 Quarter Membership,Current,199,0,0,0,0,0,0,211.44,12.44
1435664,Nimble,Illinois,Zen Leaf Pilsen,4/1/2024,Membership 0000921 Dime Membership,Current,134,0,0,0,0,0,0,142.38,8.38
1373032,Nimble,New Jersey,Zen Leaf Lawrence,4/1/2024,Membership 0000922 Quarter Membership,Current,199,0,0,0,0,0,0,211.44,12.44
719672,Nimble,Illinois,Zen Leaf St. Charles,4/1/2024,Membership 0000919 Quarter Membership,Current,199,0,0,0,0,0,0,211.44,12.44
5042836,Nimble,Illinois,Zen Leaf Rogers Park,4/1/2024,Membership 0000917 Quarter Membership,Current,199,0,0,0,0,0,0,211.44,12.44
747839,Nimble,Illinois,Zen Leaf St. Charles,4/1/2024,Membership 0000931 Quarter Membership,Current,199,0,0,0,0,0,0,211.44,12.44
785232,Dutchie,Illinois,Dutchie Naperville,4/1/2024,Membership 0000844 Quarter Membership,Current,199.2,200,0,0,0,0,0,0,0.20418
5249153,Nimble,New Jersey,Zen Leaf Neptune,4/1/2024,Membership 0000942 Quarter Membership,Current,199,0,0,0,0,0,0,211.44,12.44
3206573,Nimble,Illinois,Zen Leaf Evanston,4/1/2024,Membership 0000946 Quarter Membership,Current,199,0,0,0,0,0,0,211.44,12.44
4560601,Nimble,Illinois,Zen Leaf Evanston,4/1/2024,Membership 0000986 Quarter Membership,Current,199,0,0,0,0,0,0,211.44,12.44
5249355,Nimble,Illinois,Zen Leaf Highland Park,4/1/2024,Membership 0000962 Quarter Membership,Current,199,0,0,0,0,0,0,211.44,12.44
2871884,Nimble,Illinois,Zen Leaf Rogers Park,4/1/2024,Membership 0000963 Quarter Membership,Current,199,0,0,0,0,0,0,211.44,12.44
1238721,Nimble,Illinois,Zen Leaf Evanston,4/1/2024,Membership 0000959 Quarter Membership,Current,199,0,0,0,0,0,0,211.44,12.44
5249362,Nimble,Illinois,Zen Leaf Rogers Park,4/1/2024,Membership 0000964 Quarter Membership,Current,199,0,0,0,0,0,0,211.44,12.44
3710760,Nimble,Illinois,Zen Leaf St. Charles,4/1/2024,Membership 0001149 Quarter Membership,Current,199,0,0,0,0,0,0,211.44,12.44
5249296,Nimble,New Jersey,Zen Leaf Lawrence,4/1/2024,Membership 0000957 Quarter Membership,Current,199,0,0,0,0,0,0,211.44,12.44
1828704,Nimble,Illinois,Zen Leaf Rogers Park,4/1/2024,Membership 0000971 Dime Membership,Current,134,0,0,0,0,0,0,142.38,8.38
856318,Nimble,Illinois,Zen Leaf St. Charles,4/1/2024,Membership 0000961 Quarter Membership,Current,199,0,0,0,0,0,0,211.44,12.44
2562388,Nimble,New Jersey,Zen Leaf Elizabeth,4/1/2024,Membership 0000955 Quarter Membership,Current,199,0,0,0,0,0,0,211.44,12.44
1131710,Nimble,Illinois,Zen Leaf Rogers Park,4/1/2024,Membership 0000956 Quarter Membership,Current,199,0,0,0,0,0,0,211.44,12.44
4640801,Nimble,New Jersey,Zen Leaf Neptune,4/1/2024,Membership 0000960 Dime Membership,Current,134,0,0,0,0,0,0,142.38,8.38
5249588,Nimble,Illinois,Zen Leaf Naperville,4/1/2024,Membership 0001002 Quarter Membership,Current,199,0,0,0,0,0,0,211.44,12.44
4758429,Nimble,New Jersey,Zen Leaf Elizabeth,4/1/2024,Membership 0000954 Dime Membership,Current,134,0,0,0,0,0,0,142.38,8.38
1366080,Nimble,Illinois,Zen Leaf Aurora,4/1/2024,Membership 0000994 Quarter Membership,Current,199,0,0,0,0,0,0,211.44,12.44
1963557,Nimble,Illinois,Zen Leaf West Loop,4/1/2024,Membership 0000953 Dime Membership,Current,134,0,0,0,0,0,0,142.38,8.38
1617000,Nimble,Illinois,Zen Leaf Pilsen,4/1/2024,Membership 0000952 Quarter Membership,Current,199,0,0,0,0,0,0,211.44,12.44
2619780,Nimble,New Jersey,Zen Leaf Lawrence,4/1/2024,Membership 0000974 Quarter Membership,Current,199,0,0,0,0,0,0,211.44,12.44
779180,Nimble,Illinois,Zen Leaf Naperville,4/1/2024,Membership 0001166 Quarter Membership,Current,199,0,0,0,0,0,0,211.44,12.44
1430366,Nimble,Illinois,Zen Leaf Pilsen,4/1/2024,Membership 0000948 Quarter Membership,Current,199,0,0,0,0,0,0,211.44,12.44
5250957,Nimble,New Jersey,Zen Leaf Neptune,4/1/2024,Membership 0001170 Quarter Membership,Current,199,0,0,0,0,0,0,211.44,12.44
1329015,Nimble,New Jersey,Zen Leaf Lawrence,4/1/2024,Membership 0000943 Quarter Membership,Current,199,0,0,0,0,0,0,211.44,12.44
1079103,Nimble,Illinois,Zen Leaf Prospect Heights,4/1/2024,Membership 0000947 Dime Membership,Current,134,0,0,0,0,0,0,142.38,8.38
5249150,Nimble,Illinois,Zen Leaf Evanston,4/1/2024,Membership 0000941 Quarter Membership,Current,199,0,0,0,0,0,0,211.44,12.44
2307932,Nimble,New Jersey,Zen Leaf Elizabeth,4/1/2024,Membership 0000949 Quarter Membership,Current,199,0,0,0,0,0,0,211.44,12.44
1764846,Nimble,Illinois,Zen Leaf Pilsen,4/1/2024,Membership 0000918 Quarter Membership,Current,199,0,0,0,0,0,0,211.44,12.44
2957131,Nimble,Illinois,Zen Leaf Highland Park,4/1/2024,Membership 0001190 Dime Membership,Current,134,0,0,0,0,0,0,142.38,8.38
3266185,Nimble,New Jersey,Zen Leaf Neptune,4/1/2024,Membership 0000924 Quarter Membership,Current,199,0,0,0,0,0,0,211.44,12.44
548421,Nimble,Illinois,Zen Leaf St. Charles,4/1/2024,Membership 0000914 Quarter Membership,Current,199,0,0,0,0,0,0,211.44,12.44
5249016,Nimble,New Jersey,Zen Leaf Lawrence,4/1/2024,Membership 0000932 Quarter Membership,Current,199,0,0,0,0,0,0,211.44,12.44
604887,Nimble,Illinois,Zen Leaf Evanston,4/1/2024,Membership 0000901 Quarter Membership,Current,199,0,0,0,0,0,0,211.44,12.44
1851704,Nimble,New Jersey,Zen Leaf Lawrence,4/1/2024,Membership 0000951 Quarter Membership,Current,199,0,0,0,0,0,0,211.44,12.44
2360096,Nimble,Illinois,Zen Leaf St. Charles,4/1/2024,Membership 0000899 Quarter Membership,Current,199,0,0,0,0,0,0,211.44,12.44
493805,Nimble,Illinois,Zen Leaf St. Charles,4/1/2024,Membership 0000900 Quarter Membership,Current,199,0,0,0,0,0,0,211.44,12.44
3820175,Nimble,Illinois,Zen Leaf St. Charles,4/1/2024,Membership 0000897 Quarter Membership,Current,199,0,0,0,0,0,0,211.44,12.44
1898879,Nimble,Illinois,Zen Leaf Rogers Park,4/1/2024,Membership 0000898 Quarter Membership,Current,199,0,0,0,0,0,0,211.44,12.44
518385,Nimble,Illinois,Zen Leaf St. Charles,4/1/2024,Membership 0000893 Dime Membership,Current,134,0,0,0,0,0,0,142.38,8.38
493250,Nimble,Illinois,Zen Leaf St. Charles,4/1/2024,Membership 0000894 Quarter Membership,Current,199,0,0,0,0,0,0,211.44,12.44
4113143,Nimble,New Jersey,Zen Leaf Lawrence,4/1/2024,Membership 0000902 Quarter Membership,Current,199,0,0,0,0,0,0,211.44,12.44
1733325,Nimble,Illinois,Zen Leaf St. Charles,4/1/2024,Membership 0000896 Quarter Membership,Current,199,0,0,0,0,0,0,211.44,12.44
1290040,Nimble,Illinois,Zen Leaf Evanston,4/1/2024,Membership 0000895 Quarter Membership,Current,199,0,0,0,0,0,0,211.44,12.44
2431811,Nimble,New Jersey,Zen Leaf Lawrence,4/1/2024,Membership 0000891 Quarter Membership,Current,199,0,0,0,0,0,0,211.44,12.44
2890769,Dutchie,Illinois,Dutchie Rogers Park,4/1/2024,Membership 0001060 Dime Membership,Current,149,0,0,0,150,0,0,0,0.152725
1817129,Nimble,New Jersey,Zen Leaf Neptune,4/1/2024,Membership 0001168 Quarter Membership,Current,199,0,0,0,0,0,0,211.44,12.44
4554648,Nimble,New Jersey,Zen Leaf Elizabeth,4/1/2024,Membership 0001171 Quarter Membership,Current,199,0,0,0,0,0,0,211.44,12.44
4651969,Dutchie,Illinois,Dutchie Naperville,4/1/2024,Membership 0001341 Quarter Membership,Current,181.32,0,342.75,0,0,0,0,0,0.18585300000000002
5248458,Nimble,Illinois,Zen Leaf Pilsen,4/1/2024,Membership 0000860 Dime Membership,Current,134,0,0,0,0,0,0,142.38,8.38
2812818,Nimble,New Jersey,Zen Leaf Neptune,4/1/2024,Membership 0001175 Quarter Membership,Current,199,0,0,0,0,0,0,211.44,12.44
2236831,Nimble,Illinois,Zen Leaf Highland Park,4/1/2024,Membership 0001178 Quarter Membership,Current,199,0,0,0,0,0,0,211.44,12.44
1237341,Nimble,Illinois,Zen Leaf Rogers Park,4/1/2024,Membership 0000945 Quarter Membership,Current,199,0,0,0,0,0,0,211.44,12.44
2561809,Nimble,New Jersey,Zen Leaf Lawrence,4/1/2024,Membership 0000903 Quarter Membership,Current,199,0,0,0,0,0,0,211.44,12.44
2664190,Nimble,New Jersey,Zen Leaf Neptune,4/1/2024,Membership 0001033 Quarter Membership,Current,199,0,0,0,0,0,0,211.44,12.44
978226,Nimble,Illinois,Zen Leaf Rogers Park,4/1/2024,Membership 0001115 Dime Membership,Current,134,0,0,0,0,0,0,142.38,8.38
697779,Dutchie,Illinois,Dutchie Greektown,4/1/2024,Membership 0000883 Quarter Membership,Current,249,309.25,0,0,0,0,0,0,0.25522500000000004
5207057,Nimble,New Jersey,Zen Leaf Elizabeth,4/1/2024,Membership 0000909 Quarter Membership,Current,199,0,0,0,0,0,0,199,0
2800390,Nimble,New Jersey,Zen Leaf Elizabeth,4/1/2024,Membership 0001026 Quarter Membership,Current,199,0,0,0,0,0,0,211.44,12.44
3962632,Nimble,New Jersey,Zen Leaf Neptune,4/1/2024,Membership 0000905 Dime Membership,Current,134,0,0,0,0,0,0,142.38,8.38
3510252,Nimble,New Jersey,Zen Leaf Lawrence,4/1/2024,Membership 0000958 Quarter Membership,Current,199,0,0,0,0,0,0,211.44,12.44
822798,Dutchie,Illinois,Dutchie Highland Park,4/1/2024,Membership 0001145 Quarter Membership,Current,199.2,0,199,0,0,0,0,0,0.20418
795857,Nimble,Illinois,Zen Leaf St. Charles,4/1/2024,Membership 0000907 Quarter Membership,Current,199,0,0,0,0,0,0,211.44,12.44
546837,Nimble,Illinois,Zen Leaf St. Charles,4/1/2024,Membership 0000912 Quarter Membership,Cancelled,0,0,0,0,0,0,0,0,0
3644952,Nimble,Illinois,Zen Leaf Pilsen,4/1/2024,Membership 0000911 Quarter Membership,Current,199,0,0,0,0,0,0,211.44,12.44
2492720,Nimble,New Jersey,Zen Leaf Neptune,4/1/2024,Membership 0000913 Quarter Membership,Current,199,0,0,0,0,0,0,211.44,12.44
493448,Nimble,Illinois,Zen Leaf St. Charles,4/1/2024,Membership 0000908 Quarter Membership,Current,199,0,0,0,0,0,0,211.44,12.44
2649217,Dutchie,New Jersey,Dutchie Elizabeth Rec,4/2/2024,Membership 0001251 Quarter Membership,Current,199,0,0,0,200,0,0,0,13.18375
5251488,Nimble,New Jersey,Zen Leaf Elizabeth,4/2/2024,Membership 0001248 Quarter Membership,Current,199,0,0,0,0,0,0,211.44,12.44
551309,Nimble,Illinois,Zen Leaf Aurora,4/2/2024,Membership 0001213 Quarter Membership,Current,199,0,0,0,0,0,0,211.44,12.44
3511433,Nimble,New Jersey,Zen Leaf Neptune,4/2/2024,Membership 0001215 Quarter Membership,Current,199,0,0,0,0,0,0,211.44,12.44
3531338,Nimble,New Jersey,Zen Leaf Elizabeth,4/2/2024,Membership 0001216 Quarter Membership,Current,199,0,0,0,0,0,0,211.44,12.44
5251332,Nimble,New Jersey,Zen Leaf Elizabeth,4/2/2024,Membership 0001233 Quarter Membership,Current,199,0,0,0,0,0,0,211.44,12.44
2174085,Nimble,Illinois,Zen Leaf Rogers Park,4/2/2024,Membership 0001210 Quarter Membership,Current,199,0,0,0,0,0,0,211.44,12.44
2387653,Nimble,New Jersey,Zen Leaf Lawrence,4/2/2024,Membership 0001212 Quarter Membership,Current,199,0,0,0,0,0,0,211.44,12.44
823939,Nimble,Illinois,Zen Leaf Highland Park,4/2/2024,Membership 0001208 Quarter Membership,Current,199,0,0,0,0,0,0,211.44,12.44
1460069,Nimble,Illinois,Zen Leaf Pilsen,4/2/2024,Membership 0001223 Quarter Membership,Current,199,0,0,0,0,0,0,211.44,12.44
675681,Nimble,Illinois,Zen Leaf St. Charles,4/2/2024,Membership 0001227 Quarter Membership,Current,199,0,0,0,0,0,0,211.44,12.44
4877155,Dutchie,New Jersey,Dutchie Lawrence Rec,4/2/2024,Membership 0002334 Dime Membership,Current,129,0,0,0,135,0,0,0,8.54625
2465087,Nimble,Illinois,Zen Leaf St. Charles,4/2/2024,Membership 0001226 Quarter Membership,Current,199,0,0,0,0,0,0,211.44,12.44
3972003,Nimble,Illinois,Zen Leaf West Loop,4/2/2024,Membership 0001224 Quarter Membership,Current,199,0,0,0,0,0,0,211.44,12.44
3399817,Nimble,New Jersey,Zen Leaf Neptune,4/2/2024,Membership 0001229 Quarter Membership,Current,199,0,0,0,0,0,0,211.44,12.44
941412,Nimble,Illinois,Zen Leaf Prospect Heights,4/2/2024,Membership 0001230 Quarter Membership,Current,199,0,0,0,0,0,0,211.44,12.44
976688,Nimble,Illinois,Zen Leaf Rogers Park,4/2/2024,Membership 0001231 Quarter Membership,Current,199,0,0,0,0,0,0,211.44,12.44
1619644,Nimble,New Jersey,Zen Leaf Lawrence,4/2/2024,Membership 0001242 Quarter Membership,Current,199,0,0,0,0,0,0,211.44,12.44
4053233,Nimble,New Jersey,Zen Leaf Neptune,4/2/2024,Membership 0001222 Quarter Membership,Current,199,0,0,0,0,0,0,211.44,12.44
702217,Nimble,Illinois,Zen Leaf Aurora,4/2/2024,Membership 0001220 Dime Membership,Current,134,0,0,0,0,0,0,142.38,8.38
1961455,Nimble,Illinois,Zen Leaf Rogers Park,4/2/2024,Membership 0001225 Quarter Membership,Current,199,0,0,0,0,0,0,211.44,12.44
2284972,Nimble,New Jersey,Zen Leaf Elizabeth,4/2/2024,Membership 0001219 Quarter Membership,Current,199,0,0,0,0,0,0,211.44,12.44
3944558,Dutchie,New Jersey,Dutchie Neptune Rec,4/2/2024,Membership 0001300 Quarter Membership,Current,199,430,0,0,0,0,0,0,13.18375
2263672,Nimble,Illinois,Zen Leaf St. Charles,4/2/2024,Membership 0001290 Quarter Membership,Current,199,0,0,0,0,0,0,219.4,20.4
4747739,Dutchie,New Jersey,Dutchie Neptune Rec,4/2/2024,Membership 0001462 Quarter Membership,Current,197.41,655,0,0,0,0,0,0,13.0784125
2865646,Dutchie,New Jersey,Dutchie Lawrence Rec,4/2/2024,Membership 0001298 Dime Membership,Current,134,0,0,0,135,0,0,0,8.877500000000001
3097798,Dutchie,New Jersey,Dutchie Lawrence Rec,4/2/2024,Membership 0001297 Quarter Membership,Current,159.85,300,0,0,0,0,0,0,10.5900625
3641377,Dutchie,New Jersey,Dutchie Lawrence Rec,4/2/2024,Membership 0001276 Dime Membership,Current,134,0,0,0,135,0,0,0,8.877500000000001
2930786,Nimble,New Jersey,Zen Leaf Neptune,4/2/2024,Membership 0001218 Quarter Membership,Current,199,0,0,0,0,0,0,211.44,12.44
3126788,Nimble,New Jersey,Zen Leaf Lawrence,4/2/2024,Membership 0001217 Quarter Membership,Current,199,0,0,0,0,0,0,199,0
1889919,Dutchie,New Jersey,Dutchie Lawrence Rec,4/2/2024,Membership 0001257 Dime Membership,Current,134,0,0,0,290,0,0,0,8.877500000000001
2575714,Dutchie,New Jersey,Dutchie Elizabeth Rec,4/2/2024,Membership 0001295 Quarter Membership,Current,199,0,0,0,360,0,0,0,13.18375
2649217,Dutchie,New Jersey,Dutchie Elizabeth Rec,4/2/2024,Membership 0001251 Quarter Membership,Future,199,0,0,0,200,0,0,0,13.18375
4420014,Nimble,Illinois,Zen Leaf Evanston,4/2/2024,Membership 0001246 Dime Membership,Current,134,0,0,0,0,0,0,142.38,8.38
4752400,Nimble,Illinois,Zen Leaf Prospect Heights,4/2/2024,Membership 0001235 Dime Membership,Current,134,0,0,0,0,0,0,142.38,8.38
1471576,Nimble,Illinois,Zen Leaf Pilsen,4/2/2024,Membership 0001280 Quarter Membership,Current,199,0,0,0,0,0,0,219.4,20.4
1427212,Nimble,Illinois,Zen Leaf Pilsen,4/2/2024,Membership 0001283 Quarter Membership,Current,199,0,0,0,0,0,0,219.4,20.4
1816346,Nimble,New Jersey,Zen Leaf Neptune,4/2/2024,Membership 0001291 Quarter Membership,Current,199,0,0,0,0,0,0,211.44,12.44
968160,Nimble,Illinois,Zen Leaf Rogers Park,4/2/2024,Membership 0001299 Quarter Membership,Current,199,0,0,0,0,0,0,219.4,20.4
5253077,Nimble,New Jersey,Zen Leaf Neptune,4/2/2024,Membership 0001301 Quarter Membership,Current,199,0,0,0,0,0,0,211.44,12.44
3682999,Dutchie,Illinois,Dutchie Highland Park,4/2/2024,Membership 0001310 Quarter Membership,Current,199.2,0,199,0,0,0,0,0,0.20418
5253255,Nimble,New Jersey,Zen Leaf Neptune,4/2/2024,Membership 0001302 Dime Membership,Current,134,0,0,0,0,0,0,142.38,8.38
5253309,Nimble,New Jersey,Zen Leaf Lawrence,4/2/2024,Membership 0001303 Quarter Membership,Current,199,0,0,0,0,0,0,211.44,12.44
3247905,Nimble,New Jersey,Zen Leaf Lawrence,4/2/2024,Membership 0001304 Dime Membership,Current,134,0,0,0,0,0,0,142.38,8.38
1764843,Nimble,Illinois,Zen Leaf Pilsen,4/2/2024,Membership 0001305 Quarter Membership,Current,199,0,0,0,0,0,0,219.4,20.4
2918177,Nimble,Illinois,Zen Leaf West Loop,4/2/2024,Membership 0001306 Quarter Membership,Current,199,0,0,0,0,0,0,219.4,20.4
5040096,Nimble,New Jersey,Zen Leaf Lawrence,4/2/2024,Membership 0001307 Quarter Membership,Current,199,0,0,0,0,0,0,211.44,12.44
3140723,Nimble,New Jersey,Zen Leaf Lawrence,4/2/2024,Membership 0001308 Quarter Membership,Current,199,0,0,0,0,0,0,211.44,12.44
3066473,Nimble,New Jersey,Zen Leaf Neptune,4/2/2024,Membership 0001311 Dime Membership,Current,134,0,0,0,0,0,0,142.38,8.38
2641370,Nimble,Illinois,Zen Leaf Naperville,4/2/2024,Membership 0001312 Dime Membership,Current,134,0,0,0,0,0,0,147.74,13.74
558647,Nimble,Illinois,Zen Leaf St. Charles,4/2/2024,Membership 0001313 Quarter Membership,Current,199,0,0,0,0,0,0,219.4,20.4
4778579,Nimble,Illinois,Zen Leaf St. Charles,4/2/2024,Membership 0001221 Quarter Membership,Current,199,0,0,0,0,0,0,211.44,12.44
5103283,Nimble,New Jersey,Zen Leaf Elizabeth,4/2/2024,Membership 0001228 Quarter Membership,Current,199,0,0,0,0,0,0,211.44,12.44
690217,Nimble,Illinois,Zen Leaf Aurora,4/2/2024,Membership 0001214 Quarter Membership,Current,199,0,0,0,0,0,0,211.44,12.44
761876,Nimble,Illinois,Zen Leaf St. Charles,4/2/2024,Membership 0001211 Quarter Membership,Current,199,0,0,0,0,0,0,211.44,12.44
3786380,Nimble,New Jersey,Zen Leaf Neptune,4/2/2024,Membership 0001238 Dime Membership,Current,134,0,0,0,0,0,0,142.38,8.38
1336550,Dutchie,Illinois,Dutchie Naperville,4/2/2024,Membership 0001292 Quarter Membership,Current,199.2,0,0,0,200,0,0,0,0.20418
2872548,Nimble,New Jersey,Zen Leaf Elizabeth,4/2/2024,Membership 0001232 Quarter Membership,Current,199,0,0,0,0,0,0,211.44,12.44
1509406,Dutchie,Illinois,Dutchie Rogers Park,4/2/2024,Membership 0001284 Quarter Membership,Current,199.2,0,0,0,310,0,0,0,0.20418
685123,Nimble,Illinois,Zen Leaf St. Charles,4/2/2024,Membership 0001254 Quarter Membership,Current,199,0,0,0,0,0,0,211.44,12.44
3760277,Dutchie,Illinois,Dutchie West Chicago,4/2/2024,Membership 0001279 Quarter Membership,Future,199.2,300,0,0,0,0,0,0,0.20418
3760277,Dutchie,Illinois,Dutchie West Chicago,4/2/2024,Membership 0001279 Quarter Membership,Current,199.2,300,0,0,0,0,0,0,0.20418
1268679,Nimble,Illinois,Zen Leaf Evanston,4/2/2024,Membership 0001277 Quarter Membership,Current,199,0,0,0,0,0,0,219.4,20.4
671575,Nimble,Illinois,Zen Leaf St. Charles,4/2/2024,Membership 0001275 Quarter Membership,Current,199,0,0,0,0,0,0,219.4,20.4
698942,Nimble,Illinois,Zen Leaf St. Charles,4/2/2024,Membership 0001265 Quarter Membership,Current,199,0,0,0,0,0,0,219.4,20.4
1813904,Nimble,New Jersey,Zen Leaf Neptune,4/2/2024,Membership 0001281 Quarter Membership,Current,199,0,0,0,0,0,0,211.44,12.44
4252267,Nimble,Illinois,Zen Leaf Rogers Park,4/2/2024,Membership 0001236 Quarter Membership,Current,199,0,0,0,0,0,0,211.44,12.44
1458940,Nimble,Illinois,Zen Leaf Pilsen,4/2/2024,Membership 0001234 Quarter Membership,Current,199,0,0,0,0,0,0,211.44,12.44
5252082,Nimble,Illinois,Zen Leaf St. Charles,4/2/2024,Membership 0001274 Quarter Membership,Current,199,0,0,0,0,0,0,219.4,20.4
2510119,Nimble,New Jersey,Zen Leaf Elizabeth,4/2/2024,Membership 0001237 Quarter Membership,Current,199,0,0,0,0,0,0,211.44,12.44
4265089,Nimble,New Jersey,Zen Leaf Elizabeth,4/2/2024,Membership 0001240 Quarter Membership,Current,199,0,0,0,0,0,0,211.44,12.44
2441420,Nimble,Illinois,Zen Leaf St. Charles,4/2/2024,Membership 0001241 Quarter Membership,Current,199,0,0,0,0,0,0,211.44,12.44
5251403,Nimble,Illinois,Zen Leaf West Loop,4/2/2024,Membership 0001243 Dime Membership,Current,134,0,0,0,0,0,0,134,0
3082747,Nimble,New Jersey,Zen Leaf Neptune,4/2/2024,Membership 0001244 Dime Membership,Current,134,0,0,0,0,0,0,142.38,8.38
2543150,Nimble,New Jersey,Zen Leaf Lawrence,4/2/2024,Membership 0001245 Quarter Membership,Current,199,0,0,0,0,0,0,211.44,12.44
1132106,Nimble,Illinois,Zen Leaf Evanston,4/2/2024,Membership 0001247 Quarter Membership,Current,199,0,0,0,0,0,0,211.44,12.44
5251531,Nimble,Illinois,Zen Leaf St. Charles,4/2/2024,Membership 0001249 Quarter Membership,Current,199,0,0,0,0,0,0,211.44,12.44
1090302,Nimble,Illinois,Zen Leaf Highland Park,4/2/2024,Membership 0001252 Quarter Membership,Current,199,0,0,0,0,0,0,211.44,12.44
3581506,Nimble,New Jersey,Zen Leaf Neptune,4/2/2024,Membership 0001253 Quarter Membership,Current,199,0,0,0,0,0,0,211.44,12.44
1682203,Nimble,Illinois,Zen Leaf Rogers Park,4/2/2024,Membership 0001260 Dime Membership,Current,134,0,0,0,0,0,0,147.74,13.74
4497123,Nimble,Illinois,Zen Leaf West Loop,4/2/2024,Membership 0001209 Dime Membership,Current,134,0,0,0,0,0,0,142.38,8.38
2600353,Nimble,Illinois,Zen Leaf Prospect Heights,4/2/2024,Membership 0001256 Quarter Membership,Current,199,0,0,0,0,0,0,219.4,20.4
3473703,Nimble,New Jersey,Zen Leaf Elizabeth,4/2/2024,Membership 0001271 Dime Membership,Current,134,0,0,0,0,0,0,142.38,8.38
3738813,Nimble,New Jersey,Zen Leaf Neptune,4/2/2024,Membership 0001270 Quarter Membership,Current,199,0,0,0,0,0,0,211.44,12.44
1984980,Nimble,Illinois,Zen Leaf Evanston,4/2/2024,Membership 0001267 Quarter Membership,Current,199,0,0,0,0,0,0,219.4,20.4
733976,Nimble,Illinois,Zen Leaf Naperville,4/2/2024,Membership 0001269 Quarter Membership,Current,199,0,0,0,0,0,0,219.4,20.4
1369680,Nimble,Illinois,Zen Leaf Pilsen,4/2/2024,Membership 0001266 Dime Membership,Current,134,0,0,0,0,0,0,147.74,13.74
1682516,Nimble,Illinois,Zen Leaf Pilsen,4/2/2024,Membership 0001268 Quarter Membership,Current,199,0,0,0,0,0,0,219.4,20.4
4277458,Nimble,New Jersey,Zen Leaf Neptune,4/2/2024,Membership 0001262 Quarter Membership,Current,199,0,0,0,0,0,0,211.44,12.44
5251617,Nimble,Illinois,Zen Leaf Rogers Park,4/2/2024,Membership 0001255 Dime Membership,Current,134,0,0,0,0,0,0,147.74,13.74
2291040,Nimble,New Jersey,Zen Leaf Neptune,4/2/2024,Membership 0001261 Quarter Membership,Current,199,0,0,0,0,0,0,211.44,12.44
4269215,Nimble,Illinois,Zen Leaf West Loop,4/2/2024,Membership 0001272 Quarter Membership,Current,199,0,0,0,0,0,0,219.4,20.4
3440083,Nimble,New Jersey,Zen Leaf Neptune,4/2/2024,Membership 0001259 Quarter Membership,Current,199,0,0,0,0,0,0,211.44,12.44
3018255,Nimble,New Jersey,Zen Leaf Neptune,4/2/2024,Membership 0001258 Quarter Membership,Current,199,0,0,0,0,0,0,211.44,12.44
5252001,Nimble,New Jersey,Zen Leaf Lawrence,4/2/2024,Membership 0001273 Dime Membership,Current,134,0,0,0,0,0,0,142.38,8.38
970058,Nimble,Illinois,Zen Leaf Evanston,4/3/2024,Membership 0001331 Quarter Membership,Current,199,0,0,0,0,0,0,219.4,20.4
2969799,Nimble,New Jersey,Zen Leaf Neptune,4/3/2024,Membership 0001339 Quarter Membership,Current,199,0,0,0,0,0,0,211.44,12.44
3124686,Nimble,New Jersey,Zen Leaf Neptune,4/3/2024,Membership 0001338 Quarter Membership,Current,199,0,0,0,0,0,0,211.44,12.44
2225186,Nimble,New Jersey,Zen Leaf Lawrence,4/3/2024,Membership 0001334 Quarter Membership,Current,199,0,0,0,0,0,0,211.44,12.44
4735469,Nimble,Illinois,Zen Leaf Evanston,4/3/2024,Membership 0001368 Quarter Membership,Current,199,0,0,0,0,0,0,219.4,20.4
2857123,Nimble,New Jersey,Zen Leaf Elizabeth,4/3/2024,Membership 0001335 Quarter Membership,Current,199,0,0,0,0,0,0,211.44,12.44
1832302,Nimble,Illinois,Zen Leaf Rogers Park,4/3/2024,Membership 0001332 Quarter Membership,Future,199,0,0,0,0,0,0,219.4,20.4
1832302,Nimble,Illinois,Zen Leaf Rogers Park,4/3/2024,Membership 0001332 Quarter Membership,Current,199,0,0,0,0,0,0,219.4,20.4
1010505,Nimble,Illinois,Zen Leaf Evanston,4/3/2024,Membership 0001343 Quarter Membership,Current,199,0,0,0,0,0,0,219.4,20.4
3493792,Nimble,New Jersey,Zen Leaf Neptune,4/3/2024,Membership 0001344 Dime Membership,Current,134,0,0,0,0,0,0,142.38,8.38
3041346,Nimble,New Jersey,Zen Leaf Neptune,4/3/2024,Membership 0001330 Quarter Membership,Current,199,0,0,0,0,0,0,211.44,12.44
5253861,Nimble,Illinois,Zen Leaf Rogers Park,4/3/2024,Membership 0001322 Quarter Membership,Current,199,0,0,0,0,0,0,219.4,20.4
3845696,Nimble,New Jersey,Zen Leaf Lawrence,4/3/2024,Membership 0001327 Dime Membership,Current,134,0,0,0,0,0,0,142.38,8.38
881133,Nimble,Illinois,Zen Leaf Naperville,4/3/2024,Membership 0001352 Dime Membership,Current,134,0,0,0,0,0,0,147.74,13.74
3290584,Nimble,New Jersey,Zen Leaf Neptune,4/3/2024,Membership 0001326 Quarter Membership,Current,199,0,0,0,0,0,0,211.44,12.44
1072882,Nimble,Illinois,Zen Leaf Naperville,4/3/2024,Membership 0001323 Quarter Membership,Current,199,0,0,0,0,0,0,219.4,20.4
3828433,Nimble,Illinois,Zen Leaf Lombard,4/3/2024,Membership 0001346 Quarter Membership,Current,199,0,0,0,0,0,0,219.4,20.4
2163714,Nimble,New Jersey,Zen Leaf Lawrence,4/3/2024,Membership 0001321 Dime Membership,Current,134,0,0,0,0,0,0,142.38,8.38
494742,Nimble,Illinois,Zen Leaf St. Charles,4/3/2024,Membership 0001318 Dime Membership,Current,134,0,0,0,0,0,0,147.74,13.74
4827809,Nimble,New Jersey,Zen Leaf Elizabeth,4/3/2024,Membership 0001320 Dime Membership,Current,134,0,0,0,0,0,0,142.38,8.38
1895909,Nimble,New Jersey,Zen Leaf Neptune,4/3/2024,Membership 0001317 Dime Membership,Current,134,0,0,0,0,0,0,142.38,8.38
5253765,Nimble,Illinois,Zen Leaf Naperville,4/3/2024,Membership 0001315 Quarter Membership,Current,199,0,0,0,0,0,0,219.4,20.4
1896219,Nimble,Illinois,Zen Leaf Pilsen,4/3/2024,Membership 0001314 Quarter Membership,Current,199,0,0,0,0,0,0,219.4,20.4
1427394,Nimble,Illinois,Zen Leaf Pilsen,4/3/2024,Membership 0001384 Dime Membership,Current,134,0,0,0,0,0,0,147.74,13.74
3365569,Nimble,New Jersey,Zen Leaf Neptune,4/3/2024,Membership 0001328 Quarter Membership,Current,199,0,0,0,0,0,0,211.44,12.44
673260,Nimble,Illinois,Zen Leaf St. Charles,4/3/2024,Membership 0001347 Quarter Membership,Current,199,0,0,0,0,0,0,219.4,20.4
4547407,Nimble,Illinois,Zen Leaf Pilsen,4/3/2024,Membership 0001356 Dime Membership,Current,134,0,0,0,0,0,0,147.74,13.74
1124538,Nimble,New Jersey,Zen Leaf Lawrence,4/3/2024,Membership 0001353 Quarter Membership,Current,199,0,0,0,0,0,0,211.44,12.44
3358176,Nimble,New Jersey,Zen Leaf Lawrence,4/3/2024,Membership 0001374 Quarter Membership,Current,199,0,0,0,0,0,0,211.44,12.44
2192047,Nimble,Illinois,Zen Leaf St. Charles,4/3/2024,Membership 0001362 Quarter Membership,Current,199,0,0,0,0,0,0,219.4,20.4
2881916,Nimble,New Jersey,Zen Leaf Neptune,4/3/2024,Membership 0001371 Quarter Membership,Current,199,0,0,0,0,0,0,211.44,12.44
3229985,Nimble,New Jersey,Zen Leaf Neptune,4/3/2024,Membership 0001364 Quarter Membership,Current,199,0,0,0,0,0,0,211.44,12.44
3055535,Nimble,New Jersey,Zen Leaf Neptune,4/3/2024,Membership 0001319 Quarter Membership,Current,199,0,0,0,0,0,0,211.44,12.44
2818294,Nimble,Illinois,Zen Leaf Pilsen,4/3/2024,Membership 0001386 Quarter Membership,Current,199,0,0,0,0,0,0,219.4,20.4
3772567,Nimble,Illinois,Zen Leaf Pilsen,4/3/2024,Membership 0001385 Quarter Membership,Current,199,0,0,0,0,0,0,219.4,20.4
1242273,Nimble,Illinois,Zen Leaf Evanston,4/3/2024,Membership 0001383 Quarter Membership,Current,199,0,0,0,0,0,0,219.4,20.4
3928590,Nimble,New Jersey,Zen Leaf Elizabeth,4/3/2024,Membership 0001382 Quarter Membership,Current,199,0,0,0,0,0,0,211.44,12.44
3077961,Nimble,Illinois,Zen Leaf Pilsen,4/3/2024,Membership 0001381 Quarter Membership,Current,199,0,0,0,0,0,0,219.4,20.4
3241855,Nimble,New Jersey,Zen Leaf Neptune,4/3/2024,Membership 0001380 Quarter Membership,Current,199,0,0,0,0,0,0,211.44,12.44
3358897,Nimble,New Jersey,Zen Leaf Lawrence,4/3/2024,Membership 0001379 Quarter Membership,Current,199,0,0,0,0,0,0,211.44,12.44
5256018,Nimble,New Jersey,Zen Leaf Elizabeth,4/3/2024,Membership 0001377 Quarter Membership,Current,199,0,0,0,0,0,0,211.44,12.44
822771,Nimble,Illinois,Zen Leaf Rogers Park,4/3/2024,Membership 0001376 Dime Membership,Current,134,0,0,0,0,0,0,147.74,13.74
4183822,Nimble,New Jersey,Zen Leaf Neptune,4/3/2024,Membership 0001375 Quarter Membership,Current,199,0,0,0,0,0,0,211.44,12.44
494039,Nimble,Illinois,Zen Leaf St. Charles,4/3/2024,Membership 0001378 Quarter Membership,Current,199,0,0,0,0,0,0,219.4,20.4
4241393,Nimble,New Jersey,Zen Leaf Neptune,4/3/2024,Membership 0001373 Quarter Membership,Current,199,0,0,0,0,0,0,211.44,12.44
5185449,Nimble,Illinois,Zen Leaf Pilsen,4/3/2024,Membership 0001369 Quarter Membership,Current,199,0,0,0,0,0,0,219.4,20.4
3545366,Nimble,New Jersey,Zen Leaf Neptune,4/3/2024,Membership 0001367 Quarter Membership,Current,199,0,0,0,0,0,0,211.44,12.44
931042,Nimble,Illinois,Zen Leaf St. Charles,4/3/2024,Membership 0001363 Quarter Membership,Current,199,0,0,0,0,0,0,219.4,20.4
1796823,Nimble,Illinois,Zen Leaf St. Charles,4/3/2024,Membership 0001361 Quarter Membership,Current,199,0,0,0,0,0,0,219.4,20.4
1720789,Nimble,Illinois,Zen Leaf Lombard,4/3/2024,Membership 0001360 Quarter Membership,Current,199,0,0,0,0,0,0,219.4,20.4
3683059,Nimble,Illinois,Zen Leaf Highland Park,4/3/2024,Membership 0001358 Quarter Membership,Current,199,0,0,0,0,0,0,219.4,20.4
493333,Nimble,Illinois,Zen Leaf St. Charles,4/3/2024,Membership 0001359 Quarter Membership,Current,199,0,0,0,0,0,0,219.4,20.4
3244414,Nimble,New Jersey,Zen Leaf Neptune,4/3/2024,Membership 0001351 Dime Membership,Current,134,0,0,0,0,0,0,142.38,8.38
2327006,Nimble,New Jersey,Zen Leaf Neptune,4/3/2024,Membership 0001350 Quarter Membership,Current,199,0,0,0,0,0,0,211.44,12.44
1133011,Nimble,Illinois,Zen Leaf Evanston,4/3/2024,Membership 0001349 Quarter Membership,Current,199,0,0,0,0,0,0,219.4,20.4
3500178,Nimble,New Jersey,Zen Leaf Lawrence,4/3/2024,Membership 0001348 Quarter Membership,Current,199,0,0,0,0,0,0,211.44,12.44
2287891,Nimble,New Jersey,Zen Leaf Neptune,4/3/2024,Membership 0001370 Quarter Membership,Current,199,0,0,0,0,0,0,211.44,12.44
5009124,Nimble,Illinois,Zen Leaf Lombard,4/3/2024,Membership 0001316 Quarter Membership,Current,199,0,0,0,0,0,0,219.4,20.4
2593075,Dutchie,New Jersey,Dutchie Lawrence Rec,4/3/2024,Membership 0001329 Dime Membership,Current,134,0,0,0,315,0,0,0,8.877500000000001
793061,Dutchie,Illinois,Dutchie Lombard,4/3/2024,Membership 0001461 Quarter Membership,Current,199.2,0,0,0,370,0,0,0,0.20418
567340,Dutchie,Illinois,Dutchie Naperville,4/3/2024,Membership 0001355 Quarter Membership,Current,199.2,199,0,0,0,0,0,0,0.20418
2555979,Dutchie,New Jersey,Dutchie Lawrence Rec,4/3/2024,Membership 0001510 Quarter Membership,Current,199,0,0,0,200,0,0,0,13.18375
3908820,Dutchie,New Jersey,Dutchie Neptune Rec,4/3/2024,Membership 0001366 Quarter Membership,Current,199,200,0,0,0,0,0,0,13.18375
2522216,Dutchie,New Jersey,Dutchie Neptune Rec,4/3/2024,Membership 0001337 Quarter Membership,Current,199,200,0,0,0,0,0,0,13.18375
2495753,Dutchie,New Jersey,Dutchie Lawrence Rec,4/3/2024,Membership 0001372 Dime Membership,Current,134,140,0,0,0,0,0,0,8.877500000000001
1350729,Dutchie,Illinois,Dutchie Greektown,4/3/2024,Membership 0001345 Quarter Membership,Current,249,320,0,0,0,0,0,0,0.25522500000000004
3660583,Dutchie,New Jersey,Dutchie Lawrence Rec,4/3/2024,Membership 0001342 Dime Membership,Current,134,0,0,0,260,0,0,0,8.877500000000001
1587511,Nimble,Illinois,Zen Leaf Pilsen,4/3/2024,Membership 0001324 Quarter Membership,Current,199,0,0,0,0,0,0,219.4,20.4
2582281,Dutchie,New Jersey,Dutchie Lawrence Rec,4/3/2024,Membership 0001325 Dime Membership,Current,134,0,0,0,185,0,0,0,8.877500000000001
2966636,Nimble,New Jersey,Zen Leaf Lawrence,4/3/2024,Membership 0001357 Quarter Membership,Current,199,0,0,0,0,0,0,211.44,12.44
3714159,Nimble,New Jersey,Zen Leaf Neptune,4/4/2024,Membership 0001391 Dime Membership,Current,134,0,0,0,0,0,0,142.38,8.38
5256882,Nimble,New Jersey,Zen Leaf Lawrence,4/4/2024,Membership 0001392 Quarter Membership,Current,199,0,0,0,0,0,0,211.44,12.44
4189426,Nimble,New Jersey,Zen Leaf Elizabeth,4/4/2024,Membership 0001393 Quarter Membership,Current,199,0,0,0,0,0,0,211.44,12.44
1816922,Nimble,New Jersey,Zen Leaf Neptune,4/4/2024,Membership 0001413 Quarter Membership,Current,199,0,0,0,0,0,0,211.44,12.44
970196,Nimble,Illinois,Zen Leaf Rogers Park,4/4/2024,Membership 0001397 Quarter Membership,Current,199,0,0,0,0,0,0,219.4,20.4
3256893,Nimble,New Jersey,Zen Leaf Neptune,4/4/2024,Membership 0001401 Quarter Membership,Current,199,0,0,0,0,0,0,211.44,12.44
1415069,Nimble,Illinois,Zen Leaf Rogers Park,4/4/2024,Membership 0001402 Dime Membership,Current,134,0,0,0,0,0,0,147.74,13.74
1300495,Nimble,Illinois,Zen Leaf Lombard,4/4/2024,Membership 0001403 Quarter Membership,Current,199,0,0,0,0,0,0,219.4,20.4
738974,Nimble,Illinois,Zen Leaf St. Charles,4/4/2024,Membership 0001394 Quarter Membership,Future,199,0,0,0,0,0,0,219.4,20.4
1580363,Nimble,Illinois,Zen Leaf West Loop,4/4/2024,Membership 0001390 Dime Membership,Current,134,0,0,0,0,0,0,147.74,13.74
552785,Dutchie,Illinois,Dutchie Saint Charles,4/4/2024,Membership 0001399 Quarter Membership,Future,199.2,0,0,0,200,0,0,0,0.20418
922681,Nimble,New Jersey,Zen Leaf Elizabeth,4/4/2024,Membership 0001436 Quarter Membership,Current,199,0,0,0,0,0,0,211.44,12.44
4636957,Dutchie,Illinois,Dutchie Greektown,4/4/2024,Membership 0001405 Quarter Membership,Current,199.2,0,0,0,280,0,0,0,0.20418
1870511,Nimble,Illinois,Zen Leaf Lombard,4/4/2024,Membership 0001433 Quarter Membership,Current,199,0,0,0,0,0,0,219.4,20.4
1111402,Nimble,Illinois,Zen Leaf Naperville,4/4/2024,Membership 0001408 Quarter Membership,Current,199,0,0,0,0,0,0,219.4,20.4
1962107,Dutchie,Illinois,Dutchie Naperville,4/4/2024,Membership 0001421 Quarter Membership,Current,199.2,230,0,0,0,0,0,0,0.20418
1962107,Dutchie,Illinois,Dutchie Naperville,4/4/2024,Membership 0001421 Quarter Membership,Future,199.2,230,0,0,0,0,0,0,0.20418
4564281,Dutchie,New Jersey,Dutchie Lawrence Rec,4/4/2024,Membership 0001396 Quarter Membership,Current,159.07,240,0,0,0,0,0,0,10.5383875
2490461,Dutchie,New Jersey,Dutchie Lawrence Rec,4/4/2024,Membership 0001435 Quarter Membership,Current,199,242,0,0,0,0,0,0,13.18375
1257178,Nimble,Illinois,Zen Leaf Rogers Park,4/4/2024,Membership 0001425 Quarter Membership,Current,199,0,0,0,0,0,0,219.4,20.4
811497,Nimble,Illinois,Zen Leaf Prospect Heights,4/4/2024,Membership 0001443 Quarter Membership,Current,199,0,0,0,0,0,0,219.4,20.4
2598136,Nimble,New Jersey,Zen Leaf Elizabeth,4/4/2024,Membership 0001406 Quarter Membership,Current,199,0,0,0,0,0,0,211.44,12.44
631178,Nimble,Illinois,Zen Leaf Highland Park,4/4/2024,Membership 0001407 Quarter Membership,Current,199,0,0,0,0,0,0,219.4,20.4
3680887,Dutchie,New Jersey,Dutchie Lawrence Rec,4/4/2024,Membership 0001432 Quarter Membership,Current,199,240,0,0,0,0,0,0,13.18375
552785,Dutchie,Illinois,Dutchie Saint Charles,4/4/2024,Membership 0001399 Quarter Membership,Current,199.2,0,0,0,200,0,0,0,0.20418
673652,Dutchie,Illinois,Dutchie Saint Charles,4/4/2024,Membership 0001864 Dime Membership,Current,149,160,0,0,0,0,0,0,0.152725
3820119,Nimble,New Jersey,Zen Leaf Elizabeth,4/4/2024,Membership 0001458 Quarter Membership,Current,199,0,0,0,0,0,0,211.44,12.44
3950079,Nimble,New Jersey,Zen Leaf Neptune,4/4/2024,Membership 0001457 Quarter Membership,Current,199,0,0,0,0,0,0,211.44,12.44
4117626,Nimble,Illinois,Zen Leaf Naperville,4/4/2024,Membership 0001456 Quarter Membership,Current,199,0,0,0,0,0,0,219.4,20.4
5258368,Nimble,New Jersey,Zen Leaf Lawrence,4/4/2024,Membership 0001429 Dime Membership,Current,134,0,0,0,0,0,0,142.38,8.38
2531502,Nimble,New Jersey,Zen Leaf Lawrence,4/4/2024,Membership 0001452 Dime Membership,Current,134,0,0,0,0,0,0,142.38,8.38
5259209,Nimble,Illinois,Zen Leaf Naperville,4/4/2024,Membership 0001450 Dime Membership,Current,134,0,0,0,0,0,0,147.74,13.74
1817657,Nimble,New Jersey,Zen Leaf Neptune,4/4/2024,Membership 0001448 Quarter Membership,Current,199,0,0,0,0,0,0,211.44,12.44
709105,Nimble,Illinois,Zen Leaf Aurora,4/4/2024,Membership 0001449 Quarter Membership,Current,199,0,0,0,0,0,0,219.4,20.4
3703459,Nimble,New Jersey,Zen Leaf Lawrence,4/4/2024,Membership 0001442 Quarter Membership,Current,199,0,0,0,0,0,0,211.44,12.44
3991491,Nimble,New Jersey,Zen Leaf Elizabeth,4/4/2024,Membership 0001441 Dime Membership,Current,134,0,0,0,0,0,0,142.38,8.38
2982579,Nimble,New Jersey,Zen Leaf Lawrence,4/4/2024,Membership 0001440 Quarter Membership,Current,199,0,0,0,0,0,0,211.44,12.44
1402609,Nimble,Illinois,Zen Leaf St. Charles,4/4/2024,Membership 0001426 Quarter Membership,Current,199,0,0,0,0,0,0,219.4,20.4
2914981,Nimble,New Jersey,Zen Leaf Lawrence,4/4/2024,Membership 0001438 Quarter Membership,Current,199,0,0,0,0,0,0,211.44,12.44
1692104,Nimble,Illinois,Zen Leaf St. Charles,4/4/2024,Membership 0001439 Quarter Membership,Current,199,0,0,0,0,0,0,219.4,20.4
3802575,Nimble,New Jersey,Zen Leaf Neptune,4/4/2024,Membership 0001430 Quarter Membership,Current,199,0,0,0,0,0,0,211.44,12.44
5258147,Nimble,New Jersey,Zen Leaf Lawrence,4/4/2024,Membership 0001424 Quarter Membership,Current,199,0,0,0,0,0,0,211.44,12.44
2659164,Nimble,New Jersey,Zen Leaf Elizabeth,4/4/2024,Membership 0001423 Quarter Membership,Current,199,0,0,0,0,0,0,211.44,12.44
1239806,Nimble,Illinois,Zen Leaf Evanston,4/4/2024,Membership 0001417 Quarter Membership,Current,199,0,0,0,0,0,0,219.4,20.4
701752,Nimble,Illinois,Zen Leaf St. Charles,4/4/2024,Membership 0001416 Quarter Membership,Current,199,0,0,0,0,0,0,219.4,20.4
5257609,Nimble,New Jersey,Zen Leaf Neptune,4/4/2024,Membership 0001415 Dime Membership,Current,134,0,0,0,0,0,0,142.38,8.38
766032,Nimble,Illinois,Zen Leaf Aurora,4/4/2024,Membership 0001414 Quarter Membership,Current,199,0,0,0,0,0,0,219.4,20.4
1010288,Nimble,Illinois,Zen Leaf Highland Park,4/4/2024,Membership 0001418 Quarter Membership,Current,199,0,0,0,0,0,0,219.4,20.4
1261072,Nimble,Illinois,Zen Leaf Rogers Park,4/4/2024,Membership 0001453 Dime Membership,Current,134,0,0,0,0,0,0,147.74,13.74
4759195,Dutchie,Illinois,Dutchie Prospect Heights,4/4/2024,Membership 0001511 Quarter Membership,Current,199.2,200,0,0,0,0,0,0,0.20418
3450857,Nimble,Illinois,Zen Leaf Pilsen,4/4/2024,Membership 0001410 Quarter Membership,Current,199,0,0,0,0,0,0,219.4,20.4
3495270,Nimble,New Jersey,Zen Leaf Neptune,4/4/2024,Membership 0001409 Quarter Membership,Current,199,0,0,0,0,0,0,211.44,12.44
1820142,Nimble,Illinois,Zen Leaf Rogers Park,4/4/2024,Membership 0001437 Dime Membership,Current,134,0,0,0,0,0,0,147.74,13.74
1812769,Dutchie,New Jersey,Dutchie Lawrence Rec,4/4/2024,Membership 0001445 Quarter Membership,Current,199,0,0,0,230,0,0,0,13.18375
1653653,Nimble,Illinois,Zen Leaf Lombard,4/4/2024,Membership 0001455 Quarter Membership,Current,199,0,0,0,0,0,0,219.4,20.4
3365952,Dutchie,New Jersey,Dutchie Neptune Rec,4/4/2024,Membership 0001508 Dime Membership,Current,134,0,0,0,230,0,0,0,8.877500000000001
3269494,Nimble,New Jersey,Zen Leaf Neptune,4/4/2024,Membership 0001389 Quarter Membership,Current,199,0,0,0,0,0,0,211.44,12.44
3796775,Nimble,New Jersey,Zen Leaf Neptune,4/4/2024,Membership 0001454 Quarter Membership,Current,199,0,0,0,0,0,0,211.44,12.44
1024795,Dutchie,Illinois,Dutchie Rogers Park,4/4/2024,Membership 0004340 Quarter Membership,Current,199.2,0,243.25,0,0,0,0,0,0.20418
2900079,Nimble,Illinois,Zen Leaf Pilsen,4/4/2024,Membership 0001387 Quarter Membership,Current,199,0,0,0,0,0,0,219.4,20.4
1430136,Nimble,Illinois,Zen Leaf Pilsen,4/4/2024,Membership 0001388 Quarter Membership,Current,199,0,0,0,0,0,0,219.4,20.4
844530,Dutchie,Illinois,Dutchie Saint Charles,4/4/2024,Membership 0001422 Dime Membership,Current,149,0,183.75,0,0,0,0,0,0.152725
2962342,Nimble,New Jersey,Zen Leaf Neptune,4/4/2024,Membership 0001400 Quarter Membership,Current,199,0,0,0,0,0,0,211.44,12.44
4305704,Dutchie,New Jersey,Dutchie Neptune Rec,4/4/2024,Membership 0001509 Quarter Membership,Current,199,0,0,0,200,0,0,0,13.18375
4759195,Dutchie,Illinois,Dutchie Prospect Heights,4/4/2024,Membership 0001511 Quarter Membership,Future,199.2,200,0,0,0,0,0,0,0.20418
1813359,Dutchie,New Jersey,Dutchie Neptune Rec,4/4/2024,Membership 0001447 Dime Membership,Current,134,0,0,0,170,0,0,0,8.877500000000001
2610364,Dutchie,New Jersey,Dutchie Lawrence Rec,4/4/2024,Membership 0001446 Quarter Membership,Current,199,0,0,0,285,0,0,0,13.18375
3605029,Dutchie,New Jersey,Dutchie Neptune Rec,4/4/2024,Membership 0001412 Dime Membership,Current,134,140,0,0,0,0,0,0,8.877500000000001
1812804,Dutchie,New Jersey,Dutchie Neptune Rec,4/4/2024,Membership 0001428 Quarter Membership,Current,199,0,0,0,200,0,0,0,13.18375
3344182,Dutchie,New Jersey,Dutchie Neptune Rec,4/4/2024,Membership 0001601 Quarter Membership,Current,199,0,0,0,355,0,0,0,13.18375
3344182,Dutchie,New Jersey,Dutchie Neptune Rec,4/4/2024,Membership 0001601 Quarter Membership,Future,199,0,0,0,355,0,0,0,13.18375
2543922,Dutchie,New Jersey,Dutchie Elizabeth Rec,4/4/2024,Membership 0001451 Dime Membership,Current,144,382,0,0,0,0,0,0,9.540000000000001
4322460,Dutchie,New Jersey,Dutchie Lawrence Rec,4/4/2024,Membership 0001615 Quarter Membership,Current,199,0,0,0,365,0,0,0,13.18375
1818093,Nimble,New Jersey,Zen Leaf Neptune,4/5/2024,Membership 0001489 Dime Membership,Current,134,0,0,0,0,0,0,142.38,8.38
5259560,Nimble,New Jersey,Zen Leaf Neptune,4/5/2024,Membership 0001467 Quarter Membership,Current,199,0,0,0,0,0,0,211.44,12.44
1315673,Nimble,Illinois,Zen Leaf Naperville,4/5/2024,Membership 0001466 Dime Membership,Current,134,0,0,0,0,0,0,147.74,13.74
2658587,Nimble,New Jersey,Zen Leaf Lawrence,4/5/2024,Membership 0001463 Quarter Membership,Current,199,0,0,0,0,0,0,211.44,12.44
3171404,Nimble,New Jersey,Zen Leaf Neptune,4/5/2024,Membership 0001516 Quarter Membership,Current,199,0,0,0,0,0,0,211.44,12.44
1614931,Nimble,Illinois,Zen Leaf Pilsen,4/5/2024,Membership 0001518 Quarter Membership,Current,199,0,0,0,0,0,0,219.4,20.4
1814014,Nimble,New Jersey,Zen Leaf Neptune,4/5/2024,Membership 0001460 Quarter Membership,Current,199,0,0,0,0,0,0,211.44,12.44
4498605,Nimble,Illinois,Zen Leaf West Loop,4/5/2024,Membership 0001459 Quarter Membership,Current,199,0,0,0,0,0,0,219.4,20.4
1932139,Dutchie,Illinois,Dutchie Lombard,4/5/2024,Membership 0002311 Dime Membership,Current,139,140,0,0,0,0,0,0,0.14247500000000002
1131992,Dutchie,Illinois,Dutchie Evanston,4/5/2024,Membership 0002124 Quarter Membership,Current,189.61,0,0,0,414.5,0,0,0,0.19435025000000003
5261768,Nimble,Illinois,Zen Leaf Pilsen,4/5/2024,Membership 0001515 Quarter Membership,Current,199,0,0,0,0,0,0,219.4,20.4
2429823,Nimble,New Jersey,Zen Leaf Neptune,4/5/2024,Membership 0001500 Dime Membership,Current,134,0,0,0,0,0,0,142.38,8.38
2197718,Dutchie,Illinois,Dutchie Lombard,4/5/2024,Membership 0002066 Quarter Membership,Current,199.2,0,0,0,200,0,0,0,0.20418
4514936,Nimble,Illinois,Zen Leaf Naperville,4/5/2024,Membership 0001538 Quarter Membership,Current,199,0,0,0,0,0,0,219.4,20.4
2197718,Dutchie,Illinois,Dutchie Lombard,4/5/2024,Membership 0002066 Quarter Membership,Future,199.2,0,0,0,200,0,0,0,0.20418
884836,Dutchie,Illinois,Dutchie Saint Charles,4/5/2024,Membership 0000857 Quarter Membership,Current,199.2,0,0,0,200,0,0,0,0.20418
673543,Nimble,Illinois,Zen Leaf St. Charles,4/5/2024,Membership 0001517 Dime Membership,Current,134,0,0,0,0,0,0,147.74,13.74
2444322,Nimble,New Jersey,Zen Leaf Elizabeth,4/5/2024,Membership 0001521 Quarter Membership,Current,199,0,0,0,0,0,0,211.44,12.44
757355,Nimble,Illinois,Zen Leaf St. Charles,4/5/2024,Membership 0001493 Quarter Membership,Current,199,0,0,0,0,0,0,219.4,20.4
5122567,Nimble,Illinois,Zen Leaf St. Charles,4/5/2024,Membership 0001468 Quarter Membership,Current,199,0,0,0,0,0,0,219.4,20.4
2459805,Nimble,New Jersey,Zen Leaf Lawrence,4/5/2024,Membership 0001535 Dime Membership,Current,134,0,0,0,0,0,0,142.38,8.38
4133774,Nimble,New Jersey,Zen Leaf Neptune,4/5/2024,Membership 0001501 Quarter Membership,Current,199,0,0,0,0,0,0,211.44,12.44
788341,Nimble,Illinois,Zen Leaf Aurora,4/5/2024,Membership 0001494 Quarter Membership,Current,199,0,0,0,0,0,0,219.4,20.4
3001676,Nimble,New Jersey,Zen Leaf Lawrence,4/5/2024,Membership 0001486 Dime Membership,Current,134,0,0,0,0,0,0,142.38,8.38
5213853,Nimble,Illinois,Zen Leaf Pilsen,4/5/2024,Membership 0001485 Dime Membership,Current,134,0,0,0,0,0,0,147.74,13.74
2955462,Nimble,New Jersey,Zen Leaf Neptune,4/5/2024,Membership 0001484 Quarter Membership,Current,199,0,0,0,0,0,0,211.44,12.44
1270858,Nimble,Illinois,Zen Leaf Rogers Park,4/5/2024,Membership 0001483 Quarter Membership,Current,199,0,0,0,0,0,0,219.4,20.4
4236950,Dutchie,Illinois,Dutchie Lombard,4/5/2024,Membership 0001997 Quarter Membership,Current,199.2,210,0,0,0,0,0,0,0.20418
2313623,Nimble,New Jersey,Zen Leaf Neptune,4/5/2024,Membership 0001481 Quarter Membership,Current,199,0,0,0,0,0,0,211.44,12.44
4989067,Nimble,New Jersey,Zen Leaf Neptune,4/5/2024,Membership 0001496 Quarter Membership,Current,199,0,0,0,0,0,0,211.44,12.44
2657078,Nimble,New Jersey,Zen Leaf Neptune,4/5/2024,Membership 0001497 Quarter Membership,Current,199,0,0,0,0,0,0,211.44,12.44
1397566,Nimble,Illinois,Zen Leaf Naperville,4/5/2024,Membership 0001480 Quarter Membership,Current,199,0,0,0,0,0,0,219.4,20.4
2294203,Nimble,New Jersey,Zen Leaf Neptune,4/5/2024,Membership 0001479 Quarter Membership,Current,199,0,0,0,0,0,0,211.44,12.44
2130040,Nimble,Illinois,Zen Leaf St. Charles,4/5/2024,Membership 0001532 Quarter Membership,Current,199,0,0,0,0,0,0,219.4,20.4
1362152,Nimble,Illinois,Zen Leaf Rogers Park,4/5/2024,Membership 0001499 Quarter Membership,Current,199,0,0,0,0,0,0,219.4,20.4
3232225,Nimble,New Jersey,Zen Leaf Neptune,4/5/2024,Membership 0001490 Quarter Membership,Current,199,0,0,0,0,0,0,211.44,12.44
4249291,Nimble,Illinois,Zen Leaf Rogers Park,4/5/2024,Membership 0001478 Quarter Membership,Current,199,0,0,0,0,0,0,219.4,20.4
1785563,Nimble,Illinois,Zen Leaf Rogers Park,4/5/2024,Membership 0001472 Quarter Membership,Current,199,0,0,0,0,0,0,219.4,20.4
1251742,Nimble,Illinois,Zen Leaf Evanston,4/5/2024,Membership 0001491 Quarter Membership,Current,199,0,0,0,0,0,0,219.4,20.4
2981440,Nimble,New Jersey,Zen Leaf Neptune,4/5/2024,Membership 0001471 Dime Membership,Current,134,0,0,0,0,0,0,142.38,8.38
1829836,Dutchie,Illinois,Dutchie Evanston,4/5/2024,Membership 0001528 Quarter Membership,Current,199.2,203,0,0,0,0,0,0,0.20418
846314,Nimble,Illinois,Zen Leaf Evanston,4/5/2024,Membership 0001502 Quarter Membership,Current,199,0,0,0,0,0,0,219.4,20.4
2865039,Nimble,Illinois,Zen Leaf Rogers Park,4/5/2024,Membership 0001503 Dime Membership,Current,134,0,0,0,0,0,0,147.74,13.74
5261562,Nimble,New Jersey,Zen Leaf Neptune,4/5/2024,Membership 0001504 Dime Membership,Current,134,0,0,0,0,0,0,142.38,8.38
1301477,Nimble,Illinois,Zen Leaf Pilsen,4/5/2024,Membership 0001469 Quarter Membership,Current,199,0,0,0,0,0,0,219.4,20.4
890740,Dutchie,Illinois,Dutchie Evanston,4/5/2024,Membership 0001473 Quarter Membership,Current,199.2,200,0,0,0,0,0,0,0.20418
5190492,Nimble,Illinois,Zen Leaf Rogers Park,4/5/2024,Membership 0001470 Quarter Membership,Current,199,0,0,0,0,0,0,219.4,20.4
1385489,Dutchie,Illinois,Dutchie Saint Charles,4/5/2024,Membership 0002063 Quarter Membership,Current,249,320,0,0,0,0,0,0,0.25522500000000004
4333161,Dutchie,Illinois,Dutchie Greektown,4/5/2024,Membership 0001525 Quarter Membership,Future,199.2,0,245,0,0,0,0,0,0.20418
670442,Nimble,New Jersey,Zen Leaf Elizabeth,4/5/2024,Membership 0001530 Quarter Membership,Current,199,0,0,0,0,0,0,211.44,12.44
5229707,Dutchie,Illinois,Dutchie Saint Charles,4/5/2024,Membership 0001657 Quarter Membership,Future,249,320,0,0,40,0,0,0,0.25522500000000004
5229707,Dutchie,Illinois,Dutchie Saint Charles,4/5/2024,Membership 0001657 Quarter Membership,Current,249,320,0,0,40,0,0,0,0.25522500000000004
711306,Nimble,Illinois,Zen Leaf St. Charles,4/5/2024,Membership 0001529 Quarter Membership,Current,199,0,0,0,0,0,0,219.4,20.4
780139,Dutchie,Illinois,Dutchie Naperville,4/5/2024,Membership 0004344 Quarter Membership,Current,199.2,0,0,0,230,0,0,0,0.20418
1600694,Dutchie,Illinois,Dutchie Lombard,4/5/2024,Membership 0002069 Quarter Membership,Current,199.2,0,0,0,260,0,0,0,0.20418
3396384,Dutchie,New Jersey,Dutchie Neptune Rec,4/5/2024,Membership 0001660 Quarter Membership,Current,199,0,0,0,200,0,0,0,13.18375
1125385,Nimble,Illinois,Zen Leaf Evanston,4/5/2024,Membership 0001533 Quarter Membership,Current,199,0,0,0,0,0,0,219.4,20.4
4452917,Dutchie,New Jersey,Dutchie Neptune Rec,4/5/2024,Membership 0001625 Quarter Membership,Current,199,0,0,0,200,0,0,0,13.18375
796875,Dutchie,Illinois,Dutchie Naperville,4/5/2024,Membership 0001488 Quarter Membership,Current,199.2,0,0,0,230,0,0,0,0.20418
4333161,Dutchie,Illinois,Dutchie Greektown,4/5/2024,Membership 0001525 Quarter Membership,Current,199.2,0,245,0,0,0,0,0,0.20418
2664895,Dutchie,New Jersey,Dutchie Neptune Rec,4/5/2024,Membership 0001972 Quarter Membership,Current,199,420,0,0,0,0,0,0,13.18375
1614894,Nimble,Illinois,Zen Leaf Pilsen,4/5/2024,Membership 0001522 Quarter Membership,Current,199,0,0,0,0,0,0,219.4,20.4
3238682,Nimble,New Jersey,Zen Leaf Neptune,4/5/2024,Membership 0001523 Dime Membership,Current,134,0,0,0,0,0,0,142.38,8.38
2662015,Dutchie,New Jersey,Dutchie Neptune Rec,4/5/2024,Membership 0001475 Quarter Membership,Current,199,200,0,0,0,0,0,0,13.18375
3276990,Dutchie,New Jersey,Dutchie Neptune Rec,4/5/2024,Membership 0001465 Quarter Membership,Current,199,200,0,0,0,0,0,0,13.18375
5261235,Nimble,Illinois,Zen Leaf Naperville,4/5/2024,Membership 0001498 Quarter Membership,Current,199,0,0,0,0,0,0,219.4,20.4
1385489,Dutchie,Illinois,Dutchie Saint Charles,4/5/2024,Membership 0002063 Quarter Membership,Future,249,320,0,0,0,0,0,0,0.25522500000000004
1947498,Dutchie,Illinois,Dutchie Saint Charles,4/5/2024,Membership 0001537 Quarter Membership,Current,199.2,200,0,0,0,0,0,0,0.20418
551543,Dutchie,Illinois,Dutchie Saint Charles,4/5/2024,Membership 0001540 Quarter Membership,Current,202.89,0,288,0,0,0,0,0,0.20796225000000002
841220,Dutchie,Illinois,Dutchie Prospect Heights,4/5/2024,Membership 0002261 Quarter Membership,Current,199.2,0,199,0,0,0,0,0,0.20418
2629476,Dutchie,New Jersey,Dutchie Elizabeth Rec,4/5/2024,Membership 0001492 Quarter Membership,Current,249,0,342,0,0,0,0,0,16.49625
2629476,Dutchie,New Jersey,Dutchie Elizabeth Rec,4/5/2024,Membership 0001492 Quarter Membership,Future,249,0,342,0,0,0,0,0,16.49625
2995463,Dutchie,New Jersey,Dutchie Lawrence Rec,4/5/2024,Membership 0001477 Quarter Membership,Current,199,200,0,0,0,0,0,0,13.18375
2494177,Dutchie,New Jersey,Dutchie Lawrence Rec,4/5/2024,Membership 0002151 Quarter Membership,Current,199,240,0,0,0,0,0,0,13.18375
949572,Nimble,Illinois,Zen Leaf St. Charles,4/5/2024,Membership 0001542 Quarter Membership,Current,199,0,0,0,0,0,0,219.4,20.4
2494177,Dutchie,New Jersey,Dutchie Lawrence Rec,4/5/2024,Membership 0002151 Quarter Membership,Future,199,240,0,0,0,0,0,0,13.18375
3116926,Nimble,New Jersey,Zen Leaf Lawrence,4/5/2024,Membership 0001534 Quarter Membership,Current,199,0,0,0,0,0,0,211.44,12.44
2591435,Dutchie,New Jersey,Dutchie Lawrence Rec,4/5/2024,Membership 0001495 Quarter Membership,Current,199,0,199,0,0,0,0,0,13.18375
3139985,Dutchie,Illinois,Dutchie Greektown,4/5/2024,Membership 0001531 Quarter Membership,Future,224.1,0,292.25,0,0,0,0,0,0.2297025
3139985,Dutchie,Illinois,Dutchie Greektown,4/5/2024,Membership 0001531 Quarter Membership,Current,224.1,0,292.25,0,0,0,0,0,0.2297025
1244250,Nimble,Illinois,Zen Leaf Evanston,4/5/2024,Membership 0001482 Quarter Membership,Current,199,0,0,0,0,0,0,219.4,20.4
2591280,Dutchie,New Jersey,Dutchie Lawrence Rec,4/5/2024,Membership 0001514 Quarter Membership,Current,199,205,0,0,0,0,0,0,13.18375
1129022,Dutchie,Illinois,Dutchie Rogers Park,4/5/2024,Membership 0001512 Dime Membership,Current,134.1,180,0,0,0,0,0,0,0.1374525
4168025,Nimble,Illinois,Zen Leaf Rogers Park,4/5/2024,Membership 0001541 Quarter Membership,Current,199,0,0,0,0,0,0,219.4,20.4
2591435,Dutchie,New Jersey,Dutchie Lawrence Rec,4/5/2024,Membership 0001495 Quarter Membership,Future,199,0,199,0,0,0,0,0,13.18375
5262205,Nimble,Illinois,Zen Leaf Pilsen,4/5/2024,Membership 0001526 Quarter Membership,Current,199,0,0,0,0,0,0,219.4,20.4
2930623,Nimble,New Jersey,Zen Leaf Neptune,4/6/2024,Membership 0001609 Dime Membership,Current,134,0,0,0,0,0,0,142.38,8.38
1018792,Nimble,Illinois,Zen Leaf Prospect Heights,4/6/2024,Membership 0001610 Quarter Membership,Current,199,0,0,0,0,0,0,219.4,20.4
2518640,Nimble,New Jersey,Zen Leaf Elizabeth,4/6/2024,Membership 0001583 Quarter Membership,Current,199,0,0,0,0,0,0,211.44,12.44
1084167,Nimble,Illinois,Zen Leaf Highland Park,4/6/2024,Membership 0001605 Quarter Membership,Current,199,0,0,0,0,0,0,219.4,20.4
4424071,Nimble,Illinois,Zen Leaf Aurora,4/6/2024,Membership 0001584 Quarter Membership,Current,199,0,0,0,0,0,0,219.4,20.4
745023,Nimble,Illinois,Zen Leaf St. Charles,4/6/2024,Membership 0001587 Quarter Membership,Current,199,0,0,0,0,0,0,219.4,20.4
5264179,Nimble,Illinois,Zen Leaf Naperville,4/6/2024,Membership 0001597 Quarter Membership,Current,199,0,0,0,0,0,0,219.4,20.4
1111088,Nimble,Illinois,Zen Leaf Lombard,4/6/2024,Membership 0001582 Quarter Membership,Current,199,0,0,0,0,0,0,219.4,20.4
866927,Nimble,Illinois,Zen Leaf Naperville,4/6/2024,Membership 0001686 Quarter Membership,Current,199,0,0,0,0,0,0,219.4,20.4
695241,Nimble,Illinois,Zen Leaf St. Charles,4/6/2024,Membership 0001586 Quarter Membership,Current,199,0,0,0,0,0,0,219.4,20.4
2877674,Nimble,New Jersey,Zen Leaf Lawrence,4/6/2024,Membership 0001576 Quarter Membership,Current,199,0,0,0,0,0,0,211.44,12.44
2504612,Nimble,New Jersey,Zen Leaf Elizabeth,4/6/2024,Membership 0001575 Quarter Membership,Current,199,0,0,0,0,0,0,211.44,12.44
2199656,Nimble,Illinois,Zen Leaf Highland Park,4/6/2024,Membership 0001588 Quarter Membership,Current,199,0,0,0,0,0,0,219.4,20.4
796505,Nimble,Illinois,Zen Leaf Naperville,4/6/2024,Membership 0001590 Quarter Membership,Current,199,0,0,0,0,0,0,219.4,20.4
3209924,Nimble,Illinois,Zen Leaf Pilsen,4/6/2024,Membership 0001629 Quarter Membership,Current,199,0,0,0,0,0,0,219.4,20.4
3656599,Nimble,New Jersey,Zen Leaf Lawrence,4/6/2024,Membership 0001574 Quarter Membership,Current,199,0,0,0,0,0,0,211.44,12.44
4145151,Nimble,New Jersey,Zen Leaf Lawrence,4/6/2024,Membership 0001591 Quarter Membership,Current,199,0,0,0,0,0,0,211.44,12.44
2599694,Nimble,New Jersey,Zen Leaf Lawrence,4/6/2024,Membership 0001580 Quarter Membership,Current,199,0,0,0,0,0,0,211.44,12.44
5264095,Nimble,New Jersey,Zen Leaf Elizabeth,4/6/2024,Membership 0001592 Quarter Membership,Current,199,0,0,0,0,0,0,211.44,12.44
865655,Nimble,Illinois,Zen Leaf St. Charles,4/6/2024,Membership 0001596 Quarter Membership,Current,199,0,0,0,0,0,0,219.4,20.4
731993,Nimble,Illinois,Zen Leaf Aurora,4/6/2024,Membership 0001599 Dime Membership,Current,134,0,0,0,0,0,0,147.74,13.74
1814808,Nimble,New Jersey,Zen Leaf Neptune,4/6/2024,Membership 0001604 Dime Membership,Current,134,0,0,0,0,0,0,142.38,8.38
5264567,Nimble,New Jersey,Zen Leaf Lawrence,4/6/2024,Membership 0001608 Quarter Membership,Current,199,0,0,0,0,0,0,211.44,12.44
1761822,Nimble,Illinois,Zen Leaf Pilsen,4/6/2024,Membership 0001607 Quarter Membership,Current,199,0,0,0,0,0,0,219.4,20.4
5263859,Nimble,Illinois,Zen Leaf Highland Park,4/6/2024,Membership 0001585 Quarter Membership,Current,199,0,0,0,0,0,0,219.4,20.4
1409320,Nimble,Illinois,Zen Leaf West Loop,4/6/2024,Membership 0001545 Quarter Membership,Current,199,0,0,0,0,0,0,219.4,20.4
5264660,Nimble,Illinois,Zen Leaf Aurora,4/6/2024,Membership 0001611 Quarter Membership,Current,199,0,0,0,0,0,0,219.4,20.4
2956810,Nimble,New Jersey,Zen Leaf Neptune,4/6/2024,Membership 0001674 Dime Membership,Current,134,0,0,0,0,0,0,142.38,8.38
2648087,Nimble,New Jersey,Zen Leaf Elizabeth,4/6/2024,Membership 0001676 Quarter Membership,Current,199,0,0,0,0,0,0,211.44,12.44
3159471,Nimble,New Jersey,Zen Leaf Neptune,4/6/2024,Membership 0001677 Quarter Membership,Current,199,0,0,0,0,0,0,211.44,12.44
1816367,Nimble,New Jersey,Zen Leaf Neptune,4/6/2024,Membership 0001679 Quarter Membership,Current,199,0,0,0,0,0,0,211.44,12.44
1987669,Dutchie,Illinois,Dutchie Naperville,4/6/2024,Membership 0002065 Quarter Membership,Current,199.2,0,408.25,0,0,0,0,0,0.20418
3574364,Nimble,New Jersey,Zen Leaf Neptune,4/6/2024,Membership 0001680 Quarter Membership,Current,199,0,0,0,0,0,0,211.44,12.44
2639880,Nimble,New Jersey,Zen Leaf Neptune,4/6/2024,Membership 0001681 Dime Membership,Current,134,0,0,0,0,0,0,142.38,8.38
5009226,Nimble,New Jersey,Zen Leaf Elizabeth,4/6/2024,Membership 0001683 Quarter Membership,Current,199,0,0,0,0,0,0,211.44,12.44
708882,Nimble,Illinois,Zen Leaf St. Charles,4/6/2024,Membership 0001684 Quarter Membership,Current,199,0,0,0,0,0,0,219.4,20.4
1410510,Nimble,New Jersey,Zen Leaf Elizabeth,4/6/2024,Membership 0001685 Dime Membership,Current,134,0,0,0,0,0,0,142.38,8.38
5000934,Nimble,Illinois,Zen Leaf Naperville,4/6/2024,Membership 0001688 Quarter Membership,Current,199,0,0,0,0,0,0,219.4,20.4
828243,Nimble,Illinois,Zen Leaf Prospect Heights,4/6/2024,Membership 0001690 Quarter Membership,Current,199,0,0,0,0,0,0,219.4,20.4
3351568,Dutchie,Illinois,Dutchie Naperville,4/6/2024,Membership 0002051 Quarter Membership,Current,199.2,0,199,0,0,0,0,0,0.20418
1257837,Nimble,Illinois,Zen Leaf Rogers Park,4/6/2024,Membership 0001691 Quarter Membership,Current,199,0,0,0,0,0,0,219.4,20.4
2325100,Dutchie,Illinois,Dutchie Aurora,4/6/2024,Membership 0001952 Quarter Membership,Future,169.26,420,0,0,0,0,0,0,0.1734915
2325100,Dutchie,Illinois,Dutchie Aurora,4/6/2024,Membership 0001952 Quarter Membership,Current,169.26,420,0,0,0,0,0,0,0.1734915
4460967,Dutchie,Illinois,Dutchie Prospect Heights,4/6/2024,Membership 0001910 Quarter Membership,Current,199.2,0,0,0,250,0,0,0,0.20418
4819743,Nimble,New Jersey,Zen Leaf Lawrence,4/6/2024,Membership 0001627 Dime Membership,Current,134,0,0,0,0,0,0,142.38,8.38
581819,Nimble,New Jersey,Zen Leaf Neptune,4/6/2024,Membership 0001634 Quarter Membership,Current,199,0,0,0,0,0,0,211.44,12.44
1058123,Dutchie,Illinois,Dutchie Prospect Heights,4/6/2024,Membership 0004234 Quarter Membership,Current,249,0,0,0,260,0,0,0,0.25522500000000004
1359713,Dutchie,Illinois,Dutchie Greektown,4/6/2024,Membership 0001623 Quarter Membership,Current,199,0,0,0,480,0,0,0,0.20397500000000002
2123318,Dutchie,Illinois,Dutchie Aurora,4/6/2024,Membership 0001954 Dime Membership,Current,134.1,0,0,0,200,0,0,0,0.1374525
1785290,Dutchie,Illinois,Dutchie Naperville,4/6/2024,Membership 0001589 Quarter Membership,Current,199.2,0,0,0,200,0,0,0,0.20418
5266043,Nimble,New Jersey,Zen Leaf Lawrence,4/6/2024,Membership 0001670 Quarter Membership,Current,199,0,0,0,0,0,0,211.44,12.44
693472,Nimble,Illinois,Zen Leaf Naperville,4/6/2024,Membership 0001687 Quarter Membership,Current,199,0,0,0,0,0,0,219.4,20.4
1396301,Nimble,Illinois,Zen Leaf Pilsen,4/6/2024,Membership 0001669 Quarter Membership,Current,199,0,0,0,0,0,0,219.4,20.4
1928444,Nimble,Illinois,Zen Leaf Pilsen,4/6/2024,Membership 0001666 Quarter Membership,Current,199,0,0,0,0,0,0,219.4,20.4
1816414,Nimble,New Jersey,Zen Leaf Neptune,4/6/2024,Membership 0001613 Dime Membership,Current,134,0,0,0,0,0,0,142.38,8.38
2131503,Nimble,Illinois,Zen Leaf Aurora,4/6/2024,Membership 0001616 Dime Membership,Current,134,0,0,0,0,0,0,147.74,13.74
5264760,Nimble,New Jersey,Zen Leaf Lawrence,4/6/2024,Membership 0001617 Dime Membership,Current,134,0,0,0,0,0,0,142.38,8.38
3236677,Nimble,Illinois,Zen Leaf Pilsen,4/6/2024,Membership 0001621 Quarter Membership,Current,199,0,0,0,0,0,0,219.4,20.4
2902569,Nimble,New Jersey,Zen Leaf Lawrence,4/6/2024,Membership 0001626 Quarter Membership,Current,199,0,0,0,0,0,0,211.44,12.44
3604730,Nimble,New Jersey,Zen Leaf Elizabeth,4/6/2024,Membership 0001628 Quarter Membership,Current,199,0,0,0,0,0,0,211.44,12.44
4999972,Nimble,New Jersey,Zen Leaf Neptune,4/6/2024,Membership 0001630 Quarter Membership,Current,199,0,0,0,0,0,0,211.44,12.44
4557004,Dutchie,Illinois,Dutchie Aurora,4/6/2024,Membership 0001883 Quarter Membership,Current,199.2,0,0,0,240,0,0,0,0.20418
2868608,Nimble,Illinois,Zen Leaf Lombard,4/6/2024,Membership 0001631 Quarter Membership,Current,199,0,0,0,0,0,0,219.4,20.4
5264988,Nimble,New Jersey,Zen Leaf Neptune,4/6/2024,Membership 0001632 Quarter Membership,Current,199,0,0,0,0,0,0,211.44,12.44
745515,Nimble,Illinois,Zen Leaf St. Charles,4/6/2024,Membership 0001636 Quarter Membership,Current,199,0,0,0,0,0,0,219.4,20.4
1719968,Nimble,Illinois,Zen Leaf Aurora,4/6/2024,Membership 0001637 Quarter Membership,Current,199,0,0,0,0,0,0,219.4,20.4
1990672,Nimble,Illinois,Zen Leaf West Loop,4/6/2024,Membership 0001678 Dime Membership,Current,134,0,0,0,0,0,0,147.74,13.74
732471,Nimble,Illinois,Zen Leaf Naperville,4/6/2024,Membership 0001640 Quarter Membership,Current,199,0,0,0,0,0,0,219.4,20.4
1247833,Nimble,Illinois,Zen Leaf Rogers Park,4/6/2024,Membership 0001645 Quarter Membership,Current,199,0,0,0,0,0,0,219.4,20.4
2570998,Nimble,New Jersey,Zen Leaf Lawrence,4/6/2024,Membership 0001649 Quarter Membership,Current,199,0,0,0,0,0,0,211.44,12.44
1671941,Nimble,Illinois,Zen Leaf St. Charles,4/6/2024,Membership 0001651 Quarter Membership,Current,199,0,0,0,0,0,0,219.4,20.4
952922,Nimble,Illinois,Zen Leaf Naperville,4/6/2024,Membership 0001655 Quarter Membership,Current,199,0,0,0,0,0,0,219.4,20.4
5265518,Nimble,Illinois,Zen Leaf Naperville,4/6/2024,Membership 0001661 Dime Membership,Current,134,0,0,0,0,0,0,147.74,13.74
2897747,Nimble,New Jersey,Zen Leaf Lawrence,4/6/2024,Membership 0001662 Quarter Membership,Current,199,0,0,0,0,0,0,211.44,12.44
3184977,Nimble,Illinois,Zen Leaf St. Charles,4/6/2024,Membership 0001664 Quarter Membership,Current,199,0,0,0,0,0,0,219.4,20.4
5265749,Nimble,Illinois,Zen Leaf Evanston,4/6/2024,Membership 0001663 Dime Membership,Current,134,0,0,0,0,0,0,147.74,13.74
3932374,Nimble,New Jersey,Zen Leaf Neptune,4/6/2024,Membership 0001665 Quarter Membership,Current,199,0,0,0,0,0,0,211.44,12.44
2821850,Nimble,New Jersey,Zen Leaf Lawrence,4/6/2024,Membership 0001668 Quarter Membership,Current,199,0,0,0,0,0,0,211.44,12.44
2819956,Nimble,New Jersey,Zen Leaf Neptune,4/6/2024,Membership 0001593 Quarter Membership,Current,199,0,0,0,0,0,0,211.44,12.44
2989245,Dutchie,New Jersey,Dutchie Neptune Rec,4/6/2024,Membership 0004264 Quarter Membership,Current,199,0,319,0,0,0,0,0,13.18375
5263619,Nimble,New Jersey,Zen Leaf Lawrence,4/6/2024,Membership 0001571 Quarter Membership,Current,199,0,0,0,0,0,0,211.44,12.44
2540712,Dutchie,New Jersey,Dutchie Neptune Rec,4/6/2024,Membership 0001548 Dime Membership,Current,134,0,0,0,135,0,0,0,8.877500000000001
3168942,Dutchie,New Jersey,Dutchie Lawrence Rec,4/6/2024,Membership 0001675 Quarter Membership,Future,199,0,0,0,200,0,0,0,13.18375
3168942,Dutchie,New Jersey,Dutchie Lawrence Rec,4/6/2024,Membership 0001675 Quarter Membership,Current,199,0,0,0,200,0,0,0,13.18375
2587647,Dutchie,New Jersey,Dutchie Lawrence Rec,4/6/2024,Membership 0001654 Quarter Membership,Current,199,200,0,0,0,0,0,0,13.18375
2858512,Dutchie,New Jersey,Dutchie Lawrence Rec,4/6/2024,Membership 0001620 Quarter Membership,Current,143.98000000000002,200,0,0,0,0,0,0,9.538675000000001
4121815,Dutchie,New Jersey,Dutchie Lawrence Rec,4/6/2024,Membership 0001579 Quarter Membership,Current,177.32999999999998,400,0,0,0,0,0,0,11.7481125
617273,Dutchie,New Jersey,Dutchie Lawrence Med,4/6/2024,Membership 0001643 Quarter Membership,Current,199,0,0,0,200,0,0,0,13.18375
4740790,Dutchie,New Jersey,Dutchie Elizabeth Rec,4/6/2024,Membership 0001882 Quarter Membership,Current,199,100,0,0,220,0,0,0,13.18375
838572,Nimble,Illinois,Zen Leaf St. Charles,4/6/2024,Membership 0001673 Quarter Membership,Current,199,0,0,0,0,0,0,219.4,20.4
1299730,Dutchie,Illinois,Dutchie Aurora,4/6/2024,Membership 0001809 Quarter Membership,Current,199.2,0,254.75,0,0,0,0,0,0.20418
554370,Nimble,Illinois,Zen Leaf St. Charles,4/6/2024,Membership 0001618 Dime Membership,Current,134,0,0,0,0,0,0,147.74,13.74
2121726,Nimble,Illinois,Zen Leaf Pilsen,4/6/2024,Membership 0001606 Quarter Membership,Current,199,0,0,0,0,0,0,219.4,20.4
935850,Dutchie,Illinois,Dutchie Naperville,4/6/2024,Membership 0001672 Quarter Membership,Current,199.2,0,0,0,210,0,0,0,0.20418
3757073,Nimble,Illinois,Zen Leaf Rogers Park,4/6/2024,Membership 0001682 Dime Membership,Current,134,0,0,0,0,0,0,147.74,13.74
3833454,Nimble,Illinois,Zen Leaf Rogers Park,4/6/2024,Membership 0001658 Quarter Membership,Current,199,0,0,0,0,0,0,219.4,20.4
3277416,Dutchie,New Jersey,Dutchie Neptune Rec,4/6/2024,Membership 0001550 Quarter Membership,Current,199,200,0,0,0,0,0,0,13.18375
1786775,Dutchie,Illinois,Dutchie Aurora,4/6/2024,Membership 0001839 Quarter Membership,Current,199.2,200,0,0,0,0,0,0,0.20418
2858845,Dutchie,New Jersey,Dutchie Neptune Rec,4/6/2024,Membership 0001555 Quarter Membership,Current,199,0,0,0,250,0,0,0,13.18375
3059543,Dutchie,New Jersey,Dutchie Neptune Rec,4/6/2024,Membership 0001560 Quarter Membership,Future,199,200,0,0,0,0,0,0,13.18375
1812776,Dutchie,New Jersey,Dutchie Lawrence Rec,4/6/2024,Membership 0001823 Quarter Membership,Future,199,0,0,0,225,0,0,0,13.18375
5265300,Nimble,New Jersey,Zen Leaf Lawrence,4/6/2024,Membership 0001650 Quarter Membership,Current,199,0,0,0,0,0,0,211.44,12.44
1296928,Nimble,New Jersey,Zen Leaf Lawrence,4/6/2024,Membership 0001573 Dime Membership,Current,134,0,0,0,0,0,0,142.38,8.38
1816098,Dutchie,New Jersey,Dutchie Neptune Rec,4/6/2024,Membership 0001960 Quarter Membership,Current,191.8,0,0,0,665,0,0,0,12.706750000000001
5138779,Nimble,Illinois,Zen Leaf St. Charles,4/6/2024,Membership 0001612 Dime Membership,Current,134,0,0,0,0,0,0,147.74,13.74
3524404,Dutchie,New Jersey,Dutchie Neptune Rec,4/6/2024,Membership 0004331 Dime Membership,Current,134,0,0,0,135,0,0,0,8.877500000000001
4140365,Dutchie,New Jersey,Dutchie Neptune Rec,4/6/2024,Membership 0003271 Quarter Membership,Current,199,0,0,0,200,0,0,0,13.18375
2975393,Dutchie,New Jersey,Dutchie Neptune Rec,4/6/2024,Membership 0001970 Dime Membership,Current,134,0,0,0,135,0,0,0,8.877500000000001
2833778,Dutchie,New Jersey,Dutchie Neptune Rec,4/6/2024,Membership 0001639 Quarter Membership,Current,194,0,0,0,195,0,0,0,12.852500000000001
3632008,Dutchie,New Jersey,Dutchie Neptune Rec,4/6/2024,Membership 0004621 Quarter Membership,Current,199,200,0,0,0,0,0,0,13.18375
581925,Dutchie,New Jersey,Dutchie Neptune Rec,4/6/2024,Membership 0001832 Quarter Membership,Future,199,310,0,0,0,0,0,0,13.18375
581925,Dutchie,New Jersey,Dutchie Neptune Rec,4/6/2024,Membership 0001832 Quarter Membership,Current,199,310,0,0,0,0,0,0,13.18375
4200471,Dutchie,New Jersey,Dutchie Neptune Rec,4/6/2024,Membership 0001976 Quarter Membership,Current,199,0,0,0,365,0,0,0,13.18375
1812772,Dutchie,New Jersey,Dutchie Neptune Rec,4/6/2024,Membership 0001644 Quarter Membership,Current,199,50,149,0,0,0,0,0,13.18375
3236025,Dutchie,New Jersey,Dutchie Neptune Rec,4/6/2024,Membership 0001569 Dime Membership,Current,134,0,0,0,240,0,0,0,8.877500000000001
3059543,Dutchie,New Jersey,Dutchie Neptune Rec,4/6/2024,Membership 0001560 Quarter Membership,Current,199,200,0,0,0,0,0,0,13.18375
2012989,Dutchie,Illinois,Dutchie Rogers Park,4/6/2024,Membership 0001598 Quarter Membership,Current,199.2,200,0,0,0,0,0,0,0.20418
1812776,Dutchie,New Jersey,Dutchie Lawrence Rec,4/6/2024,Membership 0001823 Quarter Membership,Current,199,0,0,0,225,0,0,0,13.18375
662470,Dutchie,New Jersey,Dutchie Neptune Rec,4/6/2024,Membership 0001966 Dime Membership,Current,134,140,0,0,0,0,0,0,8.877500000000001
1427944,Nimble,Illinois,Zen Leaf Pilsen,4/6/2024,Membership 0001544 Quarter Membership,Current,199,0,0,0,0,0,0,219.4,20.4
4563471,Nimble,New Jersey,Zen Leaf Neptune,4/6/2024,Membership 0001546 Quarter Membership,Current,199,0,0,0,0,0,0,211.44,12.44
4035822,Nimble,Illinois,Zen Leaf St. Charles,4/6/2024,Membership 0001667 Quarter Membership,Current,199,0,0,0,0,0,0,219.4,20.4
3002824,Nimble,New Jersey,Zen Leaf Neptune,4/6/2024,Membership 0001547 Quarter Membership,Current,199,0,0,0,0,0,0,211.44,12.44
1256001,Nimble,Illinois,Zen Leaf Rogers Park,4/6/2024,Membership 0001551 Quarter Membership,Current,199,0,0,0,0,0,0,219.4,20.4
5263275,Nimble,New Jersey,Zen Leaf Neptune,4/6/2024,Membership 0001553 Quarter Membership,Current,199,0,0,0,0,0,0,211.44,12.44
1969431,Nimble,New Jersey,Zen Leaf Elizabeth,4/6/2024,Membership 0001552 Dime Membership,Current,134,0,0,0,0,0,0,142.38,8.38
3608876,Nimble,New Jersey,Zen Leaf Neptune,4/6/2024,Membership 0001557 Quarter Membership,Current,199,0,0,0,0,0,0,211.44,12.44
3519177,Nimble,New Jersey,Zen Leaf Neptune,4/6/2024,Membership 0001554 Quarter Membership,Current,199,0,0,0,0,0,0,211.44,12.44
1097092,Nimble,Illinois,Zen Leaf St. Charles,4/6/2024,Membership 0001602 Dime Membership,Current,134,0,0,0,0,0,0,147.74,13.74
970558,Nimble,Illinois,Zen Leaf Rogers Park,4/6/2024,Membership 0001543 Quarter Membership,Current,199,0,0,0,0,0,0,219.4,20.4
3088450,Nimble,New Jersey,Zen Leaf Neptune,4/6/2024,Membership 0001558 Quarter Membership,Current,199,0,0,0,0,0,0,211.44,12.44
2266961,Nimble,New Jersey,Zen Leaf Elizabeth,4/6/2024,Membership 0001562 Quarter Membership,Current,199,0,0,0,0,0,0,211.44,12.44
1332093,Nimble,New Jersey,Zen Leaf Lawrence,4/6/2024,Membership 0001561 Quarter Membership,Current,199,0,0,0,0,0,0,211.44,12.44
3817254,Nimble,New Jersey,Zen Leaf Neptune,4/6/2024,Membership 0001563 Quarter Membership,Current,199,0,0,0,0,0,0,211.44,12.44
2938179,Nimble,New Jersey,Zen Leaf Neptune,4/6/2024,Membership 0001570 Quarter Membership,Current,199,0,0,0,0,0,0,211.44,12.44
4594065,Nimble,New Jersey,Zen Leaf Elizabeth,4/6/2024,Membership 0001564 Quarter Membership,Current,199,0,0,0,0,0,0,211.44,12.44
3406819,Nimble,New Jersey,Zen Leaf Elizabeth,4/6/2024,Membership 0001568 Dime Membership,Current,134,0,0,0,0,0,0,142.38,8.38
5263786,Nimble,Illinois,Zen Leaf Pilsen,4/6/2024,Membership 0001581 Quarter Membership,Current,199,0,0,0,0,0,0,219.4,20.4
1817415,Nimble,New Jersey,Zen Leaf Neptune,4/6/2024,Membership 0001566 Quarter Membership,Current,199,0,0,0,0,0,0,211.44,12.44
5263462,Nimble,New Jersey,Zen Leaf Neptune,4/6/2024,Membership 0001565 Quarter Membership,Current,199,0,0,0,0,0,0,211.44,12.44
2467150,Nimble,New Jersey,Zen Leaf Neptune,4/6/2024,Membership 0001567 Quarter Membership,Current,199,0,0,0,0,0,0,211.44,12.44
2863536,Nimble,New Jersey,Zen Leaf Lawrence,4/6/2024,Membership 0001559 Dime Membership,Current,134,0,0,0,0,0,0,142.38,8.38
2661604,Dutchie,Illinois,Dutchie Prospect Heights,4/6/2024,Membership 0004386 Quarter Membership,Current,249,0,0,0,280,0,0,0,0.25522500000000004
3932350,Nimble,New Jersey,Zen Leaf Lawrence,4/6/2024,Membership 0001556 Quarter Membership,Current,199,0,0,0,0,0,0,211.44,12.44
685891,Dutchie,Illinois,Dutchie Lombard,4/6/2024,Membership 0001944 Quarter Membership,Current,199.2,0,331.75,0,0,0,0,0,0.20418
928569,Nimble,Illinois,Zen Leaf Prospect Heights,4/6/2024,Membership 0001646 Dime Membership,Current,134,0,0,0,0,0,0,147.74,13.74
1881475,Dutchie,Illinois,Dutchie Naperville,4/6/2024,Membership 0001648 Dime Membership,Current,134.1,0,0,0,140,0,0,0,0.1374525
550188,Nimble,Illinois,Zen Leaf St. Charles,4/6/2024,Membership 0001689 Dime Membership,Current,134,0,0,0,0,0,0,147.74,13.74
1846555,Dutchie,Illinois,Dutchie Highland Park,4/6/2024,Membership 0001622 Quarter Membership,Current,199.2,250,0,0,0,0,0,0,0.20418
3003182,Nimble,New Jersey,Zen Leaf Elizabeth,4/6/2024,Membership 0001652 Quarter Membership,Current,199,0,0,0,0,0,0,211.44,12.44
2974718,Dutchie,New Jersey,Dutchie Neptune Rec,4/6/2024,Membership 0001969 Dime Membership,Current,134,135,0,0,0,0,0,0,8.877500000000001
2803032,Nimble,Illinois,Zen Leaf St. Charles,4/6/2024,Membership 0001572 Quarter Membership,Current,199,0,0,0,0,0,0,219.4,20.4
2914432,Nimble,New Jersey,Zen Leaf Elizabeth,4/6/2024,Membership 0001603 Quarter Membership,Current,199,0,0,0,0,0,0,211.44,12.44
1313625,Nimble,Illinois,Zen Leaf Rogers Park,4/7/2024,Membership 0001776 Dime Membership,Current,134,0,0,0,0,0,0,147.74,13.74
2500594,Dutchie,New Jersey,Dutchie Lawrence Rec,4/7/2024,Membership 0001738 Quarter Membership,Current,199,0,0,0,265,0,0,0,13.18375
3912617,Nimble,Illinois,Zen Leaf Highland Park,4/7/2024,Membership 0001751 Quarter Membership,Current,199,0,0,0,0,0,0,219.4,20.4
5125439,Dutchie,New Jersey,Dutchie Lawrence Rec,4/7/2024,Membership 0001753 Quarter Membership,Future,199,0,0,0,500,0,0,0,13.18375
3017154,Nimble,New Jersey,Zen Leaf Elizabeth,4/7/2024,Membership 0001750 Quarter Membership,Current,199,0,0,0,0,0,0,211.44,12.44
1403011,Nimble,Illinois,Zen Leaf St. Charles,4/7/2024,Membership 0001749 Dime Membership,Current,134,0,0,0,0,0,0,147.74,13.74
850568,Nimble,Illinois,Zen Leaf Naperville,4/7/2024,Membership 0001748 Quarter Membership,Current,199,0,0,0,0,0,0,219.4,20.4
550482,Nimble,Illinois,Zen Leaf St. Charles,4/7/2024,Membership 0001747 Quarter Membership,Current,199,0,0,0,0,0,0,219.4,20.4
4218084,Dutchie,New Jersey,Dutchie Lawrence Rec,4/7/2024,Membership 0001731 Dime Membership,Future,134,415,0,0,0,0,0,0,8.877500000000001
1813198,Nimble,New Jersey,Zen Leaf Neptune,4/7/2024,Membership 0001741 Dime Membership,Current,134,0,0,0,0,0,0,142.38,8.38
3009154,Nimble,Illinois,Zen Leaf St. Charles,4/7/2024,Membership 0001740 Quarter Membership,Current,199,0,0,0,0,0,0,219.4,20.4
3786690,Nimble,Illinois,Zen Leaf Highland Park,4/7/2024,Membership 0001744 Quarter Membership,Current,199,0,0,0,0,0,0,219.4,20.4
1844455,Dutchie,Illinois,Dutchie Lombard,4/7/2024,Membership 0001867 Quarter Membership,Current,199.2,260,0,0,0,0,0,0,0.20418
4218084,Dutchie,New Jersey,Dutchie Lawrence Rec,4/7/2024,Membership 0001731 Dime Membership,Current,134,415,0,0,0,0,0,0,8.877500000000001
3079314,Nimble,New Jersey,Zen Leaf Neptune,4/7/2024,Membership 0001743 Quarter Membership,Current,199,0,0,0,0,0,0,211.44,12.44
5181260,Dutchie,New Jersey,Dutchie Lawrence Rec,4/7/2024,Membership 0001758 Quarter Membership,Current,199,200,0,0,0,0,0,0,13.18375
2839421,Nimble,Illinois,Zen Leaf Naperville,4/7/2024,Membership 0001739 Quarter Membership,Current,199,0,0,0,0,0,0,219.4,20.4
1816593,Nimble,New Jersey,Zen Leaf Neptune,4/7/2024,Membership 0001737 Quarter Membership,Current,199,0,0,0,0,0,0,211.44,12.44
2099637,Dutchie,Illinois,Dutchie Saint Charles,4/7/2024,Membership 0001733 Quarter Membership,Current,199.2,0,0,0,270,0,0,0,0.20418
3282950,Nimble,New Jersey,Zen Leaf Elizabeth,4/7/2024,Membership 0001736 Quarter Membership,Current,199,0,0,0,0,0,0,211.44,12.44
1243065,Nimble,Illinois,Zen Leaf Rogers Park,4/7/2024,Membership 0001754 Quarter Membership,Current,199,0,0,0,0,0,0,219.4,20.4
2160182,Nimble,New Jersey,Zen Leaf Neptune,4/7/2024,Membership 0001755 Quarter Membership,Current,199,0,0,0,0,0,0,211.44,12.44
3102668,Nimble,New Jersey,Zen Leaf Neptune,4/7/2024,Membership 0001756 Quarter Membership,Current,199,0,0,0,0,0,0,211.44,12.44
760474,Nimble,Illinois,Zen Leaf Naperville,4/7/2024,Membership 0001757 Quarter Membership,Future,199,0,0,0,0,0,0,219.4,20.4
5125439,Dutchie,New Jersey,Dutchie Lawrence Rec,4/7/2024,Membership 0001753 Quarter Membership,Current,199,0,0,0,500,0,0,0,13.18375
3135822,Nimble,New Jersey,Zen Leaf Neptune,4/7/2024,Membership 0001778 Dime Membership,Current,134,0,0,0,0,0,0,142.38,8.38
5269250,Nimble,New Jersey,Zen Leaf Elizabeth,4/7/2024,Membership 0001785 Quarter Membership,Current,199,0,0,0,0,0,0,211.44,12.44
5269206,Nimble,New Jersey,Zen Leaf Lawrence,4/7/2024,Membership 0001779 Quarter Membership,Current,199,0,0,0,0,0,0,211.44,12.44
1054347,Nimble,Illinois,Zen Leaf Rogers Park,4/7/2024,Membership 0001780 Quarter Membership,Current,199,0,0,0,0,0,0,219.4,20.4
5267431,Nimble,New Jersey,Zen Leaf Elizabeth,4/7/2024,Membership 0001735 Quarter Membership,Current,199,0,0,0,0,0,0,211.44,12.44
3446008,Nimble,Illinois,Zen Leaf St. Charles,4/7/2024,Membership 0001775 Dime Membership,Current,134,0,0,0,0,0,0,147.74,13.74
2004771,Nimble,New Jersey,Zen Leaf Neptune,4/7/2024,Membership 0001781 Quarter Membership,Current,199,0,0,0,0,0,0,211.44,12.44
561770,Nimble,Illinois,Zen Leaf Pilsen,4/7/2024,Membership 0001782 Quarter Membership,Current,199,0,0,0,0,0,0,219.4,20.4
3408695,Dutchie,New Jersey,Dutchie Neptune Rec,4/7/2024,Membership 0001746 Quarter Membership,Current,199,0,0,0,200,0,0,0,13.18375
3838437,Nimble,New Jersey,Zen Leaf Lawrence,4/7/2024,Membership 0001783 Quarter Membership,Current,199,0,0,0,0,0,0,211.44,12.44
3054099,Nimble,New Jersey,Zen Leaf Neptune,4/7/2024,Membership 0001771 Quarter Membership,Current,199,0,0,0,0,0,0,211.44,12.44
821779,Nimble,Illinois,Zen Leaf Highland Park,4/7/2024,Membership 0001772 Quarter Membership,Current,199,0,0,0,0,0,0,219.4,20.4
3121730,Nimble,Illinois,Zen Leaf Prospect Heights,4/7/2024,Membership 0001768 Quarter Membership,Current,199,0,0,0,0,0,0,219.4,20.4
1816448,Nimble,New Jersey,Zen Leaf Neptune,4/7/2024,Membership 0001769 Dime Membership,Current,134,0,0,0,0,0,0,142.38,8.38
2827176,Nimble,New Jersey,Zen Leaf Lawrence,4/7/2024,Membership 0001762 Dime Membership,Current,134,0,0,0,0,0,0,142.38,8.38
5122736,Nimble,New Jersey,Zen Leaf Lawrence,4/7/2024,Membership 0001777 Dime Membership,Current,134,0,0,0,0,0,0,142.38,8.38
3529278,Nimble,Illinois,Zen Leaf Lombard,4/7/2024,Membership 0001786 Quarter Membership,Current,249,0,0,0,0,0,0,274.52,25.52
2880610,Nimble,Illinois,Zen Leaf Aurora,4/7/2024,Membership 0001761 Quarter Membership,Current,199,0,0,0,0,0,0,219.4,20.4
3161965,Dutchie,New Jersey,Dutchie Neptune Rec,4/7/2024,Membership 0001774 Quarter Membership,Current,199,0,0,0,200,0,0,0,13.18375
2500594,Dutchie,New Jersey,Dutchie Lawrence Rec,4/7/2024,Membership 0001738 Quarter Membership,Future,199,0,0,0,265,0,0,0,13.18375
2597024,Nimble,New Jersey,Zen Leaf Lawrence,4/7/2024,Membership 0001706 Dime Membership,Current,134,0,0,0,0,0,0,142.38,8.38
2568124,Nimble,New Jersey,Zen Leaf Lawrence,4/7/2024,Membership 0001718 Quarter Membership,Current,199,0,0,0,0,0,0,211.44,12.44
3148095,Nimble,Illinois,Zen Leaf St. Charles,4/7/2024,Membership 0001693 Quarter Membership,Current,199,0,0,0,0,0,0,219.4,20.4
1114911,Dutchie,Illinois,Dutchie Saint Charles,4/7/2024,Membership 0004697 Quarter Membership,Current,199.2,220,0,0,0,0,0,0,0.20418
3874563,Dutchie,Illinois,Dutchie Prospect Heights,4/7/2024,Membership 0001942 Quarter Membership,Current,199.2,0,0,0,200,0,0,0,0.20418
5266830,Nimble,New Jersey,Zen Leaf Neptune,4/7/2024,Membership 0001692 Quarter Membership,Current,199,0,0,0,0,0,0,211.44,12.44
3833144,Nimble,Illinois,Zen Leaf St. Charles,4/7/2024,Membership 0001724 Quarter Membership,Current,199,0,0,0,0,0,0,219.4,20.4
2449676,Nimble,New Jersey,Zen Leaf Lawrence,4/7/2024,Membership 0001703 Quarter Membership,Current,199,0,0,0,0,0,0,211.44,12.44
1137786,Nimble,Illinois,Zen Leaf Evanston,4/7/2024,Membership 0001770 Quarter Membership,Current,199,0,0,0,0,0,0,219.4,20.4
1095665,Nimble,Illinois,Zen Leaf Lombard,4/7/2024,Membership 0001719 Quarter Membership,Current,199,0,0,0,0,0,0,219.4,20.4
1071727,Dutchie,Illinois,Dutchie Naperville,4/7/2024,Membership 0001764 Dime Membership,Current,119.2,120,0,0,0,0,0,0,0.12218000000000001
1098461,Dutchie,Illinois,Dutchie Rogers Park,4/7/2024,Membership 0001717 Quarter Membership,Current,199.2,0,0,0,230,0,0,0,0.20418
2653758,Nimble,New Jersey,Zen Leaf Elizabeth,4/7/2024,Membership 0001700 Quarter Membership,Current,199,0,0,0,0,0,0,211.44,12.44
3937468,Nimble,Illinois,Zen Leaf Naperville,4/7/2024,Membership 0001708 Quarter Membership,Current,199,0,0,0,0,0,0,219.4,20.4
2512511,Nimble,New Jersey,Zen Leaf Elizabeth,4/7/2024,Membership 0001734 Quarter Membership,Current,199,0,0,0,0,0,0,211.44,12.44
857842,Dutchie,Illinois,Dutchie Naperville,4/7/2024,Membership 0001847 Quarter Membership,Current,199.2,320,0,0,0,0,0,0,0.20418
5267939,Dutchie,Illinois,Dutchie Prospect Heights,4/7/2024,Membership 0002068 Quarter Membership,Current,199.2,200,0,0,0,0,0,0,0.20418
1283598,Dutchie,Illinois,Dutchie Rogers Park,4/7/2024,Membership 0001726 Quarter Membership,Current,199.2,340,0,0,0,0,0,0,0.20418
671221,Nimble,Illinois,Zen Leaf St. Charles,4/7/2024,Membership 0001701 Quarter Membership,Current,199,0,0,0,0,0,0,219.4,20.4
4546946,Nimble,Illinois,Zen Leaf West Loop,4/7/2024,Membership 0001767 Quarter Membership,Current,199,0,0,0,0,0,0,219.4,20.4
3845078,Nimble,New Jersey,Zen Leaf Neptune,4/7/2024,Membership 0001742 Quarter Membership,Current,199,0,0,0,0,0,0,211.44,12.44
5269244,Nimble,New Jersey,Zen Leaf Neptune,4/7/2024,Membership 0001784 Dime Membership,Current,134,0,0,0,0,0,0,142.38,8.38
2025330,Nimble,Illinois,Zen Leaf St. Charles,4/7/2024,Membership 0001752 Quarter Membership,Current,199,0,0,0,0,0,0,219.4,20.4
3398826,Nimble,New Jersey,Zen Leaf Lawrence,4/7/2024,Membership 0001696 Dime Membership,Current,134,0,0,0,0,0,0,142.38,8.38
3826707,Nimble,Illinois,Zen Leaf St. Charles,4/7/2024,Membership 0001694 Quarter Membership,Current,199,0,0,0,0,0,0,219.4,20.4
2534839,Nimble,New Jersey,Zen Leaf Lawrence,4/7/2024,Membership 0001698 Quarter Membership,Current,199,0,0,0,0,0,0,211.44,12.44
795511,Nimble,Illinois,Zen Leaf Lombard,4/7/2024,Membership 0001729 Quarter Membership,Current,199,0,0,0,0,0,0,219.4,20.4
1997473,Nimble,Illinois,Zen Leaf St. Charles,4/7/2024,Membership 0001728 Quarter Membership,Current,199,0,0,0,0,0,0,219.4,20.4
1249828,Dutchie,Illinois,Dutchie Evanston,4/7/2024,Membership 0002323 Dime Membership,Current,134.1,0,0,0,140,0,0,0,0.1374525
5267243,Nimble,New Jersey,Zen Leaf Lawrence,4/7/2024,Membership 0001727 Dime Membership,Current,134,0,0,0,0,0,0,142.38,8.38
2823305,Nimble,New Jersey,Zen Leaf Lawrence,4/7/2024,Membership 0001723 Dime Membership,Current,134,0,0,0,0,0,0,142.38,8.38
3566947,Nimble,New Jersey,Zen Leaf Lawrence,4/7/2024,Membership 0001722 Dime Membership,Current,134,0,0,0,0,0,0,142.38,8.38
2639208,Nimble,New Jersey,Zen Leaf Neptune,4/7/2024,Membership 0001721 Dime Membership,Current,134,0,0,0,0,0,0,142.38,8.38
4218363,Nimble,New Jersey,Zen Leaf Lawrence,4/7/2024,Membership 0001695 Quarter Membership,Current,199,0,0,0,0,0,0,211.44,12.44
2189452,Nimble,Illinois,Zen Leaf Naperville,4/7/2024,Membership 0001720 Quarter Membership,Current,199,0,0,0,0,0,0,219.4,20.4
4338139,Nimble,New Jersey,Zen Leaf Neptune,4/7/2024,Membership 0001716 Quarter Membership,Current,199,0,0,0,0,0,0,211.44,12.44
3785740,Nimble,New Jersey,Zen Leaf Elizabeth,4/7/2024,Membership 0001715 Quarter Membership,Current,199,0,0,0,0,0,0,211.44,12.44
2293986,Dutchie,New Jersey,Dutchie Elizabeth Rec,4/7/2024,Membership 0001766 Quarter Membership,Current,199,320,0,0,0,0,0,0,13.18375
5266964,Nimble,New Jersey,Zen Leaf Lawrence,4/7/2024,Membership 0001714 Quarter Membership,Current,199,0,0,0,0,0,0,211.44,12.44
3714067,Nimble,Illinois,Zen Leaf Rogers Park,4/7/2024,Membership 0001697 Quarter Membership,Current,199,0,0,0,0,0,0,219.4,20.4
5266845,Nimble,New Jersey,Zen Leaf Neptune,4/7/2024,Membership 0001699 Dime Membership,Current,134,0,0,0,0,0,0,142.38,8.38
4751606,Nimble,New Jersey,Zen Leaf Neptune,4/7/2024,Membership 0001702 Quarter Membership,Current,199,0,0,0,0,0,0,211.44,12.44
1610608,Nimble,Illinois,Zen Leaf Pilsen,4/7/2024,Membership 0001704 Quarter Membership,Current,199,0,0,0,0,0,0,219.4,20.4
2322782,Nimble,Illinois,Zen Leaf West Loop,4/7/2024,Membership 0001713 Quarter Membership,Current,199,0,0,0,0,0,0,219.4,20.4
3273270,Nimble,Illinois,Zen Leaf St. Charles,4/7/2024,Membership 0001705 Dime Membership,Current,134,0,0,0,0,0,0,147.74,13.74
4653362,Nimble,New Jersey,Zen Leaf Lawrence,4/7/2024,Membership 0001707 Quarter Membership,Current,199,0,0,0,0,0,0,211.44,12.44
1832161,Nimble,New Jersey,Zen Leaf Lawrence,4/7/2024,Membership 0001711 Quarter Membership,Current,199,0,0,0,0,0,0,211.44,12.44
805687,Nimble,Illinois,Zen Leaf St. Charles,4/7/2024,Membership 0001712 Quarter Membership,Current,199,0,0,0,0,0,0,219.4,20.4
4928359,Nimble,New Jersey,Zen Leaf Elizabeth,4/8/2024,Membership 0001810 Dime Membership,Current,149,0,0,0,0,0,0,158.31,9.31
833435,Nimble,Illinois,Zen Leaf St. Charles,4/8/2024,Membership 0001806 Quarter Membership,Current,249,0,0,0,0,0,0,274.52,25.52
1605431,Nimble,Illinois,Zen Leaf Pilsen,4/8/2024,Membership 0001811 Quarter Membership,Current,249,0,0,0,0,0,0,274.52,25.52
5017883,Nimble,Illinois,Zen Leaf Naperville,4/8/2024,Membership 0001804 Quarter Membership,Current,249,0,0,0,0,0,0,274.52,25.52
5270434,Nimble,Illinois,Zen Leaf St. Charles,4/8/2024,Membership 0001802 Dime Membership,Current,149,0,0,0,0,0,0,164.27,15.27
578426,Nimble,Illinois,Zen Leaf St. Charles,4/8/2024,Membership 0001812 Dime Membership,Current,149,0,0,0,0,0,0,164.27,15.27
3698381,Nimble,New Jersey,Zen Leaf Lawrence,4/8/2024,Membership 0001800 Quarter Membership,Current,249,0,0,0,0,0,0,264.56,15.56
1907875,Nimble,New Jersey,Zen Leaf Neptune,4/8/2024,Membership 0001799 Dime Membership,Current,149,0,0,0,0,0,0,158.31,9.31
1743599,Nimble,Illinois,Zen Leaf St. Charles,4/8/2024,Membership 0001813 Quarter Membership,Current,249,0,0,0,0,0,0,274.52,25.52
1857494,Nimble,New Jersey,Zen Leaf Lawrence,4/8/2024,Membership 0001798 Dime Membership,Current,149,0,0,0,0,0,0,158.31,9.31
4619716,Nimble,New Jersey,Zen Leaf Lawrence,4/8/2024,Membership 0001803 Quarter Membership,Current,249,0,0,0,0,0,0,264.56,15.56
2540385,Nimble,New Jersey,Zen Leaf Elizabeth,4/8/2024,Membership 0001801 Quarter Membership,Current,249,0,0,0,0,0,0,264.56,15.56
1416417,Dutchie,Illinois,Dutchie Highland Park,4/8/2024,Membership 0001955 Quarter Membership,Current,249,500,0,0,0,0,0,0,0.25522500000000004
5269647,Nimble,New Jersey,Zen Leaf Neptune,4/8/2024,Membership 0001797 Quarter Membership,Current,199,0,0,0,0,0,0,211.44,12.44
824133,Nimble,Illinois,Zen Leaf Highland Park,4/8/2024,Membership 0001805 Dime Membership,Current,149,0,0,0,0,0,0,164.27,15.27
612731,Nimble,Illinois,Zen Leaf St. Charles,4/8/2024,Membership 0001795 Dime Membership,Current,149,0,0,0,0,0,0,164.27,15.27
2163329,Nimble,Illinois,Zen Leaf St. Charles,4/8/2024,Membership 0001787 Quarter Membership,Current,249,0,0,0,0,0,0,274.52,25.52
3325507,Nimble,New Jersey,Zen Leaf Neptune,4/8/2024,Membership 0001789 Dime Membership,Current,149,0,0,0,0,0,0,158.31,9.31
4435437,Nimble,New Jersey,Zen Leaf Lawrence,4/8/2024,Membership 0001788 Dime Membership,Current,149,0,0,0,0,0,0,158.31,9.31
3736632,Dutchie,New Jersey,Dutchie Neptune Rec,4/8/2024,Membership 0001807 Dime Membership,Current,134,0,0,0,270,0,0,0,8.877500000000001
1297458,Nimble,New Jersey,Zen Leaf Lawrence,4/8/2024,Membership 0001790 Quarter Membership,Current,249,0,0,0,0,0,0,264.56,15.56
1381576,Nimble,Illinois,Zen Leaf St. Charles,4/8/2024,Membership 0001796 Quarter Membership,Current,249,0,0,0,0,0,0,274.52,25.52
5269311,Nimble,Illinois,Zen Leaf Naperville,4/8/2024,Membership 0001791 Dime Membership,Current,149,0,0,0,0,0,0,164.27,15.27
590595,Nimble,Illinois,Zen Leaf St. Charles,4/8/2024,Membership 0001792 Dime Membership,Current,149,0,0,0,0,0,0,164.27,15.27
1428215,Nimble,Illinois,Zen Leaf Pilsen,4/8/2024,Membership 0001793 Quarter Membership,Current,249,0,0,0,0,0,0,274.52,25.52
1638814,Nimble,Illinois,Zen Leaf Rogers Park,4/8/2024,Membership 0001794 Quarter Membership,Current,249,0,0,0,0,0,0,274.52,25.52
2010861,Nimble,Illinois,Zen Leaf Pilsen,4/9/2024,Membership 0001825 Quarter Membership,Current,199,0,0,0,0,0,0,219.4,20.4
3102602,Nimble,New Jersey,Zen Leaf Neptune,4/9/2024,Membership 0001814 Dime Membership,Current,149,0,0,0,0,0,0,158.31,9.31
1361751,Nimble,Illinois,Zen Leaf Lombard,4/9/2024,Membership 0001816 Dime Membership,Current,149,0,0,0,0,0,0,164.27,15.27
1238635,Nimble,Illinois,Zen Leaf Rogers Park,4/9/2024,Membership 0001817 Dime Membership,Current,149,0,0,0,0,0,0,164.27,15.27
3239175,Nimble,New Jersey,Zen Leaf Lawrence,4/9/2024,Membership 0001819 Quarter Membership,Current,249,0,0,0,0,0,0,264.56,15.56
2952991,Nimble,New Jersey,Zen Leaf Neptune,4/9/2024,Membership 0001826 Quarter Membership,Current,249,0,0,0,0,0,0,264.56,15.56
4422692,Nimble,Illinois,Zen Leaf Lombard,4/9/2024,Membership 0001818 Quarter Membership,Current,249,0,0,0,0,0,0,264.56,15.56
1770303,Nimble,New Jersey,Zen Leaf Lawrence,4/9/2024,Membership 0001815 Quarter Membership,Current,199,0,0,0,0,0,0,211.44,12.44
2223859,Dutchie,Illinois,Dutchie Highland Park,4/9/2024,Membership 0001824 Dime Membership,Current,149,0,0,0,150,0,0,0,0.152725
3441364,Dutchie,Illinois,Dutchie Saint Charles,4/9/2024,Membership 0001821 Dime Membership,Current,149,300,0,0,0,0,0,0,0.152725
2536798,Dutchie,New Jersey,Dutchie Lawrence Rec,4/9/2024,Membership 0003730 Dime Membership,Current,149,0,0,0,180,0,0,0,9.87125
3532746,Dutchie,Illinois,Dutchie Saint Charles,4/9/2024,Membership 0001953 Dime Membership,Current,149,0,0,0,350,0,0,0,0.152725
1715654,Dutchie,Illinois,Dutchie Naperville,4/9/2024,Membership 0001820 Quarter Membership,Current,249,310,0,0,0,0,0,0,0.25522500000000004
4272307,Dutchie,Illinois,Dutchie Aurora,4/9/2024,Membership 0004371 Quarter Membership,Current,249,80,0,0,170,0,0,0,0.25522500000000004
1256791,Dutchie,Illinois,Dutchie Rogers Park,4/9/2024,Membership 0002023 Quarter Membership,Current,249,280,0,0,0,0,0,0,0.25522500000000004
1011204,Dutchie,Illinois,Dutchie Rogers Park,4/9/2024,Membership 0002061 Quarter Membership,Current,249,0,0,0,250,0,0,0,0.25522500000000004
755962,Dutchie,Illinois,Dutchie Lombard,4/9/2024,Membership 0002070 Quarter Membership,Current,249,0,0,0,410,0,0,0,0.25522500000000004
4802236,Dutchie,Illinois,Dutchie Aurora,4/10/2024,Membership 0001943 Dime Membership,Current,149,260,0,0,0,0,0,0,0.152725
4628214,Nimble,New Jersey,Zen Leaf Neptune,4/10/2024,Membership 0001828 Quarter Membership,Current,249,0,0,0,0,0,0,264.56,15.56
4109118,Nimble,New Jersey,Zen Leaf Neptune,4/10/2024,Membership 0001834 Quarter Membership,Current,249,0,0,0,0,0,0,264.56,15.56
3456615,Dutchie,Illinois,Dutchie Aurora,4/10/2024,Membership 0001951 Dime Membership,Current,149,0,0,0,270,0,0,0,0.152725
2505693,Dutchie,New Jersey,Dutchie Elizabeth Rec,4/10/2024,Membership 0001995 Quarter Membership,Current,249,500,0,0,0,0,0,0,16.49625
1397434,Dutchie,Illinois,Dutchie Highland Park,4/10/2024,Membership 0001831 Dime Membership,Current,149,360,0,0,0,0,0,0,0.152725
4729075,Nimble,Illinois,Zen Leaf West Loop,4/10/2024,Membership 0001840 Quarter Membership,Current,249,0,0,0,0,0,0,274.52,25.52
5275875,Nimble,New Jersey,Zen Leaf Neptune,4/10/2024,Membership 0001838 Dime Membership,Current,149,0,0,0,0,0,0,158.31,9.31
1121461,Nimble,Illinois,Zen Leaf Evanston,4/10/2024,Membership 0001836 Quarter Membership,Current,249,0,0,0,0,0,0,274.52,25.52
3171473,Nimble,New Jersey,Zen Leaf Neptune,4/10/2024,Membership 0001835 Dime Membership,Current,149,0,0,0,0,0,0,158.31,9.31
3909836,Nimble,New Jersey,Zen Leaf Neptune,4/10/2024,Membership 0001833 Dime Membership,Current,149,0,0,0,0,0,0,158.31,9.31
1870889,Dutchie,Illinois,Dutchie Lombard,4/10/2024,Membership 0001830 Quarter Membership,Current,249,340,0,0,0,0,0,0,0.25522500000000004
3331273,Dutchie,New Jersey,Dutchie Lawrence Rec,4/10/2024,Membership 0002058 Quarter Membership,Current,249,263,0,0,0,0,0,0,16.49625
3155895,Nimble,New Jersey,Zen Leaf Elizabeth,4/10/2024,Membership 0001827 Quarter Membership,Current,249,0,0,0,0,0,0,264.56,15.56
3560895,Dutchie,New Jersey,Dutchie Neptune Rec,4/10/2024,Membership 0004364 Dime Membership,Current,149,360,0,0,0,0,0,0,9.87125
3548980,Dutchie,New Jersey,Dutchie Neptune Rec,4/10/2024,Membership 0001829 Dime Membership,Current,149,150,0,0,0,0,0,0,9.87125
2663947,Dutchie,New Jersey,Dutchie Lawrence Rec,4/10/2024,Membership 0001837 Dime Membership,Current,149,80,0,0,150,0,0,0,9.87125
573684,Dutchie,New Jersey,Dutchie Neptune Rec,4/10/2024,Membership 0004677 Dime Membership,Current,124,124,0,0,0,0,0,0,8.215
573684,Dutchie,New Jersey,Dutchie Neptune Rec,4/10/2024,Membership 0004677 Dime Membership,Future,124,124,0,0,0,0,0,0,8.215
0,Nimble,Illinois,Zen Leaf Evanston,4/11/2024,0,Cancelled,0,0,0,0,0,0,0,164.27,0
5277629,Nimble,Illinois,Zen Leaf Pilsen,4/11/2024,Membership 0001850 Dime Membership,Current,149,0,0,0,0,0,0,164.27,15.27
560593,Nimble,Illinois,Zen Leaf St. Charles,4/11/2024,Membership 0001846 Dime Membership,Current,149,0,0,0,0,0,0,164.27,15.27
2148001,Nimble,Illinois,Zen Leaf Evanston,4/11/2024,Membership 0001844 Dime Membership,Current,149,0,0,0,0,0,0,164.27,15.27
2101367,Dutchie,Illinois,Dutchie Naperville,4/11/2024,Membership 0001956 Dime Membership,Current,149,0,0,0,500,0,0,0,0.152725
1819098,Dutchie,New Jersey,Dutchie Neptune Rec,4/11/2024,Membership 0001968 Dime Membership,Current,149,0,0,0,150,0,0,0,9.87125
3169368,Dutchie,New Jersey,Dutchie Neptune Rec,4/11/2024,Membership 0001967 Dime Membership,Current,149,150,0,0,0,0,0,0,9.87125
5179852,Dutchie,New Jersey,Dutchie Lawrence Rec,4/11/2024,Membership 0001852 Dime Membership,Current,149,0,0,0,315,0,0,0,9.87125
1367014,Dutchie,Illinois,Dutchie Naperville,4/11/2024,Membership 0001849 Dime Membership,Current,149,200,0,0,0,0,0,0,0.152725
1915881,Nimble,Illinois,Zen Leaf Aurora,4/11/2024,Membership 0001853 Dime Membership,Current,134,0,0,0,0,0,0,147.74,13.74
1944382,Nimble,New Jersey,Zen Leaf Neptune,4/11/2024,Membership 0001845 Quarter Membership,Current,199,0,0,0,0,0,0,211.44,12.44
4406075,Dutchie,Illinois,Dutchie Greektown,4/11/2024,Membership 0001848 Quarter Membership,Current,215.12,0,0,0,450,0,0,0,0.22049800000000003
1819077,Nimble,New Jersey,Zen Leaf Neptune,4/12/2024,Membership 0001855 Quarter Membership,Current,249,0,0,0,0,0,0,264.56,15.56
3344994,Dutchie,New Jersey,Dutchie Neptune Rec,4/12/2024,Membership 0001869 Quarter Membership,Current,249,0,249,0,0,0,0,0,16.49625
3834164,Dutchie,New Jersey,Dutchie Neptune Rec,4/12/2024,Membership 0001862 Quarter Membership,Current,249,0,0,0,250,0,0,0,16.49625
4118033,Dutchie,New Jersey,Dutchie Neptune Rec,4/12/2024,Membership 0001860 Quarter Membership,Current,249,0,0,0,250,0,0,0,16.49625
4128246,Nimble,New Jersey,Zen Leaf Elizabeth,4/12/2024,Membership 0001854 Quarter Membership,Current,249,0,0,0,0,0,0,264.56,15.56
2120479,Dutchie,New Jersey,Dutchie Neptune Rec,4/12/2024,Membership 0003429 Quarter Membership,Current,249,0,0,0,615,0,0,0,16.49625
3169240,Nimble,New Jersey,Zen Leaf Lawrence,4/12/2024,Membership 0001856 Quarter Membership,Current,249,0,0,0,0,0,0,264.56,15.56
860532,Nimble,Illinois,Zen Leaf St. Charles,4/12/2024,Membership 0001873 Quarter Membership,Current,249,0,0,0,0,0,0,274.52,25.52
4771721,Nimble,Illinois,Zen Leaf Rogers Park,4/12/2024,Membership 0001863 Dime Membership,Current,149,0,0,0,0,0,0,164.27,15.27
3244056,Nimble,New Jersey,Zen Leaf Neptune,4/12/2024,Membership 0001865 Dime Membership,Current,149,0,0,0,0,0,0,158.31,9.31
4593053,Nimble,Illinois,Zen Leaf St. Charles,4/12/2024,Membership 0001872 Dime Membership,Current,149,0,0,0,0,0,0,164.27,15.27
4050285,Nimble,New Jersey,Zen Leaf Neptune,4/12/2024,Membership 0001874 Quarter Membership,Current,249,0,0,0,0,0,0,264.56,15.56
4000681,Nimble,New Jersey,Zen Leaf Neptune,4/12/2024,Membership 0001878 Quarter Membership,Current,249,0,0,0,0,0,0,264.56,15.56
1321701,Dutchie,New Jersey,Dutchie Lawrence Rec,4/12/2024,Membership 0001877 Quarter Membership,Current,249,0,0,0,280,0,0,0,16.49625
696416,Dutchie,Illinois,Dutchie Naperville,4/12/2024,Membership 0001871 Quarter Membership,Current,249,300,0,0,0,0,0,0,0.25522500000000004
2827822,Dutchie,New Jersey,Dutchie Lawrence Rec,4/12/2024,Membership 0002035 Quarter Membership,Current,210.89,0,0,0,345,0,0,0,13.9714625
4484064,Dutchie,New Jersey,Dutchie Elizabeth Rec,4/12/2024,Membership 0001858 Quarter Membership,Current,249,300,0,0,0,0,0,0,16.49625
1896433,Dutchie,Illinois,Dutchie Evanston,4/12/2024,Membership 0001925 Quarter Membership,Current,249,280,0,0,0,0,0,0,0.25522500000000004
4635437,Dutchie,Illinois,Dutchie Lombard,4/12/2024,Membership 0003929 Quarter Membership,Current,249,500,0,0,0,0,0,0,0.25522500000000004
4635437,Dutchie,Illinois,Dutchie Lombard,4/12/2024,Membership 0003929 Quarter Membership,Current,249,500,0,0,0,0,0,0,0.25522500000000004
3191610,Nimble,Illinois,Zen Leaf Naperville,4/12/2024,Membership 0001857 Quarter Membership,Current,249,0,0,0,0,0,0,274.52,25.52
2735881,Dutchie,Illinois,Dutchie Saint Charles,4/12/2024,Membership 0001880 Dime Membership,Current,149,0,227.75,0,0,0,0,0,0.152725
2991100,Nimble,Illinois,Zen Leaf St. Charles,4/13/2024,Membership 0001902 Quarter Membership,Current,249,0,0,0,0,0,0,274.52,25.52
519371,Dutchie,Illinois,Dutchie Saint Charles,4/13/2024,Membership 0001888 Quarter Membership,Current,189,0,0,0,190,0,0,0,0.193725
3502241,Dutchie,New Jersey,Dutchie Neptune Rec,4/13/2024,Membership 0002059 Quarter Membership,Current,232.13,0,299,0,0,0,0,0,15.378612500000001
1813451,Dutchie,New Jersey,Dutchie Neptune Rec,4/13/2024,Membership 0001900 Quarter Membership,Current,249,110,0,0,260,0,0,0,16.49625
1813451,Dutchie,New Jersey,Dutchie Neptune Rec,4/13/2024,Membership 0001900 Quarter Membership,Future,249,110,0,0,260,0,0,0,16.49625
1288543,Dutchie,Illinois,Dutchie Highland Park,4/13/2024,Membership 0001895 Dime Membership,Current,149,0,0,0,150,0,0,0,0.152725
2502773,Dutchie,Illinois,Dutchie Naperville,4/13/2024,Membership 0001892 Quarter Membership,Current,249,0,0,0,290,0,0,0,0.25522500000000004
3349821,Nimble,New Jersey,Zen Leaf Lawrence,4/13/2024,Membership 0001890 Dime Membership,Current,134,0,0,0,0,0,0,142.38,8.38
3726472,Nimble,New Jersey,Zen Leaf Neptune,4/13/2024,Membership 0001901 Dime Membership,Current,149,0,0,0,0,0,0,158.31,9.31
1813451,Nimble,New Jersey,Zen Leaf Neptune,4/13/2024,Membership 0001900 Quarter Membership,Current,249,0,0,0,0,0,0,264.56,15.56
3338795,Nimble,New Jersey,Zen Leaf Elizabeth,4/13/2024,Membership 0001905 Quarter Membership,Current,249,0,0,0,0,0,0,264.56,15.56
2452436,Nimble,New Jersey,Zen Leaf Elizabeth,4/13/2024,Membership 0001899 Quarter Membership,Current,249,0,0,0,0,0,0,264.56,15.56
3746150,Nimble,Illinois,Zen Leaf Lombard,4/13/2024,Membership 0001893 Quarter Membership,Current,249,0,0,0,0,0,0,274.52,25.52
5283976,Nimble,New Jersey,Zen Leaf Neptune,4/13/2024,Membership 0001891 Dime Membership,Current,149,0,0,0,0,0,0,158.31,9.31
1890316,Nimble,Illinois,Zen Leaf Naperville,4/13/2024,Membership 0001889 Quarter Membership,Current,249,0,0,0,0,0,0,274.52,25.52
1014433,Nimble,Illinois,Zen Leaf Naperville,4/13/2024,Membership 0001907 Dime Membership,Current,149,0,0,0,0,0,0,164.27,15.27
4368809,Nimble,New Jersey,Zen Leaf Neptune,4/13/2024,Membership 0001904 Quarter Membership,Current,249,0,0,0,0,0,0,264.56,15.56
836663,Nimble,Illinois,Zen Leaf Highland Park,4/13/2024,Membership 0001886 Quarter Membership,Current,249,0,0,0,0,0,0,274.52,25.52
2920338,Nimble,Illinois,Zen Leaf Evanston,4/13/2024,Membership 0001885 Quarter Membership,Current,249,0,0,0,0,0,0,274.52,25.52
4051584,Nimble,Illinois,Zen Leaf St. Charles,4/13/2024,Membership 0001903 Quarter Membership,Current,249,0,0,0,0,0,0,274.52,25.52
603550,Nimble,New Jersey,Zen Leaf Neptune,4/13/2024,Membership 0001906 Dime Membership,Current,149,0,0,0,0,0,0,158.31,9.31
1855267,Nimble,Illinois,Zen Leaf Evanston,4/13/2024,Membership 0001884 Dime Membership,Current,149,0,0,0,0,0,0,164.27,15.27
3108993,Dutchie,Illinois,Dutchie Rogers Park,4/14/2024,Membership 0001922 Dime Membership,Current,149,0,0,0,150,0,0,0,0.152725
3563667,Nimble,Illinois,Zen Leaf St. Charles,4/14/2024,Membership 0001924 Quarter Membership,Current,199,0,0,0,0,0,0,211.44,12.44
5288134,Nimble,Illinois,Zen Leaf Prospect Heights,4/14/2024,Membership 0001919 Quarter Membership,Current,249,0,0,0,0,0,0,274.52,25.52
3756358,Dutchie,New Jersey,Dutchie Lawrence Rec,4/14/2024,Membership 0001914 Dime Membership,Current,149,210,0,0,0,0,0,0,9.87125
2525813,Dutchie,New Jersey,Dutchie Lawrence Rec,4/14/2024,Membership 0001920 Dime Membership,Current,149,0,0,0,265,0,0,0,9.87125
4870622,Dutchie,New Jersey,Dutchie Neptune Rec,4/14/2024,Membership 0004323 Dime Membership,Current,149,0,0,0,150,0,0,0,9.87125
2562180,Dutchie,New Jersey,Dutchie Neptune Rec,4/14/2024,Membership 0001912 Dime Membership,Current,149,0,0,0,150,0,0,0,9.87125
2562180,Dutchie,New Jersey,Dutchie Neptune Rec,4/14/2024,Membership 0001912 Dime Membership,Future,149,0,0,0,150,0,0,0,9.87125
1816730,Dutchie,New Jersey,Dutchie Neptune Rec,4/14/2024,Membership 0002054 Dime Membership,Current,149,0,0,0,150,0,0,0,9.87125
3297309,Dutchie,New Jersey,Dutchie Neptune Rec,4/14/2024,Membership 0002057 Quarter Membership,Current,249,0,0,0,250,0,0,0,16.49625
3307592,Nimble,New Jersey,Zen Leaf Neptune,4/14/2024,Membership 0001916 Quarter Membership,Current,249,0,0,0,0,0,0,264.56,15.56
1314406,Nimble,New Jersey,Zen Leaf Lawrence,4/14/2024,Membership 0001915 Quarter Membership,Current,249,0,0,0,0,0,0,264.56,15.56
1859469,Nimble,Illinois,Zen Leaf Pilsen,4/14/2024,Membership 0001918 Quarter Membership,Current,249,0,0,0,0,0,0,274.52,25.52
5288605,Nimble,New Jersey,Zen Leaf Elizabeth,4/14/2024,Membership 0001923 Quarter Membership,Current,249,0,0,0,0,0,0,264.56,15.56
3420944,Dutchie,Illinois,Dutchie Highland Park,4/14/2024,Membership 0003393 Quarter Membership,Current,249,0,249,0,0,0,0,0,0.25522500000000004
970395,Dutchie,Illinois,Dutchie Rogers Park,4/14/2024,Membership 0003396 Quarter Membership,Current,249,0,0,0,380,0,0,0,0.25522500000000004
5286686,Nimble,Illinois,Zen Leaf Aurora,4/14/2024,Membership 0001908 Quarter Membership,Current,249,0,0,0,0,0,0,274.52,25.52
1664828,Dutchie,Illinois,Dutchie Naperville,4/14/2024,Membership 0001917 Dime Membership,Current,149,180,0,0,0,0,0,0,0.152725
1664828,Dutchie,Illinois,Dutchie Naperville,4/14/2024,Membership 0001917 Dime Membership,Future,149,180,0,0,0,0,0,0,0.152725
2515780,Dutchie,Illinois,Dutchie Lombard,4/14/2024,Membership 0002067 Quarter Membership,Current,249,0,0,0,390,0,0,0,0.25522500000000004
803704,Dutchie,Illinois,Dutchie Naperville,4/15/2024,Membership 0001936 Quarter Membership,Current,249,520,0,0,0,0,0,0,0.25522500000000004
3373297,Dutchie,New Jersey,Dutchie Neptune Rec,4/15/2024,Membership 0001971 Dime Membership,Current,149,0,0,0,150,0,0,0,9.87125
4137731,Dutchie,New Jersey,Dutchie Neptune Rec,4/15/2024,Membership 0003452 Dime Membership,Current,149,200,0,0,0,0,0,0,9.87125
2889786,Dutchie,New Jersey,Dutchie Lawrence Rec,4/15/2024,Membership 0001974 Quarter Membership,Current,199,400,0,0,0,0,0,0,13.18375
1981657,Dutchie,Illinois,Dutchie Saint Charles,4/15/2024,Membership 0001934 Quarter Membership,Current,228.46,180,0,0,500,0,0,0,0.23417150000000003
1981657,Dutchie,Illinois,Dutchie Saint Charles,4/15/2024,Membership 0001934 Quarter Membership,Future,228.46,180,0,0,500,0,0,0,0.23417150000000003
832145,Dutchie,Illinois,Dutchie Highland Park,4/15/2024,Membership 0001958 Quarter Membership,Current,249,0,377,0,0,0,0,0,0.25522500000000004
832145,Dutchie,Illinois,Dutchie Highland Park,4/15/2024,Membership 0001958 Quarter Membership,Future,249,0,377,0,0,0,0,0,0.25522500000000004
4455983,Dutchie,Illinois,Dutchie Greektown,4/15/2024,Membership 0001933 Quarter Membership,Current,249,0,0,0,250,0,0,0,0.25522500000000004
5051796,Dutchie,Illinois,Dutchie Saint Charles,4/15/2024,Membership 0001984 Quarter Membership,Future,224,340,0,0,0,0,0,0,0.22960000000000003
1442992,Nimble,Illinois,Zen Leaf Pilsen,4/15/2024,Membership 0001930 Quarter Membership,Current,249,0,0,0,0,0,0,274.52,25.52
2522071,Nimble,Illinois,Zen Leaf St. Charles,4/15/2024,Membership 0001938 Quarter Membership,Current,249,0,0,0,0,0,0,274.52,25.52
1982664,Dutchie,Illinois,Dutchie Lombard,4/15/2024,Membership 0003397 Dime Membership,Current,149,0,0,0,150,0,0,0,0.152725
5051796,Dutchie,Illinois,Dutchie Saint Charles,4/15/2024,Membership 0001984 Quarter Membership,Current,224,340,0,0,0,0,0,0,0.22960000000000003
2153474,Nimble,Illinois,Zen Leaf St. Charles,4/15/2024,Membership 0001977 Quarter Membership,Current,199,0,0,0,0,0,0,211.44,12.44
1713762,Nimble,Illinois,Zen Leaf Rogers Park,4/15/2024,Membership 0001926 Quarter Membership,Current,249,0,0,0,0,0,0,274.52,25.52
3032105,Nimble,New Jersey,Zen Leaf Elizabeth,4/15/2024,Membership 0001927 Quarter Membership,Current,249,0,0,0,0,0,0,264.56,15.56
1125231,Nimble,Illinois,Zen Leaf Rogers Park,4/15/2024,Membership 0001937 Quarter Membership,Current,249,0,0,0,0,0,0,274.52,25.52
5290930,Nimble,Illinois,Zen Leaf St. Charles,4/15/2024,Membership 0001973 Quarter Membership,Current,249,0,0,0,0,0,0,274.52,25.52
2959981,Nimble,New Jersey,Zen Leaf Neptune,4/15/2024,Membership 0001929 Dime Membership,Current,149,0,0,0,0,0,0,158.31,9.31
5289041,Nimble,Illinois,Zen Leaf St. Charles,4/15/2024,Membership 0001928 Dime Membership,Current,149,0,0,0,0,0,0,164.27,15.27
1891992,Nimble,Illinois,Zen Leaf St. Charles,4/16/2024,Membership 0001999 Dime Membership,Current,149,0,0,0,0,0,0,164.27,15.27
5293133,Nimble,New Jersey,Zen Leaf Neptune,4/16/2024,Membership 0001998 Dime Membership,Current,149,0,0,0,0,0,0,158.31,9.31
3164294,Dutchie,New Jersey,Dutchie Neptune Rec,4/16/2024,Membership 0001987 Quarter Membership,Current,249,260,0,0,0,0,0,0,16.49625
4090321,Dutchie,Illinois,Dutchie Highland Park,4/16/2024,Membership 0001991 Quarter Membership,Current,249,0,0,0,250,0,0,0,0.25522500000000004
2839446,Nimble,New Jersey,Zen Leaf Neptune,4/16/2024,Membership 0001978 Dime Membership,Current,149,0,0,0,0,0,0,158.31,9.31
1410602,Nimble,Illinois,Zen Leaf Lombard,4/16/2024,Membership 0001992 Dime Membership,Current,149,0,0,0,0,0,0,164.27,15.27
2275283,Nimble,New Jersey,Zen Leaf Neptune,4/16/2024,Membership 0001989 Quarter Membership,Current,249,0,0,0,0,0,0,264.56,15.56
1888513,Nimble,Illinois,Zen Leaf Lombard,4/16/2024,Membership 0001988 Dime Membership,Current,149,0,0,0,0,0,0,164.27,15.27
3251776,Nimble,Illinois,Zen Leaf Lombard,4/16/2024,Membership 0001986 Quarter Membership,Current,249,0,0,0,0,0,0,274.52,25.52
2490352,Nimble,Illinois,Zen Leaf Prospect Heights,4/16/2024,Membership 0001985 Quarter Membership,Current,249,0,0,0,0,0,0,274.52,25.52
2958749,Nimble,New Jersey,Zen Leaf Neptune,4/16/2024,Membership 0001981 Dime Membership,Current,149,0,0,0,0,0,0,158.31,9.31
3904279,Nimble,Illinois,Zen Leaf St. Charles,4/16/2024,Membership 0001980 Quarter Membership,Current,249,0,0,0,0,0,0,274.52,25.52
3485949,Nimble,Illinois,Zen Leaf West Loop,4/16/2024,Membership 0001979 Quarter Membership,Current,249,0,0,0,0,0,0,274.52,25.52
3498333,Nimble,New Jersey,Zen Leaf Neptune,4/16/2024,Membership 0001993 Quarter Membership,Current,249,0,0,0,0,0,0,264.56,15.56
1795615,Nimble,Illinois,Zen Leaf Lombard,4/16/2024,Membership 0001982 Dime Membership,Current,149,0,0,0,0,0,0,164.27,15.27
3164294,Dutchie,New Jersey,Dutchie Neptune Rec,4/16/2024,Membership 0001987 Quarter Membership,Future,249,260,0,0,0,0,0,0,16.49625
5294775,Nimble,New Jersey,Zen Leaf Lawrence,4/17/2024,Membership 0002004 Dime Membership,Current,149,0,0,0,0,0,0,158.31,9.31
3303789,Dutchie,New Jersey,Dutchie Lawrence Rec,4/17/2024,Membership 0002012 Dime Membership,Current,149,0,0,0,150,0,0,0,9.87125
689926,Dutchie,Illinois,Dutchie Saint Charles,4/17/2024,Membership 0002002 Dime Membership,Current,149,0,0,0,150,0,0,0,0.152725
5294564,Nimble,New Jersey,Zen Leaf Neptune,4/17/2024,Membership 0002003 Quarter Membership,Current,249,0,0,0,0,0,0,264.56,15.56
4970291,Nimble,New Jersey,Zen Leaf Lawrence,4/17/2024,Membership 0002009 Quarter Membership,Current,249,0,0,0,0,0,0,264.56,15.56
5295369,Nimble,New Jersey,Zen Leaf Neptune,4/17/2024,Membership 0002005 Dime Membership,Current,149,0,0,0,0,0,0,158.31,9.31
3178486,Dutchie,New Jersey,Dutchie Lawrence Rec,4/17/2024,Membership 0002008 Quarter Membership,Current,249,0,0,0,290,0,0,0,16.49625
3036373,Dutchie,New Jersey,Dutchie Neptune Rec,4/17/2024,Membership 0002226 Quarter Membership,Current,249,300,0,0,0,0,0,0,16.49625
1659035,Nimble,Illinois,Zen Leaf St. Charles,4/17/2024,Membership 0002001 Quarter Membership,Current,249,0,0,0,0,0,0,274.52,25.52
5202413,Nimble,New Jersey,Zen Leaf Neptune,4/17/2024,Membership 0004733 Quarter Membership,Cancelled,0,0,0,0,0,0,0,264.56,0
3624770,Dutchie,New Jersey,Dutchie Neptune Rec,4/18/2024,Membership 0002026 Quarter Membership,Current,249,0,392,0,0,0,0,0,16.49625
1111435,Dutchie,Illinois,Dutchie Naperville,4/18/2024,Membership 0002064 Dime Membership,Current,118.99,280,0,0,0,0,0,0,0.12196475000000001
3922382,Dutchie,New Jersey,Dutchie Elizabeth Med,4/18/2024,Membership 0002031 Quarter Membership,Current,199,0,0,0,200,0,0,0,13.18375
1814186,Dutchie,New Jersey,Dutchie Neptune Rec,4/18/2024,Membership 0002020 Dime Membership,Current,149,0,0,0,149,0,0,0,9.87125
2336047,Dutchie,Illinois,Dutchie Aurora,4/18/2024,Membership 0003420 Dime Membership,Current,146.47,0,0,0,330,0,0,0,0.15013175
1859617,Nimble,Illinois,Zen Leaf Naperville,4/18/2024,Membership 0002018 Dime Membership,Current,149,0,0,0,0,0,0,164.27,15.27
968877,Dutchie,Illinois,Dutchie Rogers Park,4/18/2024,Membership 0002028 Quarter Membership,Current,249,0,0,0,300,0,0,0,0.25522500000000004
1111435,Dutchie,Illinois,Dutchie Naperville,4/18/2024,Membership 0002064 Dime Membership,Future,118.99,280,0,0,0,0,0,0,0.12196475000000001
1724351,Nimble,Illinois,Zen Leaf Pilsen,4/18/2024,Membership 0002014 Quarter Membership,Current,249,0,0,0,0,0,0,274.52,25.52
4811744,Dutchie,New Jersey,Dutchie Elizabeth Med,4/18/2024,Membership 0003501 Quarter Membership,Current,199,200,0,0,0,0,0,0,13.18375
1916080,Nimble,Illinois,Zen Leaf St. Charles,4/18/2024,Membership 0002015 Dime Membership,Current,149,0,0,0,0,0,0,164.27,15.27
4192104,Nimble,Illinois,Zen Leaf Lombard,4/18/2024,Membership 0002022 Quarter Membership,Current,249,0,0,0,0,0,0,274.52,25.52
5300806,Nimble,New Jersey,Zen Leaf Lawrence,4/18/2024,Membership 0002030 Quarter Membership,Current,249,0,0,0,0,0,0,264.56,15.56
5297631,Nimble,New Jersey,Zen Leaf Neptune,4/18/2024,Membership 0002016 Quarter Membership,Current,249,0,0,0,0,0,0,264.56,15.56
5300666,Nimble,Illinois,Zen Leaf Naperville,4/18/2024,Membership 0002029 Dime Membership,Current,149,0,0,0,0,0,0,164.27,15.27
4773106,Nimble,New Jersey,Zen Leaf Elizabeth,4/18/2024,Membership 0002013 Dime Membership,Current,149,0,0,0,0,0,0,158.31,9.31
3275782,Nimble,New Jersey,Zen Leaf Lawrence,4/18/2024,Membership 0002024 Dime Membership,Current,149,0,0,0,0,0,0,158.31,9.31
5298014,Nimble,New Jersey,Zen Leaf Elizabeth,4/18/2024,Membership 0002021 Dime Membership,Current,149,0,0,0,0,0,0,158.31,9.31
1305051,Nimble,Illinois,Zen Leaf St. Charles,4/18/2024,Membership 0002017 Dime Membership,Current,149,0,0,0,0,0,0,164.27,15.27
5302012,Nimble,Illinois,Zen Leaf Lombard,4/19/2024,Membership 0002038 Dime Membership,Current,149,0,0,0,0,0,0,164.27,15.27
4191199,Nimble,New Jersey,Zen Leaf Elizabeth,4/19/2024,Membership 0002056 Dime Membership,Current,149,0,0,0,0,0,0,158.31,9.31
5307946,Nimble,New Jersey,Zen Leaf Lawrence,4/19/2024,Membership 0002055 Dime Membership,Current,149,0,0,0,0,0,0,158.31,9.31
3669380,Nimble,Illinois,Zen Leaf St. Charles,4/19/2024,Membership 0002072 Quarter Membership,Current,249,0,0,0,0,0,0,264.56,15.56
2661830,Dutchie,New Jersey,Dutchie Lawrence Rec,4/19/2024,Membership 0002159 Dime Membership,Current,149,0,0,0,275,0,0,0,9.87125
3524638,Dutchie,New Jersey,Dutchie Lawrence Rec,4/19/2024,Membership 0002049 Quarter Membership,Current,199,0,0,0,200,0,0,0,13.18375
4716314,Nimble,New Jersey,Zen Leaf Lawrence,4/19/2024,Membership 0002033 Dime Membership,Current,149,0,0,0,0,0,0,158.31,9.31
2915303,Dutchie,New Jersey,Dutchie Neptune Rec,4/19/2024,Membership 0003307 Quarter Membership,Current,245.26,0,0,0,330,0,0,0,16.248475
3938569,Dutchie,New Jersey,Dutchie Elizabeth Rec,4/19/2024,Membership 0003616 Dime Membership,Current,139,0,0,0,285,0,0,0,9.20875
5307286,Nimble,Illinois,Zen Leaf St. Charles,4/19/2024,Membership 0002052 Dime Membership,Current,149,0,0,0,0,0,0,164.27,15.27
834310,Dutchie,Illinois,Dutchie Highland Park,4/19/2024,Membership 0002036 Quarter Membership,Current,224.1,0,0,0,230,0,0,0,0.2297025
845553,Dutchie,Illinois,Dutchie Highland Park,4/19/2024,Membership 0002044 Quarter Membership,Current,249,0,249,0,0,0,0,0,0.25522500000000004
4915837,Dutchie,Illinois,Dutchie Evanston,4/19/2024,Membership 0002039 Quarter Membership,Current,249,260,0,0,200,0,0,0,0.25522500000000004
2596998,Dutchie,Illinois,Dutchie Greektown,4/19/2024,Membership 0002043 Quarter Membership,Current,249,0,0,0,350,0,0,0,0.25522500000000004
2840852,Dutchie,New Jersey,Dutchie Lawrence Rec,4/19/2024,Membership 0003244 Quarter Membership,Current,249,0,0,0,510,0,0,0,16.49625
916907,Dutchie,Illinois,Dutchie Prospect Heights,4/19/2024,Membership 0002133 Quarter Membership,Current,249,300,0,0,0,0,0,0,0.25522500000000004
2234775,Dutchie,Illinois,Dutchie Saint Charles,4/19/2024,Membership 0002071 Quarter Membership,Current,249,250,0,0,0,0,0,0,0.25522500000000004
1241135,Nimble,Illinois,Zen Leaf Naperville,4/19/2024,Membership 0002040 Dime Membership,Current,149,0,0,0,0,0,0,164.27,15.27
1640215,Nimble,Illinois,Zen Leaf St. Charles,4/19/2024,Membership 0002053 Quarter Membership,Current,249,0,0,0,0,0,0,274.52,25.52
5169944,Nimble,New Jersey,Zen Leaf Lawrence,4/19/2024,Membership 0002032 Dime Membership,Current,149,0,0,0,0,0,0,158.31,9.31
821738,Dutchie,Illinois,Dutchie Highland Park,4/19/2024,Membership 0002134 Dime Membership,Current,149,240,0,0,0,0,0,0,0.152725
5060819,Nimble,Illinois,Zen Leaf Evanston,4/19/2024,Membership 0002047 Quarter Membership,Current,249,0,0,0,0,0,0,274.52,25.52
4010695,Dutchie,Illinois,Dutchie Aurora,4/19/2024,Membership 0003301 Quarter Membership,Current,249,0,0,0,250,0,0,0,0.25522500000000004
1456331,Nimble,Illinois,Zen Leaf Pilsen,4/19/2024,Membership 0002045 Dime Membership,Current,149,0,0,0,0,0,0,164.27,15.27
1904501,Nimble,Illinois,Zen Leaf Pilsen,4/19/2024,Membership 0002037 Dime Membership,Current,149,0,0,0,0,0,0,164.27,15.27
3473245,Nimble,New Jersey,Zen Leaf Neptune,4/19/2024,Membership 0002046 Quarter Membership,Current,249,0,0,0,0,0,0,264.56,15.56
493335,Nimble,Illinois,Zen Leaf St. Charles,4/19/2024,Membership 0002050 Dime Membership,Current,149,0,0,0,0,0,0,164.27,15.27
5312951,Dutchie,Illinois,Dutchie Aurora,4/20/2024,Membership 0002132 Dime Membership,Current,149,200,0,0,0,0,0,0,0.152725
1815054,Dutchie,New Jersey,Dutchie Neptune Rec,4/20/2024,Membership 0002130 Dime Membership,Future,149,350,0,0,0,0,0,0,9.87125
2741819,Dutchie,New Jersey,Dutchie Neptune Rec,4/20/2024,Membership 0002131 Quarter Membership,Current,249,0,0,0,520,0,0,0,16.49625
833331,Dutchie,Illinois,Dutchie Highland Park,4/20/2024,Membership 0002135 Dime Membership,Future,127.65,0,212,0,0,0,0,0,0.13084125000000002
3219294,Nimble,Illinois,Zen Leaf West Loop,4/20/2024,Membership 0002087 Dime Membership,Current,149,0,0,0,0,0,0,164.27,15.27
2741819,Dutchie,New Jersey,Dutchie Neptune Rec,4/20/2024,Membership 0002131 Quarter Membership,Future,249,0,0,0,520,0,0,0,16.49625
5309919,Nimble,Illinois,Zen Leaf Pilsen,4/20/2024,Membership 0002088 Quarter Membership,Current,249,0,0,0,0,0,0,274.52,25.52
3672180,Nimble,New Jersey,Zen Leaf Neptune,4/20/2024,Membership 0002094 Quarter Membership,Current,249,0,0,0,0,0,0,264.56,15.56
1014135,Dutchie,Illinois,Dutchie Rogers Park,4/20/2024,Membership 0004230 Quarter Membership,Current,249,0,0,0,330,0,0,0,0.25522500000000004
833331,Dutchie,Illinois,Dutchie Highland Park,4/20/2024,Membership 0002135 Dime Membership,Current,127.65,0,212,0,0,0,0,0,0.13084125000000002
5311443,Nimble,Illinois,Zen Leaf St. Charles,4/20/2024,Membership 0002100 Dime Membership,Current,149,0,0,0,0,0,0,158.31,9.31
1360662,Dutchie,New Jersey,Dutchie Lawrence Med,4/20/2024,Membership 0002090 Dime Membership,Current,149,200,0,0,0,0,0,0,9.87125
5311543,Dutchie,New Jersey,Dutchie Neptune Rec,4/20/2024,Membership 0002168 Dime Membership,Current,149,200,0,0,0,0,0,0,9.87125
3522356,Nimble,New Jersey,Zen Leaf Lawrence,4/20/2024,Membership 0002101 Quarter Membership,Current,249,0,0,0,0,0,0,264.56,15.56
3624294,Dutchie,New Jersey,Dutchie Lawrence Rec,4/20/2024,Membership 0002103 Quarter Membership,Current,249,300,0,0,0,0,0,0,16.49625
1748846,Nimble,Illinois,Zen Leaf St. Charles,4/20/2024,Membership 0002104 Quarter Membership,Current,249,0,0,0,0,0,0,274.52,25.52
4555086,Nimble,New Jersey,Zen Leaf Neptune,4/20/2024,Membership 0002105 Quarter Membership,Current,249,0,0,0,0,0,0,264.56,15.56
3780235,Nimble,New Jersey,Zen Leaf Elizabeth,4/20/2024,Membership 0002106 Dime Membership,Current,149,0,0,0,0,0,0,158.31,9.31
1233897,Nimble,Illinois,Zen Leaf Rogers Park,4/20/2024,Membership 0002107 Quarter Membership,Current,249,0,0,0,0,0,0,274.52,25.52
1815054,Dutchie,New Jersey,Dutchie Neptune Rec,4/20/2024,Membership 0002130 Dime Membership,Current,149,350,0,0,0,0,0,0,9.87125
3652196,Dutchie,New Jersey,Dutchie Elizabeth Rec,4/20/2024,Membership 0003306 Quarter Membership,Current,249,300,0,0,0,0,0,0,16.49625
4837981,Dutchie,Illinois,Dutchie Rogers Park,4/20/2024,Membership 0004219 Quarter Membership,Current,249,0,0,0,320,0,0,0,0.25522500000000004
1864093,Nimble,New Jersey,Zen Leaf Neptune,4/20/2024,Membership 0002108 Dime Membership,Current,149,0,0,0,0,0,0,158.31,9.31
901937,Nimble,Illinois,Zen Leaf Lombard,4/20/2024,Membership 0002095 Quarter Membership,Current,199,0,0,0,0,0,0,219.4,20.4
3630174,Nimble,New Jersey,Zen Leaf Neptune,4/20/2024,Membership 0002074 Dime Membership,Current,149,0,0,0,0,0,0,158.31,9.31
2197959,Dutchie,Illinois,Dutchie Evanston,4/20/2024,Membership 0002093 Dime Membership,Current,149,200,0,0,0,0,0,0,0.152725
2970888,Nimble,New Jersey,Zen Leaf Lawrence,4/20/2024,Membership 0002075 Dime Membership,Current,149,0,0,0,0,0,0,158.31,9.31
1435656,Nimble,Illinois,Zen Leaf Highland Park,4/20/2024,Membership 0002076 Quarter Membership,Current,249,0,0,0,0,0,0,274.52,25.52
512104,Nimble,Illinois,Zen Leaf St. Charles,4/20/2024,Membership 0002079 Quarter Membership,Current,249,0,0,0,0,0,0,274.52,25.52
3349335,Nimble,Illinois,Zen Leaf Lombard,4/20/2024,Membership 0002084 Dime Membership,Current,149,0,0,0,0,0,0,164.27,15.27
5032147,Dutchie,New Jersey,Dutchie Neptune Rec,4/20/2024,Membership 0002099 Dime Membership,Current,149,420,0,0,0,0,0,0,9.87125
5309046,Nimble,Illinois,Zen Leaf St. Charles,4/20/2024,Membership 0002077 Dime Membership,Current,149,0,0,0,0,0,0,164.27,15.27
5035461,Dutchie,Illinois,Dutchie Prospect Heights,4/20/2024,Membership 0002109 Dime Membership,Current,149,193,0,0,0,0,0,0,0.152725
3316705,Nimble,New Jersey,Zen Leaf Neptune,4/20/2024,Membership 0002081 Quarter Membership,Current,249,0,0,0,0,0,0,264.56,15.56
2930627,Nimble,New Jersey,Zen Leaf Neptune,4/20/2024,Membership 0002078 Dime Membership,Current,149,0,0,0,0,0,0,158.31,9.31
3359255,Nimble,Illinois,Zen Leaf West Loop,4/20/2024,Membership 0002085 Quarter Membership,Current,249,0,0,0,0,0,0,274.52,25.52
3676379,Nimble,Illinois,Zen Leaf St. Charles,4/20/2024,Membership 0002080 Dime Membership,Current,149,0,0,0,0,0,0,164.27,15.27
4840124,Dutchie,Illinois,Dutchie Prospect Heights,4/20/2024,Membership 0002136 Dime Membership,Current,149,0,0,0,150,0,0,0,0.152725
1818425,Nimble,New Jersey,Zen Leaf Neptune,4/20/2024,Membership 0002082 Dime Membership,Current,149,0,0,0,0,0,0,158.31,9.31
690687,Nimble,Illinois,Zen Leaf Lombard,4/20/2024,Membership 0002083 Dime Membership,Current,149,0,0,0,0,0,0,164.27,15.27
1860833,Nimble,Illinois,Zen Leaf Lombard,4/20/2024,Membership 0002086 Quarter Membership,Current,249,0,0,0,0,0,0,274.52,25.52
5310278,Nimble,New Jersey,Zen Leaf Neptune,4/20/2024,Membership 0002091 Dime Membership,Current,149,0,0,0,0,0,0,158.31,9.31
4972493,Dutchie,New Jersey,Dutchie Neptune Rec,4/20/2024,Membership 0002097 Dime Membership,Current,149,150,0,0,0,0,0,0,9.87125
3151749,Nimble,New Jersey,Zen Leaf Lawrence,4/20/2024,Membership 0002073 Dime Membership,Current,149,0,0,0,0,0,0,158.31,9.31
3654295,Dutchie,New Jersey,Dutchie Lawrence Rec,4/21/2024,Membership 0002117 Dime Membership,Current,149,160,0,0,0,0,0,0,9.87125
1402698,Nimble,Illinois,Zen Leaf Rogers Park,4/21/2024,Membership 0002112 Dime Membership,Current,149,0,0,0,0,0,0,164.27,15.27
3579312,Dutchie,Illinois,Dutchie Saint Charles,4/21/2024,Membership 0002122 Quarter Membership,Current,249,0,257.5,0,0,0,0,0,0.25522500000000004
2426191,Dutchie,Illinois,Dutchie Naperville,4/21/2024,Membership 0003293 Quarter Membership,Current,249,0,0,0,250,0,0,0,0.25522500000000004
969078,Nimble,Illinois,Zen Leaf Rogers Park,4/21/2024,Membership 0002120 Quarter Membership,Current,249,0,0,0,0,0,0,274.52,25.52
788533,Nimble,Illinois,Zen Leaf St. Charles,4/21/2024,Membership 0002113 Dime Membership,Current,149,0,0,0,0,0,0,164.27,15.27
2989400,Nimble,New Jersey,Zen Leaf Lawrence,4/21/2024,Membership 0002111 Dime Membership,Current,149,0,0,0,0,0,0,158.31,9.31
865657,Dutchie,Illinois,Dutchie Naperville,4/21/2024,Membership 0002119 Dime Membership,Current,149,300,0,0,0,0,0,0,0.152725
4474931,Dutchie,Illinois,Dutchie Saint Charles,4/21/2024,Membership 0002115 Dime Membership,Current,149,0,188.75,0,0,0,0,0,0.152725
5314844,Nimble,New Jersey,Zen Leaf Lawrence,4/21/2024,Membership 0002110 Quarter Membership,Current,249,0,0,0,0,0,0,264.56,15.56
2663836,Nimble,New Jersey,Zen Leaf Neptune,4/22/2024,Membership 0002126 Dime Membership,Current,149,0,0,0,0,0,0,158.31,9.31
1007442,Nimble,Illinois,Zen Leaf St. Charles,4/22/2024,Membership 0002142 Dime Membership,Current,149,0,0,0,0,0,0,164.27,15.27
2217374,Nimble,Illinois,Zen Leaf Pilsen,4/22/2024,Membership 0002137 Dime Membership,Current,149,0,0,0,0,0,0,164.27,15.27
3450403,Nimble,New Jersey,Zen Leaf Neptune,4/22/2024,Membership 0002127 Dime Membership,Current,149,0,0,0,0,0,0,158.31,9.31
2014579,Dutchie,Illinois,Dutchie Rogers Park,4/22/2024,Membership 0002125 Dime Membership,Current,149,0,0,0,240,0,0,0,0.152725
2507759,Nimble,New Jersey,Zen Leaf Neptune,4/22/2024,Membership 0002140 Quarter Membership,Current,249,0,0,0,0,0,0,264.56,15.56
2107532,Nimble,Illinois,Zen Leaf St. Charles,4/22/2024,Membership 0002141 Dime Membership,Current,149,0,0,0,0,0,0,164.27,15.27
3139143,Dutchie,New Jersey,Dutchie Neptune Rec,4/22/2024,Membership 0002139 Quarter Membership,Current,249,0,0,0,250,0,0,0,16.49625
2252797,Nimble,Illinois,Zen Leaf St. Charles,4/22/2024,Membership 0002123 Dime Membership,Current,149,0,0,0,0,0,0,164.27,15.27
2570211,Nimble,New Jersey,Zen Leaf Lawrence,4/22/2024,Membership 0002442 Dime Membership,Cancelled,0,0,0,0,0,0,0,142.38,0
3246297,Dutchie,New Jersey,Dutchie Lawrence Rec,4/23/2024,Membership 0002143 Quarter Membership,Current,249,300,0,0,150,0,0,0,16.49625
4004902,Nimble,Illinois,Zen Leaf Pilsen,4/23/2024,Membership 0002148 Quarter Membership,Current,249,0,0,0,0,0,0,274.52,25.52
5320052,Dutchie,New Jersey,Dutchie Neptune Rec,4/23/2024,Membership 0002146 Dime Membership,Current,149,150,0,0,0,0,0,0,9.87125
1303658,Nimble,Illinois,Zen Leaf West Loop,4/23/2024,Membership 0002147 Dime Membership,Current,149,0,0,0,0,0,0,164.27,15.27
2239420,Nimble,Illinois,Zen Leaf Lombard,4/23/2024,Membership 0002144 Quarter Membership,Current,249,0,0,0,0,0,0,274.52,25.52
1130757,Dutchie,Illinois,Dutchie Lombard,4/24/2024,Membership 0002249 Dime Membership,Current,149,0,0,0,150,0,0,0,0.152725
3739298,Nimble,New Jersey,Zen Leaf Elizabeth,4/24/2024,Membership 0002149 Dime Membership,Current,149,0,0,0,0,0,0,158.31,9.31
5322279,Nimble,Illinois,Zen Leaf St. Charles,4/24/2024,Membership 0002152 Quarter Membership,Current,249,0,0,0,0,0,0,274.52,25.52
1967453,Dutchie,New Jersey,Dutchie Lawrence Rec,4/24/2024,Membership 0003563 Quarter Membership,Current,249,0,0,0,285,0,0,0,16.49625
5323086,Nimble,New Jersey,Zen Leaf Neptune,4/24/2024,Membership 0002153 Dime Membership,Current,149,0,0,0,0,0,0,158.31,9.31
4986437,Dutchie,Illinois,Dutchie Rogers Park,4/25/2024,Membership 0003598 Quarter Membership,Current,249,0,0,0,280,0,0,0,0.25522500000000004
5325420,Dutchie,New Jersey,Dutchie Lawrence Rec,4/25/2024,Membership 0002158 Quarter Membership,Current,249,300,0,0,0,0,0,0,16.49625
2953771,Dutchie,New Jersey,Dutchie Neptune Rec,4/25/2024,Membership 0002155 Quarter Membership,Current,249,250,0,0,0,0,0,0,16.49625
5208901,Nimble,New Jersey,Zen Leaf Lawrence,4/25/2024,Membership 0002154 Dime Membership,Current,149,0,0,0,0,0,0,158.31,9.31
5326617,Nimble,Illinois,Zen Leaf St. Charles,4/25/2024,Membership 0002161 Dime Membership,Current,149,0,0,0,0,0,0,164.27,15.27
5325462,Nimble,New Jersey,Zen Leaf Elizabeth,4/25/2024,Membership 0002156 Quarter Membership,Current,249,0,0,0,0,0,0,264.56,15.56
2629369,Nimble,New Jersey,Zen Leaf Lawrence,4/25/2024,Membership 0002160 Quarter Membership,Current,249,0,0,0,0,0,0,264.56,15.56
696844,Dutchie,Illinois,Dutchie Saint Charles,4/26/2024,Membership 0002170 Quarter Membership,Current,249,0,249,0,0,0,0,0,0.25522500000000004
3798560,Nimble,Illinois,Zen Leaf St. Charles,4/26/2024,Membership 0002176 Dime Membership,Current,149,0,0,0,0,0,0,164.27,15.27
3472277,Nimble,New Jersey,Zen Leaf Neptune,4/26/2024,Membership 0002175 Dime Membership,Current,149,0,0,0,0,0,0,158.31,9.31
2594680,Nimble,Illinois,Zen Leaf St. Charles,4/26/2024,Membership 0002174 Dime Membership,Current,149,0,0,0,0,0,0,164.27,15.27
1843879,Dutchie,New Jersey,Dutchie Neptune Rec,4/26/2024,Membership 0002173 Quarter Membership,Current,249,310,0,0,0,0,0,0,16.49625
1127276,Nimble,New Jersey,Zen Leaf Elizabeth,4/26/2024,Membership 0002171 Dime Membership,Current,149,0,0,0,0,0,0,158.31,9.31
1645343,Nimble,Illinois,Zen Leaf St. Charles,4/26/2024,Membership 0002169 Quarter Membership,Current,249,0,0,0,0,0,0,274.52,25.52
850981,Nimble,Illinois,Zen Leaf Highland Park,4/26/2024,Membership 0002164 Dime Membership,Current,149,0,0,0,0,0,0,164.27,15.27
3042139,Dutchie,Illinois,Dutchie Saint Charles,4/26/2024,Membership 0002228 Dime Membership,Current,149,300,0,0,0,0,0,0,0.152725
1948009,Dutchie,Illinois,Dutchie Prospect Heights,4/26/2024,Membership 0003395 Quarter Membership,Current,249,360,0,0,0,0,0,0,0.25522500000000004
2347721,Nimble,Illinois,Zen Leaf St. Charles,4/26/2024,Membership 0002177 Quarter Membership,Current,249,0,0,0,0,0,0,274.52,25.52
3598573,Nimble,Illinois,Zen Leaf Highland Park,4/26/2024,Membership 0002165 Quarter Membership,Current,249,0,0,0,0,0,0,274.52,25.52
2930959,Dutchie,New Jersey,Dutchie Neptune Rec,4/26/2024,Membership 0002163 Quarter Membership,Current,249,0,0,0,250,0,0,0,16.49625
4109897,Dutchie,Illinois,Dutchie Prospect Heights,4/26/2024,Membership 0002404 Quarter Membership,Current,209.37,360,0,0,0,0,0,0,0.21460425000000002
2947787,Dutchie,New Jersey,Dutchie Neptune Rec,4/26/2024,Membership 0002166 Dime Membership,Current,149,0,0,0,150,0,0,0,9.87125
3942768,Dutchie,Illinois,Dutchie Evanston,4/27/2024,Membership 0003290 Dime Membership,Current,149,0,0,0,220,0,0,0,0.152725
3047047,Dutchie,Illinois,Dutchie Rogers Park,4/27/2024,Membership 0002250 Dime Membership,Current,149,0,419,0,0,0,0,0,0.152725
3027842,Nimble,New Jersey,Zen Leaf Neptune,4/27/2024,Membership 0002182 Quarter Membership,Current,249,0,0,0,0,0,0,264.56,15.56
5332548,Nimble,Illinois,Zen Leaf Evanston,4/27/2024,Membership 0002181 Quarter Membership,Current,249,0,0,0,0,0,0,274.52,25.52
1717398,Dutchie,Illinois,Dutchie Saint Charles,4/27/2024,Membership 0002251 Quarter Membership,Current,249,420,0,0,0,0,0,0,0.25522500000000004
4075087,Nimble,New Jersey,Zen Leaf Neptune,4/27/2024,Membership 0002179 Quarter Membership,Current,249,0,0,0,0,0,0,264.56,15.56
1253746,Nimble,Illinois,Zen Leaf Highland Park,4/27/2024,Membership 0002178 Dime Membership,Current,149,0,0,0,0,0,0,164.27,15.27
1818481,Nimble,New Jersey,Zen Leaf Neptune,4/27/2024,Membership 0002180 Quarter Membership,Current,249,0,0,0,0,0,0,264.56,15.56
4485378,Dutchie,New Jersey,Dutchie Lawrence Rec,4/28/2024,Membership 0002189 Quarter Membership,Current,249,260,0,0,0,0,0,0,16.49625
953819,Nimble,Illinois,Zen Leaf Lombard,4/28/2024,Membership 0002183 Quarter Membership,Current,249,0,0,0,0,0,0,274.52,25.52
2989562,Nimble,New Jersey,Zen Leaf Neptune,4/28/2024,Membership 0002184 Dime Membership,Current,149,0,0,0,0,0,0,158.31,9.31
545692,Nimble,Illinois,Zen Leaf Naperville,4/28/2024,Membership 0002190 Dime Membership,Current,149,0,0,0,0,0,0,164.27,15.27
3398077,Nimble,Illinois,Zen Leaf St. Charles,4/28/2024,Membership 0002185 Quarter Membership,Current,249,0,0,0,0,0,0,274.52,25.52
3087774,Nimble,New Jersey,Zen Leaf Neptune,4/28/2024,Membership 0002191 Dime Membership,Current,149,0,0,0,0,0,0,158.31,9.31
846469,Dutchie,Illinois,Dutchie Naperville,4/28/2024,Membership 0002187 Dime Membership,Current,144.1,0,0,0,350,0,0,0,0.14770250000000001
1906565,Dutchie,Illinois,Dutchie Rogers Park,4/29/2024,Membership 0002196 Quarter Membership,Current,249,420,0,0,0,0,0,0,0.25522500000000004
5109064,Dutchie,Illinois,Dutchie Naperville,4/29/2024,Membership 0002252 Dime Membership,Current,149,0,0,0,230,0,0,0,0.152725
3427998,Dutchie,Illinois,Dutchie Prospect Heights,4/29/2024,Membership 0003343 Quarter Membership,Current,249,0,0,0,250,0,0,0,0.25522500000000004
5339364,Nimble,Illinois,Zen Leaf St. Charles,4/29/2024,Membership 0002198 Quarter Membership,Current,249,0,0,0,0,0,0,274.52,25.52
818360,Nimble,Illinois,Zen Leaf Highland Park,4/29/2024,Membership 0002197 Quarter Membership,Current,249,0,0,0,0,0,0,274.52,25.52
5339617,Nimble,Illinois,Zen Leaf Naperville,4/29/2024,Membership 0002199 Quarter Membership,Current,249,0,0,0,0,0,0,274.52,25.52
5337877,Nimble,Illinois,Zen Leaf St. Charles,4/29/2024,Membership 0002193 Quarter Membership,Current,249,0,0,0,0,0,0,274.52,25.52
3215191,Nimble,Illinois,Zen Leaf St. Charles,4/29/2024,Membership 0002194 Quarter Membership,Current,249,0,0,0,0,0,0,274.52,25.52
1967920,Nimble,Illinois,Zen Leaf St. Charles,4/29/2024,Membership 0002192 Dime Membership,Current,149,0,0,0,0,0,0,164.27,15.27
2515082,Nimble,New Jersey,Zen Leaf Elizabeth,4/30/2024,Membership 0002207 Dime Membership,Current,149,0,0,0,0,0,0,158.31,9.31
672266,Nimble,Illinois,Zen Leaf Naperville,4/30/2024,Membership 0002206 Dime Membership,Current,149,0,0,0,0,0,0,164.27,15.27
928960,Dutchie,Illinois,Dutchie Naperville,4/30/2024,Membership 0002208 Quarter Membership,Current,249,0,0,0,340,0,0,0,0.25522500000000004
2523316,Nimble,New Jersey,Zen Leaf Elizabeth,4/30/2024,Membership 0002203 Quarter Membership,Current,249,0,0,0,0,0,0,264.56,15.56
2578343,Dutchie,Illinois,Dutchie Prospect Heights,4/30/2024,Membership 0003235 Dime Membership,Current,149,400,0,0,0,0,0,0,0.152725
5339996,Nimble,Illinois,Zen Leaf Pilsen,4/30/2024,Membership 0002200 Quarter Membership,Current,249,0,0,0,0,0,0,274.52,25.52
547469,Nimble,Illinois,Zen Leaf St. Charles,4/30/2024,Membership 0002210 Quarter Membership,Current,249,0,0,0,0,0,0,274.52,25.52
4787911,Dutchie,New Jersey,Dutchie Neptune Rec,4/30/2024,Membership 0002202 Quarter Membership,Current,249,300,0,0,0,0,0,0,16.49625
5342057,Dutchie,Illinois,Dutchie Naperville,4/30/2024,Membership 0002209 Quarter Membership,Current,249,200,0,0,290,0,0,0,0.25522500000000004
2860119,Dutchie,New Jersey,Dutchie Lawrence Rec,4/30/2024,Membership 0003632 Dime Membership,Current,149,0,0,0,265,0,0,0,9.87125
2568912,Dutchie,New Jersey,Dutchie Neptune Rec,4/30/2024,Membership 0002205 Quarter Membership,Current,249,0,0,0,250,0,0,0,16.49625
4602266,Dutchie,Illinois,Dutchie West Chicago,5/1/2024,Membership 0003304 Dime Membership,Current,149,0,150,0,0,0,0,0,0.152725
2994324,Nimble,Illinois,Zen Leaf St. Charles,5/1/2024,Membership 0002217 Quarter Membership,Current,249,0,0,0,0,0,0,274.52,25.52
631099,Nimble,New Jersey,Zen Leaf Elizabeth,5/1/2024,Membership 0002211 Quarter Membership,Current,249,0,0,0,0,0,0,264.56,15.56
732568,Dutchie,Illinois,Dutchie Aurora,5/1/2024,Membership 0002216 Dime Membership,Current,149,0,470.5,0,0,0,0,0,0.152725
1088046,Dutchie,Illinois,Dutchie Saint Charles,5/1/2024,Membership 0002248 Dime Membership,Current,149,0,0,0,250,0,0,0,0.152725
2489520,Dutchie,New Jersey,Dutchie Elizabeth Rec,5/1/2024,Membership 0002256 Quarter Membership,Current,249,260,0,0,0,0,0,0,16.49625
3938790,Dutchie,Illinois,Dutchie Aurora,5/1/2024,Membership 0002239 Dime Membership,Current,130.35,0,0,0,200,0,0,0,0.13360875
4213665,Dutchie,Illinois,Dutchie Lombard,5/1/2024,Membership 0002264 Quarter Membership,Current,249,250,0,0,0,0,0,0,0.25522500000000004
3481899,Dutchie,New Jersey,Dutchie Lawrence Rec,5/1/2024,Membership 0004449 Quarter Membership,Current,249,600,0,0,0,0,0,0,16.49625
3265549,Dutchie,Illinois,Dutchie Aurora,5/1/2024,Membership 0002215 Dime Membership,Current,149,0,0,0,250,0,0,0,0.152725
1658060,Nimble,Illinois,Zen Leaf Naperville,5/1/2024,Membership 0002212 Dime Membership,Current,149,0,0,0,0,0,0,164.27,15.27
5346194,Dutchie,New Jersey,Dutchie Lawrence Rec,5/2/2024,Membership 0002221 Dime Membership,Current,149,150,0,0,0,0,0,0,9.87125
2189097,Dutchie,New Jersey,Dutchie Neptune Rec,5/2/2024,Membership 0002219 Quarter Membership,Current,249,0,0,0,250,0,0,0,16.49625
1816429,Dutchie,New Jersey,Dutchie Neptune Rec,5/2/2024,Membership 0002255 Quarter Membership,Current,249,0,0,0,250,0,0,0,16.49625
5346075,Nimble,Illinois,Zen Leaf Lombard,5/2/2024,Membership 0002220 Dime Membership,Current,149,0,0,0,0,0,0,164.27,15.27
4599249,Dutchie,New Jersey,Dutchie Lawrence Rec,5/2/2024,Membership 0002223 Dime Membership,Current,149,160,0,0,0,0,0,0,9.87125
5347293,Nimble,Illinois,Zen Leaf West Loop,5/2/2024,Membership 0002222 Quarter Membership,Current,249,0,0,0,0,0,0,274.52,25.52
5093455,Dutchie,New Jersey,Dutchie Lawrence Rec,5/2/2024,Membership 0002224 Quarter Membership,Current,249,0,0,0,250,0,0,0,16.49625
3558599,Dutchie,Illinois,Dutchie Prospect Heights,5/2/2024,Membership 0003614 Dime Membership,Current,115.34,250.5,0,0,0,0,0,0,0.11822350000000001
4120876,Nimble,New Jersey,Zen Leaf Elizabeth,5/2/2024,Membership 0002218 Quarter Membership,Current,249,0,0,0,0,0,0,264.56,15.56
1546727,Nimble,Illinois,Zen Leaf Rogers Park,5/3/2024,Membership 0002231 Dime Membership,Current,149,0,0,0,0,0,0,164.27,15.27
2206362,Dutchie,Illinois,Dutchie Rogers Park,5/3/2024,Membership 0003394 Quarter Membership,Current,249,0,0,0,300,0,0,0,0.25522500000000004
2767015,Dutchie,New Jersey,Dutchie Lawrence Rec,5/3/2024,Membership 0002236 Quarter Membership,Current,249,0,0,0,280,0,0,0,16.49625
3346133,Dutchie,New Jersey,Dutchie Neptune Rec,5/3/2024,Membership 0002233 Quarter Membership,Current,249,0,0,0,250,0,0,0,16.49625
3397775,Dutchie,New Jersey,Dutchie Neptune Rec,5/3/2024,Membership 0002288 Quarter Membership,Current,249,0,0,0,250,0,0,0,16.49625
5348939,Nimble,Illinois,Zen Leaf Evanston,5/3/2024,Membership 0002229 Quarter Membership,Current,249,0,0,0,0,0,0,274.52,25.52
1886340,Nimble,Illinois,Zen Leaf St. Charles,5/3/2024,Membership 0002238 Dime Membership,Current,149,0,0,0,0,0,0,164.27,15.27
5349274,Nimble,New Jersey,Zen Leaf Neptune,5/3/2024,Membership 0002230 Quarter Membership,Current,249,0,0,0,0,0,0,264.56,15.56
5348134,Nimble,New Jersey,Zen Leaf Elizabeth,5/3/2024,Membership 0002225 Quarter Membership,Current,249,0,0,0,0,0,0,264.56,15.56
838739,Nimble,Illinois,Zen Leaf St. Charles,5/3/2024,Membership 0002237 Dime Membership,Current,149,0,0,0,0,0,0,164.27,15.27
3027905,Nimble,New Jersey,Zen Leaf Neptune,5/3/2024,Membership 0002234 Dime Membership,Current,149,0,0,0,0,0,0,158.31,9.31
1813565,Dutchie,New Jersey,Dutchie Neptune Rec,5/4/2024,Membership 0002258 Dime Membership,Current,149,200,0,0,0,0,0,0,9.87125
1814020,Nimble,New Jersey,Zen Leaf Neptune,5/4/2024,Membership 0002240 Quarter Membership,Current,249,0,0,0,0,0,0,264.56,15.56
1417973,Dutchie,Illinois,Dutchie Lombard,5/5/2024,Membership 0002276 Quarter Membership,Current,249,0,0,0,250,0,0,0,0.25522500000000004
5357788,Nimble,Illinois,Zen Leaf Lombard,5/5/2024,Membership 0002257 Quarter Membership,Current,249,0,0,0,0,0,0,274.52,25.52
4901252,Dutchie,Illinois,Dutchie Prospect Heights,5/5/2024,Membership 0003175 Dime Membership,Current,142.68,0,0,0,220,0,0,0,0.14624700000000002
4027276,Nimble,New Jersey,Zen Leaf Lawrence,5/6/2024,Membership 0002260 Dime Membership,Current,149,0,0,0,0,0,0,158.31,9.31
4417336,Dutchie,Illinois,Dutchie Prospect Heights,5/6/2024,Membership 0002277 Quarter Membership,Current,249,0,0,0,250,0,0,0,0.25522500000000004
1848468,Dutchie,Illinois,Dutchie Rogers Park,5/6/2024,Membership 0003300 Dime Membership,Current,89,100,0,0,0,0,0,0,0.091225
4219603,Nimble,New Jersey,Zen Leaf Lawrence,5/6/2024,Membership 0002259 Quarter Membership,Current,249,0,0,0,0,0,0,264.56,15.56
2098063,Nimble,Illinois,Zen Leaf St. Charles,5/7/2024,Membership 0002262 Dime Membership,Current,149,0,0,0,0,0,0,164.27,15.27
1271545,Dutchie,Illinois,Dutchie Rogers Park,5/7/2024,Membership 0003303 Quarter Membership,Current,249,300,0,0,0,0,0,0,0.25522500000000004
5362160,Nimble,New Jersey,Zen Leaf Lawrence,5/7/2024,Membership 0002265 Quarter Membership,Current,249,0,0,0,0,0,0,264.56,15.56
1971069,Nimble,Illinois,Zen Leaf West Loop,5/7/2024,Membership 0002266 Dime Membership,Current,149,0,0,0,0,0,0,164.27,15.27
2818562,Dutchie,New Jersey,Dutchie Lawrence Rec,5/8/2024,Membership 0002270 Dime Membership,Current,149,0,0,0,150,0,0,0,9.87125
4090699,Dutchie,New Jersey,Dutchie Neptune Rec,5/8/2024,Membership 0002267 Quarter Membership,Current,249,250,0,0,0,0,0,0,16.49625
2236659,Nimble,Illinois,Zen Leaf Evanston,5/8/2024,Membership 0002268 Quarter Membership,Current,249,0,0,0,0,0,0,274.52,25.52
2656641,Nimble,Illinois,Zen Leaf Pilsen,5/8/2024,Membership 0002275 Dime Membership,Current,149,0,0,0,0,0,0,164.27,15.27
1278595,Dutchie,Illinois,Dutchie Evanston,5/8/2024,Membership 0002273 Quarter Membership,Current,249,200,0,0,290,0,0,0,0.25522500000000004
946189,Dutchie,Illinois,Dutchie Highland Park,5/8/2024,Membership 0002274 Quarter Membership,Current,249,300,0,0,0,0,0,0,0.25522500000000004
2287247,Dutchie,Illinois,Dutchie Highland Park,5/8/2024,Membership 0003356 Quarter Membership,Current,249,0,0,0,250,0,0,0,0.25522500000000004
752389,Dutchie,Illinois,Dutchie Naperville,5/9/2024,Membership 0002282 Dime Membership,Current,149,115,0,0,120,0,0,0,0.152725
3776967,Dutchie,Illinois,Dutchie Highland Park,5/9/2024,Membership 0002280 Dime Membership,Current,149,0,0,0,150,0,0,0,0.152725
773804,Dutchie,Illinois,Dutchie Naperville,5/9/2024,Membership 0003354 Quarter Membership,Current,249,0,0,0,330,0,0,0,0.25522500000000004
5366481,Nimble,New Jersey,Zen Leaf Neptune,5/9/2024,Membership 0002278 Dime Membership,Current,149,0,0,0,0,0,0,158.31,9.31
5366510,Dutchie,Illinois,Dutchie Evanston,5/9/2024,Membership 0002457 Dime Membership,Current,149,0,0,0,200,0,0,0,0.152725
1605511,Dutchie,Illinois,Dutchie West Chicago,5/9/2024,Membership 0002317 Quarter Membership,Current,249,0,0,0,250,0,0,0,0.25522500000000004
2158696,Nimble,New Jersey,Zen Leaf Lawrence,5/9/2024,Membership 0002283 Dime Membership,Current,149,0,0,0,0,0,0,158.31,9.31
2338190,Dutchie,Illinois,Dutchie Saint Charles,5/10/2024,Membership 0002286 Quarter Membership,Current,249,0,0,0,250,0,0,0,0.25522500000000004
1989603,Dutchie,Illinois,Dutchie Lombard,5/10/2024,Membership 0002302 Dime Membership,Current,149,0,0,0,150,0,0,0,0.152725
1028720,Dutchie,Illinois,Dutchie Lombard,5/10/2024,Membership 0003381 Dime Membership,Current,149,0,0,0,150,0,0,0,0.152725
861599,Dutchie,New Jersey,Dutchie Neptune Rec,5/10/2024,Membership 0003714 Dime Membership,Current,149,220,0,0,0,0,0,0,9.87125
1957206,Nimble,Illinois,Zen Leaf St. Charles,5/10/2024,Membership 0002284 Quarter Membership,Current,249,0,0,0,0,0,0,274.52,25.52
3437997,Dutchie,New Jersey,Dutchie Neptune Rec,5/10/2024,Membership 0004704 Dime Membership,Current,149,0,0,0,325,0,0,0,9.87125
5373303,Nimble,Illinois,Zen Leaf Rogers Park,5/11/2024,Membership 0002287 Quarter Membership,Current,249,0,0,0,0,0,0,274.52,25.52
5375631,Dutchie,Illinois,Dutchie Naperville,5/11/2024,Membership 0002289 Quarter Membership,Current,249,340,0,0,0,0,0,0,0.25522500000000004
4775640,Dutchie,Illinois,Dutchie Prospect Heights,5/11/2024,Membership 0004205 Dime Membership,Current,149,0,0,0,220,0,0,0,0.152725
969580,Dutchie,Illinois,Dutchie Aurora,5/11/2024,Membership 0003500 Dime Membership,Current,114.28999999999999,230,0,0,0,0,0,0,0.11714725000000001
1656214,Dutchie,Illinois,Dutchie Prospect Heights,5/11/2024,Membership 0003174 Quarter Membership,Current,249,0,0,0,250,0,0,0,0.25522500000000004
5377561,Nimble,New Jersey,Zen Leaf Lawrence,5/12/2024,Membership 0002292 Quarter Membership,Current,249,0,0,0,0,0,0,264.56,15.56
2413522,Nimble,Illinois,Zen Leaf St. Charles,5/12/2024,Membership 0002293 Dime Membership,Current,149,0,0,0,0,0,0,164.27,15.27
1666643,Dutchie,Illinois,Dutchie Highland Park,5/12/2024,Membership 0002291 Quarter Membership,Current,249,0,0,0,250,0,0,0,0.25522500000000004
2633029,Dutchie,New Jersey,Dutchie Lawrence Rec,5/12/2024,Membership 0002290 Quarter Membership,Current,249,0,0,0,250,0,0,0,16.49625
3797376,Nimble,New Jersey,Zen Leaf Lawrence,5/13/2024,Membership 0002294 Dime Membership,Current,149,0,0,0,0,0,0,158.31,9.31
831836,Dutchie,Illinois,Dutchie Highland Park,5/13/2024,Membership 0002301 Quarter Membership,Current,249,0,0,0,250,0,0,0,0.25522500000000004
5379165,Nimble,Illinois,Zen Leaf Rogers Park,5/13/2024,Membership 0002295 Quarter Membership,Current,249,0,0,0,0,0,0,274.52,25.52
1242422,Nimble,Illinois,Zen Leaf Evanston,5/13/2024,Membership 0002300 Quarter Membership,Current,249,0,0,0,0,0,0,274.52,25.52
3066443,Dutchie,Illinois,Dutchie Prospect Heights,5/13/2024,Membership 0003260 Dime Membership,Current,149,0,0,0,280,0,0,0,0.152725
2926226,Dutchie,New Jersey,Dutchie Lawrence Rec,5/13/2024,Membership 0002299 Dime Membership,Current,149,0,0,0,150,0,0,0,9.87125
4257177,Dutchie,Illinois,Dutchie Highland Park,5/13/2024,Membership 0002297 Quarter Membership,Current,249,0,0,0,250,0,0,0,0.25522500000000004
5116268,Dutchie,Illinois,Dutchie Evanston,5/14/2024,Membership 0003156 Dime Membership,Current,149,270,0,0,0,0,0,0,0.152725
3340032,Dutchie,New Jersey,Dutchie Neptune Rec,5/14/2024,Membership 0002303 Quarter Membership,Current,249,250,0,0,0,0,0,0,16.49625
687407,Nimble,Illinois,Zen Leaf Lombard,5/15/2024,Membership 0002305 Quarter Membership,Current,249,0,0,0,0,0,0,274.52,25.52
897460,Dutchie,Illinois,Dutchie Prospect Heights,5/15/2024,Membership 0003313 Dime Membership,Current,149,0,0,0,200,0,0,0,0.152725
818096,Dutchie,Illinois,Dutchie Highland Park,5/15/2024,Membership 0002307 Quarter Membership,Current,249,260,0,0,0,0,0,0,0.25522500000000004
4791082,Nimble,Illinois,Zen Leaf Highland Park,5/15/2024,Membership 0002304 Dime Membership,Current,149,0,0,0,0,0,0,164.27,15.27
1340388,Nimble,Illinois,Zen Leaf St. Charles,5/15/2024,Membership 0002308 Dime Membership,Current,149,0,0,0,0,0,0,164.27,15.27
4791082,Dutchie,Illinois,Dutchie Highland Park,5/15/2024,Membership 0002304 Dime Membership,Current,149,0,0,0,150,0,0,0,0.152725
3684894,Dutchie,New Jersey,Dutchie Neptune Rec,5/16/2024,Membership 0002310 Dime Membership,Current,149,200,0,0,0,0,0,0,9.87125
3045894,Dutchie,New Jersey,Dutchie Elizabeth Rec,5/16/2024,Membership 0004218 Quarter Membership,Current,249,249,0,0,0,0,0,0,16.49625
1585097,Nimble,Illinois,Zen Leaf Pilsen,5/17/2024,Membership 0002313 Quarter Membership,Current,249,0,0,0,0,0,0,274.52,25.52
3068407,Dutchie,New Jersey,Dutchie Neptune Rec,5/17/2024,Membership 0002329 Quarter Membership,Current,249,0,0,0,250,0,0,0,16.49625
5393839,Nimble,Illinois,Zen Leaf St. Charles,5/17/2024,Membership 0002315 Quarter Membership,Current,249,0,0,0,0,0,0,274.52,25.52
5354074,Dutchie,Illinois,Dutchie Evanston,5/17/2024,Membership 0002458 Dime Membership,Current,149,0,0,0,190,0,0,0,0.152725
604445,Nimble,New Jersey,Zen Leaf Elizabeth,5/17/2024,Membership 0002314 Quarter Membership,Current,249,0,0,0,0,0,0,264.56,15.56
4619548,Dutchie,Illinois,Dutchie Prospect Heights,5/17/2024,Membership 0003240 Quarter Membership,Current,249,0,0,0,500,0,0,0,0.25522500000000004
4783690,Dutchie,Illinois,Dutchie Prospect Heights,5/17/2024,Membership 0003188 Quarter Membership,Current,249,300,0,0,0,0,0,0,0.25522500000000004
785028,Nimble,Illinois,Zen Leaf St. Charles,5/17/2024,Membership 0002312 Dime Membership,Current,149,0,0,0,0,0,0,164.27,15.27
5009898,Nimble,Illinois,Zen Leaf Rogers Park,5/18/2024,Membership 0002318 Dime Membership,Current,149,0,0,0,0,0,0,164.27,15.27
2509628,Dutchie,New Jersey,Dutchie Neptune Rec,5/18/2024,Membership 0003432 Quarter Membership,Current,249,0,0,0,455.25,0,0,0,16.49625
3497657,Nimble,New Jersey,Zen Leaf Neptune,5/18/2024,Membership 0002319 Dime Membership,Current,149,0,0,0,0,0,0,158.31,9.31
4019036,Nimble,Illinois,Zen Leaf Highland Park,5/18/2024,Membership 0002316 Quarter Membership,Current,249,0,0,0,0,0,0,274.52,25.52
4526155,Dutchie,Illinois,Dutchie Prospect Heights,5/18/2024,Membership 0003292 Quarter Membership,Current,249,250,0,0,0,0,0,0,0.25522500000000004
2200859,Nimble,New Jersey,Zen Leaf Lawrence,5/19/2024,Membership 0002321 Dime Membership,Current,149,0,0,0,0,0,0,158.31,9.31
3389161,Dutchie,Illinois,Dutchie Saint Charles,5/19/2024,Membership 0002327 Quarter Membership,Current,249,526.25,0,0,0,0,0,0,0.25522500000000004
1255039,Nimble,Illinois,Zen Leaf Evanston,5/19/2024,Membership 0002320 Quarter Membership,Current,249,0,0,0,0,0,0,274.52,25.52
1589306,Dutchie,Illinois,Dutchie Greektown,5/19/2024,Membership 0002326 Quarter Membership,Current,249,0,0,0,440,0,0,0,0.25522500000000004
562836,Nimble,Illinois,Zen Leaf St. Charles,5/19/2024,Membership 0002324 Quarter Membership,Current,249,0,0,0,0,0,0,274.52,25.52
2340475,Dutchie,Illinois,Dutchie Rogers Park,5/19/2024,Membership 0003302 Dime Membership,Current,149,0,0,0,170,0,0,0,0.152725
5399933,Dutchie,New Jersey,Dutchie Elizabeth Rec,5/19/2024,Membership 0003682 Dime Membership,Current,149,160,0,0,0,0,0,0,9.87125
1935263,Dutchie,New Jersey,Dutchie Neptune Rec,5/19/2024,Membership 0004358 Quarter Membership,Current,249,0,0,0,250,0,0,0,16.49625
5153056,Nimble,Illinois,Zen Leaf St. Charles,5/20/2024,Membership 0002335 Dime Membership,Current,149,0,0,0,0,0,0,164.27,15.27
904317,Dutchie,Illinois,Dutchie Aurora,5/20/2024,Membership 0002331 Quarter Membership,Current,245.18,0,347.25,0,0,0,0,0,0.2513095
870478,Nimble,Illinois,Zen Leaf St. Charles,5/20/2024,Membership 0002333 Dime Membership,Current,149,0,0,0,0,0,0,164.27,15.27
1001608,Nimble,Illinois,Zen Leaf Rogers Park,5/20/2024,Membership 0002332 Dime Membership,Current,149,0,0,0,0,0,0,164.27,15.27
1931903,Dutchie,New Jersey,Dutchie Neptune Rec,5/21/2024,Membership 0002349 Quarter Membership,Current,249,250,0,0,0,0,0,0,16.49625
2149355,Dutchie,Illinois,Dutchie Highland Park,5/21/2024,Membership 0002341 Quarter Membership,Current,249,260,0,0,0,0,0,0,0.25522500000000004
2121995,Dutchie,Illinois,Dutchie Highland Park,5/21/2024,Membership 0002342 Quarter Membership,Current,249,300,0,0,0,0,0,0,0.25522500000000004
3013919,Nimble,New Jersey,Zen Leaf Neptune,5/21/2024,Membership 0002343 Quarter Membership,Current,249,0,0,0,0,0,0,264.56,15.56
1393168,Nimble,New Jersey,Zen Leaf Lawrence,5/21/2024,Membership 0002336 Quarter Membership,Current,249,0,0,0,0,0,0,264.56,15.56
1872862,Dutchie,Illinois,Dutchie Lombard,5/21/2024,Membership 0002347 Dime Membership,Current,149,0,0,0,150,0,0,0,0.152725
1402553,Dutchie,Illinois,Dutchie Naperville,5/21/2024,Membership 0002339 Quarter Membership,Current,199.62,315,0,0,0,0,0,0,0.20461050000000003
4017458,Nimble,New Jersey,Zen Leaf Neptune,5/21/2024,Membership 0002337 Dime Membership,Current,149,0,0,0,0,0,0,158.31,9.31
1022247,Dutchie,Illinois,Dutchie Aurora,5/21/2024,Membership 0002346 Quarter Membership,Current,249,0,0,0,330,0,0,0,0.25522500000000004
1034614,Dutchie,Illinois,Dutchie Rogers Park,5/21/2024,Membership 0003539 Quarter Membership,Current,249,574,0,0,0,0,0,0,0.25522500000000004
3028527,Dutchie,New Jersey,Dutchie Neptune Rec,5/22/2024,Membership 0002371 Dime Membership,Current,149,218,0,0,0,0,0,0,9.87125
2154431,Nimble,Illinois,Zen Leaf Lombard,5/22/2024,Membership 0002351 Quarter Membership,Current,249,0,0,0,0,0,0,274.52,25.52
2526067,Nimble,Illinois,Zen Leaf Naperville,5/22/2024,Membership 0002350 Quarter Membership,Current,249,0,0,0,0,0,0,274.52,25.52
2558990,Nimble,Illinois,Zen Leaf St. Charles,5/23/2024,Membership 0002352 Quarter Membership,Current,249,0,0,0,0,0,0,274.52,25.52
1604129,Dutchie,Illinois,Dutchie Evanston,5/24/2024,Membership 0003733 Quarter Membership,Current,249,260,0,0,0,0,0,0,0.25522500000000004
3586291,Dutchie,New Jersey,Dutchie Neptune Rec,5/24/2024,Membership 0002356 Dime Membership,Current,149,0,0,0,150,0,0,0,9.87125
800413,Dutchie,Illinois,Dutchie Naperville,5/24/2024,Membership 0002354 Quarter Membership,Current,249,0,0,0,250,0,0,0,0.25522500000000004
1340447,Nimble,Illinois,Zen Leaf St. Charles,5/24/2024,Membership 0002355 Quarter Membership,Current,249,0,0,0,0,0,0,274.52,25.52
2557477,Dutchie,Illinois,Dutchie Lombard,5/24/2024,Membership 0002358 Dime Membership,Current,149,160,0,0,0,0,0,0,0.152725
3551695,Nimble,New Jersey,Zen Leaf Elizabeth,5/25/2024,Membership 0002361 Dime Membership,Current,149,0,0,0,0,0,0,158.31,9.31
1261142,Dutchie,Illinois,Dutchie Highland Park,5/25/2024,Membership 0002360 Dime Membership,Current,149,96,0,0,60,0,0,0,0.152725
2919141,Dutchie,Illinois,Dutchie Lombard,5/25/2024,Membership 0002979 Quarter Membership,Current,249,0,0,0,250,0,0,0,0.25522500000000004
2516138,Nimble,Illinois,Zen Leaf Prospect Heights,5/26/2024,Membership 0002364 Quarter Membership,Current,249,0,0,0,0,0,0,274.52,25.52
2967824,Nimble,New Jersey,Zen Leaf Neptune,5/26/2024,Membership 0002365 Quarter Membership,Current,249,0,0,0,0,0,0,264.56,15.56
494332,Dutchie,Illinois,Dutchie Saint Charles,5/26/2024,Membership 0002363 Dime Membership,Current,149,150,0,0,0,0,0,0,0.152725
706236,Dutchie,Illinois,Dutchie Aurora,5/26/2024,Membership 0003305 Dime Membership,Current,149,0,0,0,170,0,0,0,0.152725
4504099,Dutchie,New Jersey,Dutchie Neptune Rec,5/26/2024,Membership 0002369 Quarter Membership,Current,249,0,0,0,250,0,0,0,16.49625
1394470,Nimble,Illinois,Zen Leaf Naperville,5/26/2024,Membership 0002366 Quarter Membership,Current,249,0,0,0,0,0,0,274.52,25.52
2239525,Dutchie,Illinois,Dutchie Prospect Heights,5/27/2024,Membership 0002486 Dime Membership,Current,149,149,0,0,0,0,0,0,0.152725
804220,Dutchie,Illinois,Dutchie Prospect Heights,5/27/2024,Membership 0002373 Dime Membership,Current,149,0,0,0,190,0,0,0,0.152725
1981396,Nimble,New Jersey,Zen Leaf Neptune,5/28/2024,Membership 0002367 Dime Membership,Current,149,0,0,0,0,0,0,158.31,9.31
2619951,Dutchie,New Jersey,Dutchie Neptune Rec,5/29/2024,Membership 0002381 Quarter Membership,Current,249,260,0,0,0,0,0,0,16.49625
970519,Nimble,Illinois,Zen Leaf Lombard,5/29/2024,Membership 0002376 Quarter Membership,Current,249,0,0,0,0,0,0,274.52,25.52
4534784,Dutchie,Illinois,Dutchie Prospect Heights,5/29/2024,Membership 0002377 Dime Membership,Current,149,0,0,0,150,0,0,0,0.152725
3594011,Dutchie,New Jersey,Dutchie Lawrence Rec,5/29/2024,Membership 0002375 Quarter Membership,Current,249,0,0,0,350,0,0,0,16.49625
3540017,Dutchie,New Jersey,Dutchie Neptune Rec,5/30/2024,Membership 0002406 Quarter Membership,Current,249,284,0,0,0,0,0,0,16.49625
2499104,Nimble,New Jersey,Zen Leaf Elizabeth,5/30/2024,Membership 0002379 Quarter Membership,Current,249,0,0,0,0,0,0,264.56,15.56
4898999,Dutchie,Illinois,Dutchie Lombard,5/30/2024,Membership 0003291 Dime Membership,Current,149,0,0,0,150,0,0,0,0.152725
5430997,Nimble,Illinois,Zen Leaf Pilsen,5/30/2024,Membership 0002378 Dime Membership,Current,149,0,0,0,0,0,0,164.27,15.27
3498852,Dutchie,Illinois,Dutchie Prospect Heights,5/31/2024,Membership 0003370 Dime Membership,Current,149,0,172.5,0,0,0,0,0,0.152725
1292939,Nimble,Illinois,Zen Leaf Lombard,5/31/2024,Membership 0002382 Dime Membership,Current,149,0,0,0,0,0,0,164.27,15.27
4597094,Nimble,Illinois,Zen Leaf Lombard,5/31/2024,Membership 0002388 Quarter Membership,Current,249,0,0,0,0,0,0,274.52,25.52
3365758,Nimble,Illinois,Zen Leaf St. Charles,5/31/2024,Membership 0002392 Dime Membership,Current,149,0,0,0,0,0,0,164.27,15.27
1829986,Dutchie,Illinois,Dutchie Greektown,5/31/2024,Membership 0002387 Quarter Membership,Current,249,0,0,0,430,0,0,0,0.25522500000000004
5435288,Dutchie,Illinois,Dutchie Naperville,5/31/2024,Membership 0002398 Dime Membership,Current,149,193,0,0,0,0,0,0,0.152725
3033421,Dutchie,Illinois,Dutchie Naperville,5/31/2024,Membership 0002399 Quarter Membership,Current,245.35,0,0,0,430,0,0,0,0.25148375
5437662,Dutchie,New Jersey,Dutchie Lawrence Rec,6/1/2024,Membership 0003168 Dime Membership,Current,149,0,0,0,230,0,0,0,9.87125
4360243,Dutchie,Illinois,Dutchie Lombard,6/1/2024,Membership 0004663 Quarter Membership,Current,249,0,0,0,250,0,0,0,0.25522500000000004
2990063,Dutchie,New Jersey,Dutchie Neptune Rec,6/1/2024,Membership 0003418 Dime Membership,Current,149,0,0,0,165,0,0,0,9.87125
3392336,Dutchie,New Jersey,Dutchie Neptune Rec,6/1/2024,Membership 0002402 Quarter Membership,Current,249,250,0,0,0,0,0,0,16.49625
4711383,Dutchie,New Jersey,Dutchie Lawrence Rec,6/1/2024,Membership 0003398 Dime Membership,Current,149,230,0,0,0,0,0,0,9.87125
1721025,Dutchie,Illinois,Dutchie Prospect Heights,6/1/2024,Membership 0003412 Dime Membership,Current,149,0,149,0,0,0,0,0,0.152725
1661885,Dutchie,Illinois,Dutchie Rogers Park,6/1/2024,Membership 0002400 Dime Membership,Current,149,0,0,0,180,0,0,0,0.152725
795941,Dutchie,Illinois,Dutchie Aurora,6/2/2024,Membership 0002407 Quarter Membership,Current,249,315,0,0,0,0,0,0,0.25522500000000004
1938151,Dutchie,Illinois,Dutchie Prospect Heights,6/2/2024,Membership 0002411 Quarter Membership,Current,249,300,0,0,0,0,0,0,0.25522500000000004
4018376,Dutchie,New Jersey,Dutchie Lawrence Rec,6/2/2024,Membership 0002408 Quarter Membership,Current,249,0,0,0,440,0,0,0,16.49625
4572333,Dutchie,Illinois,Dutchie Prospect Heights,6/3/2024,Membership 0002414 Dime Membership,Current,149,150,0,0,0,0,0,0,0.152725
2474305,Nimble,New Jersey,Zen Leaf Neptune,6/3/2024,Membership 0002409 Quarter Membership,Current,249,0,0,0,0,0,0,264.56,15.56
799435,Nimble,Illinois,Zen Leaf St. Charles,6/3/2024,Membership 0002410 Dime Membership,Current,149,0,0,0,0,0,0,164.27,15.27
3023281,Nimble,New Jersey,Zen Leaf Neptune,6/4/2024,Membership 0002412 Dime Membership,Current,149,0,0,0,0,0,0,158.31,9.31
3793090,Dutchie,New Jersey,Dutchie Neptune Rec,6/4/2024,Membership 0002413 Quarter Membership,Current,249,0,0,0,250,0,0,0,16.49625
1740791,Dutchie,Illinois,Dutchie Prospect Heights,6/5/2024,Membership 0003173 Quarter Membership,Current,249,273,0,0,0,0,0,0,0.25522500000000004
3407378,Dutchie,Illinois,Dutchie Naperville,6/5/2024,Membership 0002417 Dime Membership,Current,149,0,0,0,200,0,0,0,0.152725
5450966,Dutchie,New Jersey,Dutchie Neptune Rec,6/5/2024,Membership 0004286 Quarter Membership,Current,249,600,0,0,0,0,0,0,16.49625
4836305,Dutchie,Illinois,Dutchie Lombard,6/5/2024,Membership 0002418 Dime Membership,Current,149,200,0,0,0,0,0,0,0.152725
2991400,Dutchie,New Jersey,Dutchie Lawrence Rec,6/5/2024,Membership 0002416 Quarter Membership,Current,249,400,0,0,0,0,0,0,16.49625
4999227,Dutchie,Illinois,Dutchie Prospect Heights,6/5/2024,Membership 0002419 Dime Membership,Current,149,200,0,0,0,0,0,0,0.152725
1962462,Dutchie,New Jersey,Dutchie Neptune Rec,6/6/2024,Membership 0002421 Quarter Membership,Current,249,0,0,0,285,0,0,0,16.49625
809564,Dutchie,Illinois,Dutchie Prospect Heights,6/6/2024,Membership 0004232 Dime Membership,Current,149,163,0,0,0,0,0,0,0.152725
4119154,Dutchie,Illinois,Dutchie Prospect Heights,6/7/2024,Membership 0003269 Quarter Membership,Current,249,0,0,0,280,0,0,0,0.25522500000000004
5201081,Dutchie,Illinois,Dutchie Lombard,6/7/2024,Membership 0002451 Dime Membership,Current,149,170,0,0,0,0,0,0,0.152725
5282071,Dutchie,New Jersey,Dutchie Lawrence Rec,6/7/2024,Membership 0003364 Quarter Membership,Current,208.62,0,332.5,0,0,0,0,0,13.821075
2338848,Nimble,Illinois,Zen Leaf St. Charles,6/7/2024,Membership 0002422 Dime Membership,Current,149,0,0,0,0,0,0,164.27,15.27
5340333,Dutchie,Illinois,Dutchie Highland Park,6/7/2024,Membership 0002424 Dime Membership,Current,149,170,0,0,0,0,0,0,0.152725
2614931,Dutchie,Illinois,Dutchie Greektown,6/8/2024,Membership 0002428 Quarter Membership,Current,249,0,0,0,330,0,0,0,0.25522500000000004
5459413,Dutchie,Illinois,Dutchie Greektown,6/8/2024,Membership 0002426 Quarter Membership,Current,249,275,0,0,0,0,0,0,0.25522500000000004
5462229,Nimble,New Jersey,Zen Leaf Lawrence,6/9/2024,Membership 0002429 Dime Membership,Current,149,0,0,0,0,0,0,158.31,9.31
3491592,Nimble,Illinois,Zen Leaf Naperville,6/9/2024,Membership 0002430 Quarter Membership,Current,249,0,0,0,0,0,0,274.52,25.52
4238398,Nimble,New Jersey,Zen Leaf Lawrence,6/9/2024,Membership 0002433 Quarter Membership,Current,249,0,0,0,0,0,0,264.56,15.56
996366,Nimble,Illinois,Zen Leaf Naperville,6/9/2024,Membership 0002436 Dime Membership,Current,149,0,0,0,0,0,0,164.27,15.27
3485531,Dutchie,New Jersey,Dutchie Lawrence Rec,6/9/2024,Membership 0002432 Quarter Membership,Current,246.19,0,0,0,475,0,0,0,16.3100875
2217388,Nimble,Illinois,Zen Leaf St. Charles,6/9/2024,Membership 0002434 Dime Membership,Current,149,0,0,0,0,0,0,164.27,15.27
5464047,Nimble,Illinois,Zen Leaf Naperville,6/9/2024,Membership 0002435 Quarter Membership,Current,249,0,0,0,0,0,0,264.56,15.56
765907,Dutchie,Illinois,Dutchie Aurora,6/10/2024,Membership 0004761 Dime Membership,Current,149,0,0,0,280,0,0,0,0.152725
3879631,Dutchie,New Jersey,Dutchie Neptune Rec,6/10/2024,Membership 0002453 Quarter Membership,Current,249,0,0,0,285,0,0,0,16.49625
5244929,Nimble,Illinois,Zen Leaf Naperville,6/10/2024,Membership 0002437 Quarter Membership,Current,249,0,0,0,0,0,0,274.52,25.52
1735270,Nimble,Illinois,Zen Leaf Naperville,6/10/2024,Membership 0002438 Quarter Membership,Current,249,0,0,0,0,0,0,274.52,25.52
5467412,Nimble,Illinois,Zen Leaf West Loop,6/10/2024,Membership 0002439 Quarter Membership,Current,249,0,0,0,0,0,0,274.52,25.52
3856245,Dutchie,New Jersey,Dutchie Neptune Rec,6/11/2024,Membership 0002441 Quarter Membership,Current,249,300,0,0,0,0,0,0,16.49625
4053305,Nimble,Illinois,Zen Leaf St. Charles,6/11/2024,Membership 0002440 Dime Membership,Current,149,0,0,0,0,0,0,164.27,15.27
1718798,Dutchie,Illinois,Dutchie Lombard,6/12/2024,Membership 0002450 Quarter Membership,Current,249,0,0,0,270,0,0,0,0.25522500000000004
3129272,Nimble,New Jersey,Zen Leaf Lawrence,6/12/2024,Membership 0002443 Dime Membership,Current,149,0,0,0,0,0,0,158.31,9.31
3910802,Dutchie,New Jersey,Dutchie Neptune Rec,6/12/2024,Membership 0002465 Dime Membership,Current,149,160,0,0,0,0,0,0,9.87125
3223494,Nimble,Illinois,Zen Leaf St. Charles,6/12/2024,Membership 0002444 Quarter Membership,Current,249,0,0,0,0,0,0,274.52,25.52
1816335,Dutchie,New Jersey,Dutchie Neptune Rec,6/12/2024,Membership 0002452 Dime Membership,Current,149,0,0,0,170,0,0,0,9.87125
1248463,Dutchie,Illinois,Dutchie Evanston,6/13/2024,Membership 0002448 Dime Membership,Current,149,220,0,0,0,0,0,0,0.152725
4322233,Dutchie,New Jersey,Dutchie Neptune Rec,6/13/2024,Membership 0002446 Quarter Membership,Current,249,0,0,0,285,0,0,0,16.49625
4415333,Dutchie,Illinois,Dutchie Highland Park,6/13/2024,Membership 0002466 Quarter Membership,Current,249,0,0,0,270,0,0,0,0.25522500000000004
3475644,Nimble,Illinois,Zen Leaf St. Charles,6/14/2024,Membership 0002449 Dime Membership,Current,149,0,0,0,0,0,0,164.27,15.27
3046439,Dutchie,New Jersey,Dutchie Lawrence Rec,6/14/2024,Membership 0004257 Dime Membership,Current,149,0,0,0,160,0,0,0,9.87125
1233322,Dutchie,Illinois,Dutchie Rogers Park,6/14/2024,Membership 0003728 Quarter Membership,Current,249,0,0,0,480,0,0,0,0.25522500000000004
2552740,Dutchie,New Jersey,Dutchie Lawrence Rec,6/15/2024,Membership 0004624 Dime Membership,Current,149,0,0,0,220,0,0,0,9.87125
5353108,Dutchie,Illinois,Dutchie Evanston,6/15/2024,Membership 0002862 Dime Membership,Current,149,0,0,0,170,0,0,0,0.152725
819528,Nimble,Illinois,Zen Leaf Highland Park,6/16/2024,Membership 0002454 Quarter Membership,Current,249,0,0,0,0,0,0,274.52,25.52
1079752,Nimble,Illinois,Zen Leaf St. Charles,6/17/2024,Membership 0002460 Dime Membership,Current,149,0,0,0,0,0,0,164.27,15.27
586877,Nimble,Illinois,Zen Leaf St. Charles,6/17/2024,Membership 0002459 Quarter Membership,Current,249,0,0,0,0,0,0,274.52,25.52
945529,Dutchie,Illinois,Dutchie Prospect Heights,6/17/2024,Membership 0003161 Quarter Membership,Current,249,280,0,0,0,0,0,0,0.25522500000000004
4606458,Dutchie,Illinois,Dutchie Saint Charles,6/17/2024,Membership 0003084 Quarter Membership,Current,249,0,270,0,0,0,0,0,0.25522500000000004
5444035,Nimble,Illinois,Zen Leaf St. Charles,6/18/2024,Membership 0002461 Quarter Membership,Current,249,0,0,0,0,0,0,274.52,25.52
1045640,Dutchie,Illinois,Dutchie Naperville,6/19/2024,Membership 0002463 Quarter Membership,Current,249,0,0,0,290,0,0,0,0.25522500000000004
3720601,Nimble,Illinois,Zen Leaf Evanston,6/19/2024,Membership 0002462 Dime Membership,Current,149,0,0,0,0,0,0,164.27,15.27
3220475,Nimble,New Jersey,Zen Leaf Elizabeth,6/19/2024,Membership 0002464 Quarter Membership,Current,249,0,0,0,0,0,0,264.56,15.56
2605054,Dutchie,New Jersey,Dutchie Lawrence Rec,6/20/2024,Membership 0002976 Quarter Membership,Current,249,0,0,0,495,0,0,0,16.49625
2187049,Nimble,Illinois,Zen Leaf Aurora,6/20/2024,Membership 0002468 Quarter Membership,Current,249,0,0,0,0,0,0,274.52,25.52
1849771,Dutchie,New Jersey,Dutchie Neptune Rec,6/20/2024,Membership 0003280 Dime Membership,Current,149,0,0,0,170,0,0,0,9.87125
2980435,Dutchie,New Jersey,Dutchie Lawrence Rec,6/21/2024,Membership 0003385 Dime Membership,Current,149,0,0,0,160,0,0,0,9.87125
1345272,Dutchie,Illinois,Dutchie Naperville,6/21/2024,Membership 0002527 Quarter Membership,Current,249,300,0,0,0,0,0,0,0.25522500000000004
3617964,Dutchie,Illinois,Dutchie Lombard,6/21/2024,Membership 0002826 Dime Membership,Current,149,0,0,0,170,0,0,0,0.152725
4219558,Dutchie,Illinois,Dutchie Lombard,6/21/2024,Membership 0002827 Dime Membership,Current,149,0,0,0,170,0,0,0,0.152725
1234894,Nimble,Illinois,Zen Leaf Evanston,6/21/2024,Membership 0002470 Quarter Membership,Current,249,0,0,0,0,0,0,274.52,25.52
703576,Nimble,Illinois,Zen Leaf St. Charles,6/21/2024,Membership 0002469 Quarter Membership,Current,249,0,0,0,0,0,0,274.52,25.52
3106114,Dutchie,Illinois,Dutchie Lombard,6/22/2024,Membership 0002828 Quarter Membership,Current,249,0,0,0,270,0,0,0,0.25522500000000004
5506467,Dutchie,New Jersey,Dutchie Neptune Rec,6/23/2024,Membership 0002843 Dime Membership,Current,149,0,0,0,170,0,0,0,9.87125
4785573,Nimble,Connecticut,Zen Leaf Newington,6/24/2024,Membership 0002475 Quarter Membership,Current,199,0,0,0,0,0,0,211.44,12.44
4793220,Nimble,Connecticut,Zen Leaf Meriden,6/24/2024,Membership 0002477 Quarter Membership,Current,199,0,0,0,0,0,0,211.44,12.44
915168,Nimble,Illinois,Zen Leaf Aurora,6/24/2024,Membership 0002848 Dime Membership,Expired,36.93,0,0,0,0,0,0,36.93,13.74
4861771,Nimble,Connecticut,Zen Leaf Meriden,6/24/2024,Membership 0002480 Quarter Membership,Current,199,0,0,0,0,0,0,211.44,12.44
1867616,Nimble,Connecticut,Zen Leaf Meriden,6/24/2024,Membership 0002479 Dime Membership,Current,134,0,0,0,0,0,0,142.38,8.38
1864683,Nimble,Connecticut,Zen Leaf Meriden,6/24/2024,Membership 0002471 Quarter Membership,Current,199,0,0,0,0,0,0,211.44,12.44
4462740,Nimble,Connecticut,Zen Leaf Newington,6/24/2024,Membership 0002476 Quarter Membership,Current,199,0,0,0,0,0,0,211.44,12.44
3648274,Nimble,New Jersey,Zen Leaf Neptune,6/24/2024,Membership 0002478 Quarter Membership,Current,249,0,0,0,0,0,0,264.56,15.56
517152,Nimble,Maryland,Zen Leaf Elkridge,6/24/2024,Membership 0002474 Quarter Membership,Current,199,0,0,0,0,0,0,211.44,12.44
3584217,Nimble,Connecticut,Zen Leaf Naugatuck,6/24/2024,Membership 0002473 Quarter Membership,Current,199,0,0,0,0,0,0,211.44,12.44
5508538,Nimble,Connecticut,Zen Leaf Meriden,6/24/2024,Membership 0002472 Dime Membership,Current,134,0,0,0,0,0,0,142.38,8.38
5511420,Nimble,Maryland,Zen Leaf Pasadena,6/25/2024,Membership 0002481 Quarter Membership,Current,199,0,0,0,0,0,0,211.44,12.44
4807994,Nimble,Connecticut,Zen Leaf Norwich,6/25/2024,Membership 0002483 Quarter Membership,Current,199,0,0,0,0,0,0,211.44,12.44
2848135,Nimble,Maryland,Zen Leaf Pasadena,6/25/2024,Membership 0002482 Quarter Membership,Current,199,0,0,0,0,0,0,211.44,12.44
4822655,Nimble,Illinois,Zen Leaf St. Charles,6/26/2024,Membership 0002490 Dime Membership,Current,149,0,0,0,0,0,0,164.27,15.27
1866914,Nimble,Connecticut,Zen Leaf Norwich,6/26/2024,Membership 0002487 Quarter Membership,Current,199,0,0,0,0,0,0,211.44,12.44
4890733,Dutchie,New Jersey,Dutchie Neptune Rec,6/26/2024,Membership 0004287 Dime Membership,Current,119,140,0,0,0,0,0,0,7.88375
2301503,Dutchie,Illinois,Dutchie Aurora,6/26/2024,Membership 0002821 Quarter Membership,Current,249,100,0,0,410,0,0,0,0.25522500000000004
1610958,Nimble,Illinois,Zen Leaf Pilsen,6/26/2024,Membership 0002488 Dime Membership,Current,149,0,0,0,0,0,0,164.27,15.27
888809,Dutchie,Illinois,Dutchie Highland Park,6/26/2024,Membership 0002485 Dime Membership,Current,149,200,0,0,0,0,0,0,0.152725
490159,Nimble,Maryland,Zen Leaf Elkridge,6/26/2024,Membership 0002489 Quarter Membership,Current,199,0,0,0,0,0,0,211.44,12.44
527350,Dutchie,Maryland,Dutchie Pasadena,6/27/2024,Membership 0002500 Quarter Membership,Current,199,210.75,0,0,0,0,0,0,11.94
4580160,Dutchie,Maryland,Dutchie Towson,6/27/2024,Membership 0003164 Quarter Membership,Current,199,162,0,0,50,0,0,0,11.94
1103730,Dutchie,Illinois,Dutchie Highland Park,6/27/2024,Membership 0003384 Dime Membership,Current,149,161,0,0,0,0,0,0,0.152725
821321,Dutchie,Illinois,Dutchie Highland Park,6/27/2024,Membership 0002494 Quarter Membership,Current,249,300,0,0,0,0,0,0,0.25522500000000004
4267141,Dutchie,Maryland,Dutchie Towson,6/27/2024,Membership 0002498 Quarter Membership,Current,199,220,0,0,0,0,0,0,11.94
761748,Dutchie,Maryland,Dutchie Towson,6/27/2024,Membership 0002492 Quarter Membership,Current,199,0,210.75,0,0,0,0,0,11.94
3247395,Nimble,New Jersey,Zen Leaf Neptune,6/27/2024,Membership 0002496 Dime Membership,Current,149,0,0,0,0,0,0,158.31,9.31
510803,Nimble,Maryland,Zen Leaf Elkridge,6/27/2024,Membership 0002497 Quarter Membership,Current,199,0,0,0,0,0,0,211.44,12.44
5058273,Nimble,Connecticut,Zen Leaf Meriden,6/27/2024,Membership 0002491 Dime Membership,Current,134,0,0,0,0,0,0,142.38,8.38
5517692,Nimble,Maryland,Zen Leaf Pasadena,6/27/2024,Membership 0002499 Quarter Membership,Current,199,0,0,0,0,0,0,211.44,12.44
4295485,Nimble,New Jersey,Zen Leaf Neptune,6/27/2024,Membership 0002501 Quarter Membership,Current,249,0,0,0,0,0,0,264.56,15.56
1427345,Nimble,Illinois,Zen Leaf Pilsen,6/28/2024,Membership 0002515 Quarter Membership,Current,249,0,0,0,0,0,0,274.52,25.52
5520183,Nimble,Maryland,Zen Leaf Pasadena,6/28/2024,Membership 0002509 Quarter Membership,Current,199,0,0,0,0,0,0,211.44,12.44
2316299,Dutchie,Illinois,Dutchie Aurora,6/28/2024,Membership 0002621 Quarter Membership,Current,249,300.5,0,0,0,0,0,0,0.25522500000000004
900886,Dutchie,Illinois,Dutchie Prospect Heights,6/28/2024,Membership 0003165 Dime Membership,Current,149,165,0,0,0,0,0,0,0.152725
3110434,Nimble,Maryland,Zen Leaf Elkridge,6/28/2024,Membership 0002508 Dime Membership,Current,134,0,0,0,0,0,0,142.38,8.38
491601,Nimble,Maryland,Zen Leaf Pasadena,6/28/2024,Membership 0002513 Quarter Membership,Current,199,0,0,0,0,0,0,211.44,12.44
3864192,Nimble,Illinois,Zen Leaf Naperville,6/28/2024,Membership 0002512 Quarter Membership,Current,249,0,0,0,0,0,0,274.52,25.52
4771179,Dutchie,Illinois,Dutchie Highland Park,6/28/2024,Membership 0002514 Dime Membership,Current,149,0,0,0,170,0,0,0,0.152725
5106023,Nimble,Connecticut,Zen Leaf Norwich,6/28/2024,Membership 0002502 Quarter Membership,Current,199,0,0,0,0,0,0,211.44,12.44
496120,Nimble,Maryland,Zen Leaf Germantown,6/28/2024,Membership 0002507 Quarter Membership,Current,199,0,0,0,0,0,0,211.44,12.44
725404,Dutchie,Maryland,Dutchie Towson,6/28/2024,Membership 0002510 Quarter Membership,Current,199,211,0,0,0,0,0,0,11.94
3023052,Dutchie,New Jersey,Dutchie Neptune Rec,6/28/2024,Membership 0002525 Dime Membership,Current,145.5,0,0,0,195,0,0,0,9.639375000000001
3794248,Nimble,Connecticut,Zen Leaf Meriden,6/29/2024,Membership 0002519 Quarter Membership,Current,199,0,0,0,0,0,0,211.44,12.44
5525028,Nimble,New Jersey,Zen Leaf Lawrence,6/29/2024,Membership 0002520 Dime Membership,Current,149,0,0,0,0,0,0,158.31,9.31
2037534,Nimble,Illinois,Zen Leaf Prospect Heights,6/29/2024,Membership 0002518 Dime Membership,Current,149,0,0,0,0,0,0,164.27,15.27
1910061,Nimble,New Jersey,Zen Leaf Elizabeth,6/29/2024,Membership 0002516 Quarter Membership,Current,249,0,0,0,0,0,0,264.56,15.56
1933690,Nimble,Connecticut,Zen Leaf Meriden,6/29/2024,Membership 0002517 Quarter Membership,Current,199,0,0,0,0,0,0,211.44,12.44
1816960,Dutchie,New Jersey,Dutchie Neptune Rec,6/29/2024,Membership 0003703 Dime Membership,Current,149,170,0,0,0,0,0,0,9.87125
3419192,Dutchie,New Jersey,Dutchie Neptune Rec,6/29/2024,Membership 0002522 Dime Membership,Current,149,0,0,0,170,0,0,0,9.87125
5525713,Nimble,Illinois,Zen Leaf Prospect Heights,6/29/2024,Membership 0002523 Dime Membership,Current,149,0,0,0,0,0,0,164.27,15.27
5526987,Nimble,Connecticut,Zen Leaf Naugatuck,6/29/2024,Membership 0002529 Quarter Membership,Current,199,0,0,0,0,0,0,211.44,12.44
4122975,Dutchie,Illinois,Dutchie Lombard,6/29/2024,Membership 0002533 Quarter Membership,Current,249,280,0,0,0,0,0,0,0.25522500000000004
5526987,Dutchie,Connecticut,Dutchie Naugatuck,6/29/2024,Membership 0002529 Quarter Membership,Current,199,212,0,0,0,0,0,0,12.6365
5222467,Nimble,Illinois,Zen Leaf Rogers Park,6/29/2024,Membership 0002528 Quarter Membership,Current,249,0,0,0,0,0,0,274.52,25.52
4265777,Dutchie,Maryland,Dutchie Pasadena,6/29/2024,Membership 0002530 Quarter Membership,Current,153.18,251,0,0,0,0,0,0,9.1908
5527987,Nimble,Connecticut,Zen Leaf Meriden,6/30/2024,Membership 0002535 Quarter Membership,Current,199,0,0,0,0,0,0,211.44,12.44
5527994,Nimble,Maryland,Zen Leaf Elkridge,6/30/2024,Membership 0002536 Quarter Membership,Current,199,0,0,0,0,0,0,211.44,12.44
4773610,Dutchie,Maryland,Dutchie Towson,6/30/2024,Membership 0002537 Quarter Membership,Current,199,210.75,0,0,0,0,0,0,11.94
1345469,Nimble,Illinois,Zen Leaf Lombard,6/30/2024,Membership 0002538 Quarter Membership,Current,249,0,0,0,0,0,0,274.52,25.52
4222982,Dutchie,Maryland,Dutchie Towson,6/30/2024,Membership 0003087 Quarter Membership,Current,199,0,0,0,215,0,0,0,11.94
4292689,Dutchie,Maryland,Dutchie Towson,6/30/2024,Membership 0003129 Quarter Membership,Current,199,211,0,0,0,0,0,0,11.94
2141104,Nimble,Connecticut,Zen Leaf Waterbury,6/30/2024,Membership 0002539 Dime Membership,Current,134,0,0,0,0,0,0,142.38,8.38
2133957,Nimble,Connecticut,Zen Leaf Waterbury,7/1/2024,Membership 0002626 Dime Membership,Current,134,0,0,0,0,0,0,142.38,8.38
5530077,Nimble,Maryland,Zen Leaf Pasadena,7/1/2024,Membership 0002545 Quarter Membership,Current,199,0,0,0,0,0,0,211.44,12.44
2137549,Nimble,Connecticut,Zen Leaf Waterbury,7/1/2024,Membership 0002544 Quarter Membership,Current,199,0,0,0,0,0,0,211.44,12.44
4292019,Nimble,Connecticut,Zen Leaf Norwich,7/1/2024,Membership 0002543 Quarter Membership,Current,199,0,0,0,0,0,0,211.44,12.44
5322415,Nimble,Maryland,Zen Leaf Germantown,7/1/2024,Membership 0002557 Quarter Membership,Current,199,0,0,0,0,0,0,211.44,12.44
3769448,Nimble,Connecticut,Zen Leaf Meriden,7/1/2024,Membership 0002558 Quarter Membership,Current,199,0,0,0,0,0,0,211.44,12.44
5530368,Nimble,Connecticut,Zen Leaf Newington,7/1/2024,Membership 0002561 Quarter Membership,Current,199,0,0,0,0,0,0,211.44,12.44
3905335,Nimble,Connecticut,Zen Leaf Waterbury,7/1/2024,Membership 0002639 Quarter Membership,Current,199,0,0,0,0,0,0,211.44,12.44
4274226,Nimble,Maryland,Zen Leaf Germantown,7/1/2024,Membership 0002640 Quarter Membership,Current,199,0,0,0,0,0,0,211.44,12.44
5532733,Nimble,Maryland,Zen Leaf Elkridge,7/1/2024,Membership 0002647 Quarter Membership,Current,199,0,0,0,0,0,0,211.44,12.44
5386305,Nimble,Connecticut,Zen Leaf Naugatuck,7/1/2024,Membership 0002648 Quarter Membership,Current,199,0,0,0,0,0,0,211.44,12.44
4468119,Nimble,Connecticut,Zen Leaf Waterbury,7/1/2024,Membership 0002638 Quarter Membership,Current,199,0,0,0,0,0,0,211.44,12.44
4550953,Nimble,Maryland,Zen Leaf Towson,7/1/2024,Membership 0002556 Quarter Membership,Current,199,0,0,0,0,0,0,211.44,12.44
3591403,Nimble,Connecticut,Zen Leaf Naugatuck,7/1/2024,Membership 0002547 Quarter Membership,Current,199,0,0,0,0,0,0,211.44,12.44
4288010,Nimble,Connecticut,Zen Leaf Norwich,7/1/2024,Membership 0002551 Quarter Membership,Current,199,0,0,0,0,0,0,211.44,12.44
2849690,Nimble,Maryland,Zen Leaf Pasadena,7/1/2024,Membership 0002552 Quarter Membership,Current,199,0,0,0,0,0,0,211.44,12.44
4246087,Nimble,Maryland,Zen Leaf Germantown,7/1/2024,Membership 0002554 Quarter Membership,Current,199,0,0,0,0,0,0,211.44,12.44
3378452,Nimble,Connecticut,Zen Leaf Naugatuck,7/1/2024,Membership 0002627 Dime Membership,Current,134,0,0,0,0,0,0,142.38,8.38
2141035,Nimble,Connecticut,Zen Leaf Waterbury,7/1/2024,Membership 0002629 Dime Membership,Current,134,0,0,0,0,0,0,142.38,8.38
2137920,Nimble,Connecticut,Zen Leaf Waterbury,7/1/2024,Membership 0002555 Dime Membership,Current,134,0,0,0,0,0,0,142.38,8.38
2134621,Nimble,Connecticut,Zen Leaf Waterbury,7/1/2024,Membership 0002630 Quarter Membership,Current,199,0,0,0,0,0,0,211.44,12.44
2140833,Nimble,Connecticut,Zen Leaf Waterbury,7/1/2024,Membership 0002631 Quarter Membership,Current,199,0,0,0,0,0,0,211.44,12.44
2136972,Nimble,Connecticut,Zen Leaf Naugatuck,7/1/2024,Membership 0002636 Dime Membership,Current,134,0,0,0,0,0,0,142.38,8.38
2953670,Nimble,Maryland,Zen Leaf Pasadena,7/1/2024,Membership 0002550 Quarter Membership,Current,199,0,0,0,0,0,0,211.44,12.44
4417817,Nimble,Connecticut,Zen Leaf Norwich,7/1/2024,Membership 0002635 Dime Membership,Current,134,0,0,0,0,0,0,142.38,8.38
2958161,Nimble,Maryland,Zen Leaf Elkridge,7/1/2024,Membership 0002593 Quarter Membership,Current,199,0,0,0,0,0,0,211.44,12.44
3798945,Nimble,Maryland,Zen Leaf Pasadena,7/1/2024,Membership 0002549 Quarter Membership,Current,199,0,0,0,0,0,0,211.44,12.44
3708426,Nimble,Connecticut,Zen Leaf Meriden,7/1/2024,Membership 0002597 Dime Membership,Current,134,0,0,0,0,0,0,142.38,8.38
2136217,Nimble,Connecticut,Zen Leaf Waterbury,7/1/2024,Membership 0002633 Quarter Membership,Current,199,0,0,0,0,0,0,211.44,12.44
4523400,Nimble,Maryland,Zen Leaf Elkridge,7/1/2024,Membership 0002634 Quarter Membership,Current,199,0,0,0,0,0,0,211.44,12.44
4436627,Nimble,Connecticut,Zen Leaf Meriden,7/1/2024,Membership 0002548 Quarter Membership,Current,199,0,0,0,0,0,0,211.44,12.44
5086911,Nimble,Connecticut,Zen Leaf Meriden,7/1/2024,Membership 0002637 Quarter Membership,Current,199,0,0,0,0,0,0,211.44,12.44
1864627,Nimble,Connecticut,Zen Leaf Meriden,7/1/2024,Membership 0002617 Quarter Membership,Current,199,0,0,0,0,0,0,211.44,12.44
5519787,Nimble,Maryland,Zen Leaf Towson,7/1/2024,Membership 0002661 Quarter Membership,Current,199,0,0,0,0,0,0,211.44,12.44
1866756,Nimble,Connecticut,Zen Leaf Meriden,7/1/2024,Membership 0002603 Quarter Membership,Current,199,0,0,0,0,0,0,211.44,12.44
3689656,Nimble,Connecticut,Zen Leaf Meriden,7/1/2024,Membership 0002653 Quarter Membership,Current,199,0,0,0,0,0,0,211.44,12.44
5348122,Nimble,Connecticut,Zen Leaf Naugatuck,7/1/2024,Membership 0002546 Quarter Membership,Current,199,0,0,0,0,0,0,211.44,12.44
2989328,Nimble,Connecticut,Zen Leaf Waterbury,7/1/2024,Membership 0002562 Quarter Membership,Current,199,0,0,0,0,0,0,211.44,12.44
5342219,Nimble,Connecticut,Zen Leaf Naugatuck,7/1/2024,Membership 0002619 Quarter Membership,Current,199,0,0,0,0,0,0,211.44,12.44
3874145,Nimble,Connecticut,Zen Leaf Waterbury,7/1/2024,Membership 0002585 Quarter Membership,Current,199,0,0,0,0,0,0,211.44,12.44
2850353,Nimble,Maryland,Zen Leaf Pasadena,7/1/2024,Membership 0002604 Quarter Membership,Current,199,0,0,0,0,0,0,211.44,12.44
4056947,Dutchie,Connecticut,Dutchie Norwich,7/1/2024,Membership 0002682 Quarter Membership,Current,199.2,212,0,0,0,0,0,0,12.649199999999999
2140741,Dutchie,Connecticut,Dutchie Waterbury,7/1/2024,Membership 0002773 Dime Membership,Current,119.2,200,0,0,0,0,0,0,7.5692
4558783,Nimble,Connecticut,Zen Leaf Norwich,7/1/2024,Membership 0002541 Quarter Membership,Current,199,0,0,0,0,0,0,211.44,12.44
2134189,Dutchie,Connecticut,Dutchie Waterbury,7/1/2024,Membership 0002774 Dime Membership,Current,118.9,310,0,0,0,0,0,0,7.55015
4341194,Dutchie,Connecticut,Dutchie Willow Brook,7/1/2024,Membership 0002643 Quarter Membership,Current,199,220,0,0,0,0,0,0,12.6365
1865721,Dutchie,Connecticut,Dutchie Willow Brook,7/1/2024,Membership 0002646 Dime Membership,Current,149,160,0,0,0,0,0,0,9.461500000000001
3675315,Dutchie,Connecticut,Dutchie Willow Brook,7/1/2024,Membership 0002644 Dime Membership,Current,111.49000000000001,0,223.5,0,0,0,0,0,7.079615
5530791,Nimble,Illinois,Zen Leaf Pilsen,7/1/2024,Membership 0002589 Quarter Membership,Current,249,0,0,0,0,0,0,274.52,25.52
5138943,Dutchie,Maryland,Dutchie Pasadena,7/1/2024,Membership 0003232 Quarter Membership,Current,199,0,0,0,250,0,0,0,11.94
4289434,Nimble,Connecticut,Zen Leaf Naugatuck,7/1/2024,Membership 0002581 Quarter Membership,Current,199,0,0,0,0,0,0,211.44,12.44
1394209,Dutchie,Illinois,Dutchie Rogers Park,7/1/2024,Membership 0003275 Dime Membership,Current,149,0,0,0,330,0,0,0,0.152725
5145002,Dutchie,Connecticut,Dutchie Waterbury,7/1/2024,Membership 0002642 Quarter Membership,Current,156.09,280,0,0,0,0,0,0,9.911715000000001
4304077,Nimble,Connecticut,Zen Leaf Norwich,7/1/2024,Membership 0002649 Quarter Membership,Current,199,0,0,0,0,0,0,211.44,12.44
5277331,Nimble,Connecticut,Zen Leaf Waterbury,7/1/2024,Membership 0002628 Quarter Membership,Current,199,0,0,0,0,0,0,211.44,12.44
5531159,Nimble,New Jersey,Zen Leaf Elizabeth,7/1/2024,Membership 0002606 Dime Membership,Current,134,0,0,0,0,0,0,142.38,8.38
4652288,Dutchie,Maryland,Dutchie Towson,7/1/2024,Membership 0002584 Dime Membership,Current,134,200,0,0,0,0,0,0,8.04
620933,Nimble,Michigan,Zen Leaf Buchanan,7/1/2024,Membership 0002652 Quarter Membership,Current,199,0,0,0,0,0,0,211.44,12.44
5096101,Nimble,Maryland,Zen Leaf Towson,7/1/2024,Membership 0002559 Quarter Membership,Current,199,0,0,0,0,0,0,211.44,12.44
5531805,Nimble,Maryland,Zen Leaf Germantown,7/1/2024,Membership 0002625 Quarter Membership,Current,199,0,0,0,0,0,0,211.44,12.44
2140426,Nimble,Connecticut,Zen Leaf Waterbury,7/1/2024,Membership 0002651 Dime Membership,Current,134,0,0,0,0,0,0,142.38,8.38
5533085,Nimble,Maryland,Zen Leaf Pasadena,7/1/2024,Membership 0002654 Quarter Membership,Current,199,0,0,0,0,0,0,211.44,12.44
4245957,Nimble,Maryland,Zen Leaf Germantown,7/1/2024,Membership 0002655 Quarter Membership,Current,199,0,0,0,0,0,0,211.44,12.44
3308026,Nimble,Connecticut,Zen Leaf Newington,7/1/2024,Membership 0002542 Quarter Membership,Current,199,0,0,0,0,0,0,211.44,12.44
5533156,Nimble,Connecticut,Zen Leaf Waterbury,7/1/2024,Membership 0002656 Quarter Membership,Current,199,0,0,0,0,0,0,211.44,12.44
5531006,Dutchie,New Jersey,Dutchie Lawrence Rec,7/1/2024,Membership 0002609 Quarter Membership,Current,249,0,0,0,460,0,0,0,16.49625
5533393,Nimble,Maryland,Zen Leaf Pasadena,7/1/2024,Membership 0002658 Dime Membership,Current,134,0,0,0,0,0,0,142.38,8.38
4313655,Nimble,Connecticut,Zen Leaf Norwich,7/1/2024,Membership 0002659 Quarter Membership,Current,199,0,0,0,0,0,0,211.44,12.44
4428789,Nimble,Michigan,Zen Leaf Buchanan,7/1/2024,Membership 0002660 Quarter Membership,Current,199,0,0,0,0,0,0,211.44,12.44
5531354,Nimble,Connecticut,Zen Leaf Meriden,7/1/2024,Membership 0002611 Quarter Membership,Current,199,0,0,0,0,0,0,211.44,12.44
5530243,Nimble,Connecticut,Zen Leaf Waterbury,7/1/2024,Membership 0002553 Quarter Membership,Current,199,0,0,0,0,0,0,211.44,12.44
4727932,Nimble,Maryland,Zen Leaf Towson,7/1/2024,Membership 0002632 Quarter Membership,Current,199,0,0,0,0,0,0,211.44,12.44
1864923,Nimble,Connecticut,Zen Leaf Meriden,7/1/2024,Membership 0002657 Dime Membership,Current,134,0,0,0,0,0,0,142.38,8.38
3621565,Nimble,Connecticut,Zen Leaf Naugatuck,7/1/2024,Membership 0002560 Quarter Membership,Current,199,0,0,0,0,0,0,211.44,12.44
2133646,Nimble,Connecticut,Zen Leaf Waterbury,7/1/2024,Membership 0002574 Quarter Membership,Current,199,0,0,0,0,0,0,211.44,12.44
4364001,Dutchie,Maryland,Dutchie Towson,7/1/2024,Membership 0003329 Quarter Membership,Current,194.22,220.75,0,0,0,0,0,0,11.6532
3721620,Nimble,Maryland,Zen Leaf Elkridge,7/1/2024,Membership 0002612 Quarter Membership,Current,199,0,0,0,0,0,0,211.44,12.44
5530951,Nimble,Maryland,Zen Leaf Elkridge,7/1/2024,Membership 0002594 Dime Membership,Current,134,0,0,0,0,0,0,142.38,8.38
3609241,Nimble,Connecticut,Zen Leaf Meriden,7/1/2024,Membership 0002592 Quarter Membership,Current,199,0,0,0,0,0,0,211.44,12.44
3622721,Nimble,Connecticut,Zen Leaf Meriden,7/1/2024,Membership 0002577 Quarter Membership,Current,199,0,0,0,0,0,0,211.44,12.44
5530556,Nimble,Maryland,Zen Leaf Pasadena,7/1/2024,Membership 0002578 Quarter Membership,Current,199,0,0,0,0,0,0,211.44,12.44
4521202,Nimble,Maryland,Zen Leaf Pasadena,7/1/2024,Membership 0002610 Quarter Membership,Current,199,0,0,0,0,0,0,211.44,12.44
4428295,Nimble,Connecticut,Zen Leaf Norwich,7/1/2024,Membership 0002579 Quarter Membership,Current,199,0,0,0,0,0,0,211.44,12.44
4669337,Nimble,Connecticut,Zen Leaf Norwich,7/1/2024,Membership 0002580 Quarter Membership,Current,199,0,0,0,0,0,0,211.44,12.44
4294096,Nimble,Connecticut,Zen Leaf Norwich,7/1/2024,Membership 0002582 Quarter Membership,Current,199,0,0,0,0,0,0,211.44,12.44
5115389,Nimble,Maryland,Zen Leaf Pasadena,7/1/2024,Membership 0002608 Quarter Membership,Current,199,0,0,0,0,0,0,211.44,12.44
5530492,Nimble,Connecticut,Zen Leaf Naugatuck,7/1/2024,Membership 0002576 Quarter Membership,Current,199,0,0,0,0,0,0,211.44,12.44
1865115,Nimble,Connecticut,Zen Leaf Meriden,7/1/2024,Membership 0002595 Dime Membership,Current,134,0,0,0,0,0,0,142.38,8.38
2135575,Nimble,Connecticut,Zen Leaf Waterbury,7/1/2024,Membership 0002591 Dime Membership,Current,134,0,0,0,0,0,0,142.38,8.38
4359079,Dutchie,Maryland,Dutchie Towson,7/1/2024,Membership 0002641 Quarter Membership,Current,199,0,0,0,215,0,0,0,11.94
5531576,Nimble,Maryland,Zen Leaf Germantown,7/1/2024,Membership 0002616 Quarter Membership,Current,199,0,0,0,0,0,0,211.44,12.44
5530940,Nimble,Connecticut,Zen Leaf Waterbury,7/1/2024,Membership 0002598 Quarter Membership,Current,199,0,0,0,0,0,0,211.44,12.44
5530935,Nimble,Connecticut,Zen Leaf Norwich,7/1/2024,Membership 0002596 Quarter Membership,Current,199,0,0,0,0,0,0,211.44,12.44
1866796,Nimble,Connecticut,Zen Leaf Meriden,7/1/2024,Membership 0002599 Quarter Membership,Current,199,0,0,0,0,0,0,211.44,12.44
5530710,Nimble,Connecticut,Zen Leaf Norwich,7/1/2024,Membership 0002587 Quarter Membership,Current,199,0,0,0,0,0,0,211.44,12.44
613789,Nimble,Michigan,Zen Leaf Buchanan,7/1/2024,Membership 0002583 Quarter Membership,Current,199,0,0,0,0,0,0,211.44,12.44
2133297,Nimble,Connecticut,Zen Leaf Waterbury,7/1/2024,Membership 0002586 Quarter Membership,Current,199,0,0,0,0,0,0,211.44,12.44
4442416,Nimble,Connecticut,Zen Leaf Norwich,7/1/2024,Membership 0002605 Dime Membership,Current,134,0,0,0,0,0,0,142.38,8.38
4878819,Nimble,Connecticut,Zen Leaf Norwich,7/1/2024,Membership 0002607 Quarter Membership,Current,199,0,0,0,0,0,0,211.44,12.44
3322872,Nimble,Maryland,Zen Leaf Towson,7/1/2024,Membership 0002618 Quarter Membership,Current,199,0,0,0,0,0,0,211.44,12.44
4574042,Nimble,Maryland,Zen Leaf Towson,7/1/2024,Membership 0002575 Quarter Membership,Current,199,0,0,0,0,0,0,211.44,12.44
4831167,Nimble,Connecticut,Zen Leaf Norwich,7/1/2024,Membership 0002613 Quarter Membership,Current,199,0,0,0,0,0,0,211.44,12.44
5531017,Nimble,Connecticut,Zen Leaf Naugatuck,7/1/2024,Membership 0002601 Quarter Membership,Current,199,0,0,0,0,0,0,211.44,12.44
4534652,Nimble,Maryland,Zen Leaf Germantown,7/1/2024,Membership 0002563 Quarter Membership,Current,199,0,0,0,0,0,0,211.44,12.44
3876803,Nimble,Connecticut,Zen Leaf Waterbury,7/1/2024,Membership 0002569 Quarter Membership,Current,199,0,0,0,0,0,0,211.44,12.44
5409764,Nimble,Maryland,Zen Leaf Towson,7/1/2024,Membership 0002564 Quarter Membership,Current,199,0,0,0,0,0,0,211.44,12.44
1864996,Nimble,Connecticut,Zen Leaf Meriden,7/1/2024,Membership 0002602 Quarter Membership,Current,199,0,0,0,0,0,0,211.44,12.44
4643108,Nimble,Maryland,Zen Leaf Towson,7/1/2024,Membership 0002566 Dime Membership,Current,134,0,0,0,0,0,0,142.38,8.38
4230253,Nimble,Maryland,Zen Leaf Pasadena,7/1/2024,Membership 0002624 Quarter Membership,Current,199,0,0,0,0,0,0,211.44,12.44
2135105,Nimble,Connecticut,Zen Leaf Waterbury,7/1/2024,Membership 0002565 Quarter Membership,Current,199,0,0,0,0,0,0,211.44,12.44
5530416,Nimble,Maryland,Zen Leaf Towson,7/1/2024,Membership 0002567 Quarter Membership,Current,199,0,0,0,0,0,0,211.44,12.44
1073960,Nimble,Michigan,Zen Leaf Buchanan,7/1/2024,Membership 0002572 Quarter Membership,Current,199,0,0,0,0,0,0,211.44,12.44
527642,Nimble,Maryland,Zen Leaf Germantown,7/1/2024,Membership 0002573 Dime Membership,Current,134,0,0,0,0,0,0,142.38,8.38
4427090,Dutchie,Maryland,Dutchie Towson,7/1/2024,Membership 0003182 Quarter Membership,Current,199,220,0,0,0,0,0,0,11.94
5531729,Nimble,Maryland,Zen Leaf Elkridge,7/1/2024,Membership 0002623 Quarter Membership,Current,199,0,0,0,0,0,0,211.44,12.44
4321177,Nimble,Connecticut,Zen Leaf Norwich,7/1/2024,Membership 0002622 Quarter Membership,Current,199,0,0,0,0,0,0,211.44,12.44
644255,Nimble,Maryland,Zen Leaf Elkridge,7/1/2024,Membership 0002568 Quarter Membership,Current,199,0,0,0,0,0,0,211.44,12.44
1866922,Nimble,Connecticut,Zen Leaf Meriden,7/1/2024,Membership 0002570 Quarter Membership,Current,199,0,0,0,0,0,0,211.44,12.44
5531648,Nimble,Connecticut,Zen Leaf Waterbury,7/1/2024,Membership 0002620 Quarter Membership,Current,199,0,0,0,0,0,0,211.44,12.44
4358387,Nimble,Connecticut,Zen Leaf Newington,7/1/2024,Membership 0002590 Dime Membership,Current,134,0,0,0,0,0,0,142.38,8.38
4605402,Dutchie,Maryland,Dutchie Towson,7/1/2024,Membership 0003148 Quarter Membership,Current,199,250,0,0,0,0,0,0,11.94
4308387,Nimble,Connecticut,Zen Leaf Meriden,7/1/2024,Membership 0002614 Quarter Membership,Current,199,0,0,0,0,0,0,211.44,12.44
4980748,Nimble,Connecticut,Zen Leaf Waterbury,7/1/2024,Membership 0002571 Dime Membership,Current,134,0,0,0,0,0,0,142.38,8.38
5531585,Nimble,Maryland,Zen Leaf Elkridge,7/1/2024,Membership 0002615 Dime Membership,Current,134,0,0,0,0,0,0,142.38,8.38
2136936,Nimble,Connecticut,Zen Leaf Waterbury,7/1/2024,Membership 0002600 Quarter Membership,Current,199,0,0,0,0,0,0,211.44,12.44
5530782,Nimble,Illinois,Zen Leaf Evanston,7/1/2024,Membership 0002588 Dime Membership,Current,149,0,0,0,0,0,0,164.27,15.27
5535703,Nimble,Connecticut,Zen Leaf Norwich,7/2/2024,Membership 0002703 Quarter Membership,Current,199,0,0,0,0,0,0,211.44,12.44
2138736,Nimble,Connecticut,Zen Leaf Waterbury,7/2/2024,Membership 0002668 Quarter Membership,Current,199,0,0,0,0,0,0,211.44,12.44
4660442,Dutchie,Maryland,Dutchie Towson,7/2/2024,Membership 0003211 Quarter Membership,Current,199,220,0,0,0,0,0,0,11.94
3582569,Nimble,Michigan,Zen Leaf Buchanan,7/2/2024,Membership 0002663 Quarter Membership,Current,199,0,0,0,0,0,0,211.44,12.44
3604836,Nimble,Connecticut,Zen Leaf Waterbury,7/2/2024,Membership 0002693 Quarter Membership,Current,199,0,0,0,0,0,0,211.44,12.44
5533453,Nimble,Maryland,Zen Leaf Towson,7/2/2024,Membership 0002662 Quarter Membership,Current,199,0,0,0,0,0,0,211.44,12.44
1868133,Nimble,Connecticut,Zen Leaf Meriden,7/2/2024,Membership 0002665 Quarter Membership,Current,199,0,0,0,0,0,0,211.44,12.44
1866918,Dutchie,Connecticut,Dutchie Newington,7/2/2024,Membership 0003497 Dime Membership,Current,116.22,330,0,0,0,0,0,0,7.37997
4511159,Dutchie,Connecticut,Dutchie Norwich,7/2/2024,Membership 0004693 Quarter Membership,Current,122.84,160,0,0,55,0,0,0,7.80034
5533656,Nimble,Maryland,Zen Leaf Elkridge,7/2/2024,Membership 0002666 Quarter Membership,Current,199,0,0,0,0,0,0,211.44,12.44
4852055,Nimble,Connecticut,Zen Leaf Norwich,7/2/2024,Membership 0002670 Quarter Membership,Current,199,0,0,0,0,0,0,211.44,12.44
4276173,Nimble,Maryland,Zen Leaf Germantown,7/2/2024,Membership 0002691 Dime Membership,Current,134,0,0,0,0,0,0,142.38,8.38
5199203,Nimble,Maryland,Zen Leaf Pasadena,7/2/2024,Membership 0002671 Quarter Membership,Current,199,0,0,0,0,0,0,211.44,12.44
5125958,Dutchie,Maryland,Dutchie Towson,7/2/2024,Membership 0002677 Quarter Membership,Current,199,211,0,0,0,0,0,0,11.94
5535034,Nimble,Connecticut,Zen Leaf Naugatuck,7/2/2024,Membership 0002698 Quarter Membership,Current,199,0,0,0,0,0,0,211.44,12.44
2260385,Nimble,Connecticut,Zen Leaf Newington,7/2/2024,Membership 0002696 Quarter Membership,Current,199,0,0,0,0,0,0,211.44,12.44
4372610,Nimble,Connecticut,Zen Leaf Norwich,7/2/2024,Membership 0002694 Quarter Membership,Current,199,0,0,0,0,0,0,211.44,12.44
4365105,Nimble,Connecticut,Zen Leaf Norwich,7/2/2024,Membership 0002695 Quarter Membership,Current,199,0,0,0,0,0,0,211.44,12.44
5536395,Nimble,Maryland,Zen Leaf Pasadena,7/2/2024,Membership 0002709 Dime Membership,Current,134,0,0,0,0,0,0,142.38,8.38
3801057,Nimble,Connecticut,Zen Leaf Meriden,7/2/2024,Membership 0002679 Quarter Membership,Current,199,0,0,0,0,0,0,211.44,12.44
1865508,Dutchie,Connecticut,Dutchie Willow Brook,7/2/2024,Membership 0002664 Quarter Membership,Current,199,220,0,0,0,0,0,0,12.6365
2136176,Nimble,Connecticut,Zen Leaf Naugatuck,7/2/2024,Membership 0002702 Quarter Membership,Current,199,0,0,0,0,0,0,211.44,12.44
4249931,Nimble,Maryland,Zen Leaf Pasadena,7/2/2024,Membership 0002690 Dime Membership,Current,134,0,0,0,0,0,0,142.38,8.38
5456874,Nimble,Maryland,Zen Leaf Towson,7/2/2024,Membership 0002683 Quarter Membership,Current,199,0,0,0,0,0,0,211.44,12.44
5534251,Nimble,Connecticut,Zen Leaf Waterbury,7/2/2024,Membership 0002681 Dime Membership,Current,134,0,0,0,0,0,0,142.38,8.38
1865173,Nimble,Connecticut,Zen Leaf Meriden,7/2/2024,Membership 0002676 Quarter Membership,Current,199,0,0,0,0,0,0,211.44,12.44
4642119,Nimble,Maryland,Zen Leaf Germantown,7/2/2024,Membership 0002701 Quarter Membership,Current,199,0,0,0,0,0,0,211.44,12.44
3625656,Nimble,Connecticut,Zen Leaf Naugatuck,7/2/2024,Membership 0002675 Dime Membership,Current,134,0,0,0,0,0,0,142.38,8.38
3128555,Nimble,Maryland,Zen Leaf Elkridge,7/2/2024,Membership 0002674 Quarter Membership,Current,199,0,0,0,0,0,0,211.44,12.44
2134907,Nimble,Connecticut,Zen Leaf Waterbury,7/2/2024,Membership 0002673 Quarter Membership,Current,199,0,0,0,0,0,0,211.44,12.44
3564140,Nimble,Connecticut,Zen Leaf Waterbury,7/2/2024,Membership 0002672 Quarter Membership,Current,199,0,0,0,0,0,0,211.44,12.44
4782411,Nimble,Connecticut,Zen Leaf Norwich,7/2/2024,Membership 0002685 Quarter Membership,Current,199,0,0,0,0,0,0,211.44,12.44
3323978,Nimble,New Jersey,Zen Leaf Neptune,7/2/2024,Membership 0002704 Quarter Membership,Current,249,0,0,0,0,0,0,264.56,15.56
3225710,Dutchie,New Jersey,Dutchie Neptune Rec,7/2/2024,Membership 0003540 Quarter Membership,Current,249,470,0,0,0,0,0,0,16.49625
2134180,Nimble,Connecticut,Zen Leaf Waterbury,7/2/2024,Membership 0002707 Quarter Membership,Current,199,0,0,0,0,0,0,211.44,12.44
5535676,Dutchie,Illinois,Dutchie Rogers Park,7/2/2024,Membership 0003462 Quarter Membership,Current,199.2,0,0,0,230,0,0,0,0.20418
4340811,Dutchie,Maryland,Dutchie Elkridge,7/2/2024,Membership 0003208 Quarter Membership,Current,199,0,0,0,215,0,0,0,11.94
1299117,Dutchie,Maryland,Dutchie Germantown,7/2/2024,Membership 0002667 Dime Membership,Current,134,0,142,0,0,0,0,0,8.04
866210,Dutchie,Michigan,Dutchie Buchanan MI Rec,7/2/2024,Membership 0002684 Quarter Membership,Current,199,225,0,0,0,0,0,0,0
2853562,Dutchie,Maryland,Dutchie Pasadena,7/2/2024,Membership 0003558 Quarter Membership,Current,199,220,0,0,0,0,0,0,11.94
2849750,Dutchie,Maryland,Dutchie Pasadena,7/2/2024,Membership 0002680 Quarter Membership,Current,199,220,0,0,0,0,0,0,11.94
5534002,Dutchie,Maryland,Dutchie Pasadena,7/2/2024,Membership 0002678 Quarter Membership,Current,199,215,0,0,0,0,0,0,11.94
4434631,Dutchie,Maryland,Dutchie Pasadena,7/2/2024,Membership 0003191 Dime Membership,Current,134,142,0,0,0,0,0,0,8.04
3059419,Nimble,Maryland,Zen Leaf Elkridge,7/2/2024,Membership 0002700 Dime Membership,Current,134,0,0,0,0,0,0,142.38,8.38
2847913,Dutchie,Maryland,Dutchie Pasadena,7/2/2024,Membership 0002689 Quarter Membership,Current,199,211,0,0,0,0,0,0,11.94
2847914,Dutchie,Maryland,Dutchie Pasadena,7/2/2024,Membership 0002687 Quarter Membership,Current,199,211,0,0,0,0,0,0,11.94
4413049,Dutchie,Maryland,Dutchie Pasadena,7/2/2024,Membership 0002706 Quarter Membership,Current,199,211,0,0,0,0,0,0,11.94
5409373,Nimble,Connecticut,Zen Leaf Waterbury,7/2/2024,Membership 0002705 Quarter Membership,Current,199,0,0,0,0,0,0,211.44,12.44
4532706,Dutchie,Maryland,Dutchie Pasadena,7/2/2024,Membership 0004339 Quarter Membership,Current,199,0,0,0,211,0,0,0,11.94
4406766,Nimble,Connecticut,Zen Leaf Norwich,7/2/2024,Membership 0002699 Quarter Membership,Current,199,0,0,0,0,0,0,211.44,12.44
4483560,Nimble,Maryland,Zen Leaf Pasadena,7/2/2024,Membership 0002708 Quarter Membership,Current,199,0,0,0,0,0,0,211.44,12.44
4056947,Nimble,Connecticut,Zen Leaf Norwich,7/2/2024,Membership 0002682 Quarter Membership,Current,199,0,0,0,0,0,0,211.44,12.44
5536535,Nimble,Maryland,Zen Leaf Elkridge,7/2/2024,Membership 0002710 Quarter Membership,Current,199,0,0,0,0,0,0,211.44,12.44
2251690,Dutchie,Maryland,Dutchie Germantown,7/2/2024,Membership 0003267 Quarter Membership,Current,199,211,0,0,0,0,0,0,11.94
4231017,Dutchie,Maryland,Dutchie Towson,7/2/2024,Membership 0003273 Quarter Membership,Current,199,211,0,0,0,0,0,0,11.94
2140837,Nimble,Connecticut,Zen Leaf Waterbury,7/2/2024,Membership 0002697 Quarter Membership,Current,199,0,0,0,0,0,0,211.44,12.44
1941215,Dutchie,New Jersey,Dutchie Neptune Rec,7/2/2024,Membership 0003274 Quarter Membership,Current,249,270,0,0,0,0,0,0,16.49625
4481026,Dutchie,Maryland,Dutchie Towson,7/2/2024,Membership 0003094 Quarter Membership,Current,199,220,0,0,0,0,0,0,11.94
516782,Dutchie,Maryland,Dutchie Towson,7/3/2024,Membership 0002730 Dime Membership,Current,134.1,0,0,0,145,0,0,0,8.046
2851093,Dutchie,Maryland,Dutchie Pasadena,7/3/2024,Membership 0002770 Quarter Membership,Current,156.4,0,0,0,270,0,0,0,9.384
2851626,Nimble,Maryland,Zen Leaf Pasadena,7/3/2024,Membership 0002723 Quarter Membership,Current,199,0,0,0,0,0,0,211.44,12.44
5400501,Nimble,Connecticut,Zen Leaf Newington,7/3/2024,Membership 0002717 Quarter Membership,Current,199,0,0,0,0,0,0,211.44,12.44
4921312,Nimble,Connecticut,Zen Leaf Naugatuck,7/3/2024,Membership 0002724 Dime Membership,Current,134,0,0,0,0,0,0,142.38,8.38
2140434,Nimble,Connecticut,Zen Leaf Waterbury,7/3/2024,Membership 0002721 Quarter Membership,Current,199,0,0,0,0,0,0,211.44,12.44
5536878,Nimble,Maryland,Zen Leaf Pasadena,7/3/2024,Membership 0002720 Dime Membership,Current,134,0,0,0,0,0,0,142.38,8.38
1864688,Nimble,Connecticut,Zen Leaf Meriden,7/3/2024,Membership 0002719 Dime Membership,Current,134,0,0,0,0,0,0,142.38,8.38
1103121,Nimble,Maryland,Zen Leaf Germantown,7/3/2024,Membership 0002718 Dime Membership,Current,134,0,0,0,0,0,0,142.38,8.38
5536717,Nimble,Connecticut,Zen Leaf Naugatuck,7/3/2024,Membership 0002726 Dime Membership,Current,134,0,0,0,0,0,0,142.38,8.38
4861781,Dutchie,Maryland,Dutchie Pasadena,7/3/2024,Membership 0003387 Quarter Membership,Current,199,211,0,0,0,0,0,0,11.94
3725081,Nimble,Connecticut,Zen Leaf Meriden,7/3/2024,Membership 0002740 Quarter Membership,Current,199,0,0,0,0,0,0,211.44,12.44
5537047,Nimble,Connecticut,Zen Leaf Waterbury,7/3/2024,Membership 0002725 Quarter Membership,Current,199,0,0,0,0,0,0,211.44,12.44
5537174,Nimble,Michigan,Zen Leaf Buchanan,7/3/2024,Membership 0002729 Dime Membership,Current,134,0,0,0,0,0,0,142.38,8.38
5540293,Nimble,Maryland,Zen Leaf Pasadena,7/3/2024,Membership 0002851 Quarter Membership,Current,199,0,0,0,0,0,0,211.44,12.44
4253104,Nimble,Maryland,Zen Leaf Pasadena,7/3/2024,Membership 0002853 Quarter Membership,Current,199,0,0,0,0,0,0,211.44,12.44
2138443,Nimble,Connecticut,Zen Leaf Waterbury,7/3/2024,Membership 0002846 Quarter Membership,Current,199,0,0,0,0,0,0,211.44,12.44
515718,Dutchie,Maryland,Dutchie Towson,7/3/2024,Membership 0002768 Quarter Membership,Current,199.2,200,11,0,0,0,0,0,11.951999999999998
538240,Nimble,Maryland,Zen Leaf Germantown,7/3/2024,Membership 0002766 Quarter Membership,Current,199,0,0,0,0,0,0,211.44,12.44
2385060,Nimble,Maryland,Zen Leaf Towson,7/3/2024,Membership 0002762 Quarter Membership,Current,199,0,0,0,0,0,0,211.44,12.44
2138603,Nimble,Connecticut,Zen Leaf Waterbury,7/3/2024,Membership 0002760 Quarter Membership,Current,199,0,0,0,0,0,0,211.44,12.44
4890798,Nimble,Connecticut,Zen Leaf Meriden,7/3/2024,Membership 0002759 Quarter Membership,Current,199,0,0,0,0,0,0,211.44,12.44
1867305,Nimble,Connecticut,Zen Leaf Meriden,7/3/2024,Membership 0002758 Quarter Membership,Current,199,0,0,0,0,0,0,211.44,12.44
2939682,Nimble,Maryland,Zen Leaf Elkridge,7/3/2024,Membership 0002757 Quarter Membership,Current,199,0,0,0,0,0,0,211.44,12.44
4085905,Nimble,Connecticut,Zen Leaf Meriden,7/3/2024,Membership 0002752 Quarter Membership,Current,199,0,0,0,0,0,0,211.44,12.44
4229546,Nimble,Maryland,Zen Leaf Germantown,7/3/2024,Membership 0002753 Quarter Membership,Current,199,0,0,0,0,0,0,211.44,12.44
2137801,Nimble,Connecticut,Zen Leaf Naugatuck,7/3/2024,Membership 0002754 Quarter Membership,Current,199,0,0,0,0,0,0,211.44,12.44
4279485,Nimble,Connecticut,Zen Leaf Waterbury,7/3/2024,Membership 0002751 Quarter Membership,Current,199,0,0,0,0,0,0,211.44,12.44
5041834,Nimble,Connecticut,Zen Leaf Norwich,7/3/2024,Membership 0002750 Quarter Membership,Current,199,0,0,0,0,0,0,211.44,12.44
4509745,Nimble,Connecticut,Zen Leaf Naugatuck,7/3/2024,Membership 0002748 Quarter Membership,Current,199,0,0,0,0,0,0,211.44,12.44
5537720,Nimble,Connecticut,Zen Leaf Naugatuck,7/3/2024,Membership 0002738 Quarter Membership,Current,199,0,0,0,0,0,0,211.44,12.44
5297534,Nimble,Connecticut,Zen Leaf Waterbury,7/3/2024,Membership 0002735 Quarter Membership,Current,199,0,0,0,0,0,0,211.44,12.44
5348113,Nimble,Connecticut,Zen Leaf Naugatuck,7/3/2024,Membership 0002734 Dime Membership,Current,134,0,0,0,0,0,0,142.38,8.38
2848422,Nimble,Maryland,Zen Leaf Pasadena,7/3/2024,Membership 0002733 Quarter Membership,Current,199,0,0,0,0,0,0,211.44,12.44
2849793,Nimble,Maryland,Zen Leaf Pasadena,7/3/2024,Membership 0002731 Quarter Membership,Current,199,0,0,0,0,0,0,211.44,12.44
616165,Nimble,Maryland,Zen Leaf Germantown,7/3/2024,Membership 0002732 Quarter Membership,Current,199,0,0,0,0,0,0,211.44,12.44
568784,Dutchie,Maryland,Dutchie Towson,7/3/2024,Membership 0002749 Quarter Membership,Current,199.2,211,0,0,0,0,0,0,11.951999999999998
4300563,Nimble,Connecticut,Zen Leaf Norwich,7/3/2024,Membership 0002727 Dime Membership,Current,134,0,0,0,0,0,0,142.38,8.38
4008896,Nimble,Connecticut,Zen Leaf Meriden,7/3/2024,Membership 0002716 Quarter Membership,Current,199,0,0,0,0,0,0,211.44,12.44
4786408,Dutchie,Maryland,Dutchie Pasadena,7/3/2024,Membership 0003123 Dime Membership,Current,134,0,0,0,190,0,0,0,8.04
4675795,Nimble,Connecticut,Zen Leaf Newington,7/3/2024,Membership 0002739 Quarter Membership,Current,199,0,0,0,0,0,0,211.44,12.44
4880313,Nimble,Connecticut,Zen Leaf Norwich,7/3/2024,Membership 0002783 Quarter Membership,Current,199,0,0,0,0,0,0,211.44,12.44
766586,Nimble,Michigan,Zen Leaf Buchanan,7/3/2024,Membership 0002737 Quarter Membership,Current,199,0,0,0,0,0,0,211.44,12.44
4456186,Dutchie,Maryland,Dutchie Elkridge,7/3/2024,Membership 0002764 Quarter Membership,Current,199,0,210.75,0,0,0,0,0,11.94
4167588,Dutchie,New Jersey,Dutchie Neptune Rec,7/3/2024,Membership 0004091 Dime Membership,Current,149,0,0,0,195,0,0,0,9.87125
4759051,Dutchie,Connecticut,Dutchie Newington,7/3/2024,Membership 0002870 Quarter Membership,Current,199,230,0,0,0,0,0,0,12.6365
1865252,Dutchie,Connecticut,Dutchie Willow Brook,7/3/2024,Membership 0002792 Quarter Membership,Current,184.15,259.5,0,0,0,0,0,0,11.693525000000001
1868311,Dutchie,Connecticut,Dutchie Waterbury,7/3/2024,Membership 0002728 Quarter Membership,Current,164.76,400,0,0,0,0,0,0,10.462259999999999
2138956,Dutchie,Connecticut,Dutchie Waterbury,7/3/2024,Membership 0004328 Quarter Membership,Current,155.55,280,0,0,0,0,0,0,9.877425
2138956,Dutchie,Connecticut,Dutchie Waterbury,7/3/2024,Membership 0002722 Quarter Membership,Current,155.55,280,0,0,0,0,0,0,9.877425
4458688,Dutchie,Connecticut,Dutchie Norwich,7/3/2024,Membership 0003282 Quarter Membership,Current,156.61,280,0,0,0,0,0,0,9.944735000000001
2847407,Dutchie,Maryland,Dutchie Pasadena,7/3/2024,Membership 0002755 Dime Membership,Current,134,0,142,0,0,0,0,0,8.04
4381710,Nimble,Maryland,Zen Leaf Towson,7/3/2024,Membership 0002713 Quarter Membership,Current,199,0,0,0,0,0,0,211.44,12.44
4964779,Dutchie,Maryland,Dutchie Pasadena,7/3/2024,Membership 0003555 Quarter Membership,Current,199,211,0,0,0,0,0,0,11.94
2275281,Dutchie,Maryland,Dutchie Towson,7/3/2024,Membership 0002849 Quarter Membership,Current,199.2,0,0,0,215,0,0,0,11.951999999999998
5540239,Nimble,Illinois,Zen Leaf St. Charles,7/3/2024,Membership 0002852 Quarter Membership,Current,249,0,0,0,0,0,0,274.52,25.52
4347184,Dutchie,Maryland,Dutchie Towson,7/3/2024,Membership 0002761 Dime Membership,Current,119.2,0,0,0,130,0,0,0,7.152
5536702,Nimble,Maryland,Zen Leaf Towson,7/3/2024,Membership 0002712 Quarter Membership,Current,199,0,0,0,0,0,0,211.44,12.44
3668373,Nimble,Connecticut,Zen Leaf Meriden,7/3/2024,Membership 0002715 Quarter Membership,Current,199,0,0,0,0,0,0,211.44,12.44
4892593,Nimble,Connecticut,Zen Leaf Newington,7/3/2024,Membership 0002714 Dime Membership,Current,134,0,0,0,0,0,0,142.38,8.38
573244,Dutchie,Maryland,Dutchie Towson,7/3/2024,Membership 0002782 Quarter Membership,Current,199.2,0,0,0,215,0,0,0,11.951999999999998
2203411,Dutchie,Maryland,Dutchie Towson,7/3/2024,Membership 0002912 Quarter Membership,Current,199.2,0,0,0,215,0,0,0,11.951999999999998
5540883,Nimble,Maryland,Zen Leaf Pasadena,7/4/2024,Membership 0002858 Quarter Membership,Current,199,0,0,0,0,0,0,211.44,12.44
5172511,Nimble,Connecticut,Zen Leaf Naugatuck,7/4/2024,Membership 0002900 Quarter Membership,Current,199,0,0,0,0,0,0,211.44,12.44
5543078,Nimble,Connecticut,Zen Leaf Norwich,7/4/2024,Membership 0002901 Quarter Membership,Current,199,0,0,0,0,0,0,211.44,12.44
5543158,Nimble,Maryland,Zen Leaf Germantown,7/4/2024,Membership 0002902 Quarter Membership,Current,199,0,0,0,0,0,0,211.44,12.44
4366211,Nimble,Maryland,Zen Leaf Elkridge,7/4/2024,Membership 0002856 Quarter Membership,Current,199,0,0,0,0,0,0,211.44,12.44
5543181,Nimble,Connecticut,Zen Leaf Meriden,7/4/2024,Membership 0002903 Quarter Membership,Current,199,0,0,0,0,0,0,211.44,12.44
5543237,Nimble,Maryland,Zen Leaf Germantown,7/4/2024,Membership 0002904 Dime Membership,Current,134,0,0,0,0,0,0,142.38,8.38
5078509,Nimble,Michigan,Zen Leaf Buchanan,7/4/2024,Membership 0002905 Quarter Membership,Current,199,0,0,0,0,0,0,211.44,12.44
5541208,Nimble,Maryland,Zen Leaf Germantown,7/4/2024,Membership 0002866 Quarter Membership,Current,199,0,0,0,0,0,0,211.44,12.44
2848780,Nimble,Maryland,Zen Leaf Pasadena,7/4/2024,Membership 0002876 Quarter Membership,Current,199,0,0,0,0,0,0,211.44,12.44
2024554,Nimble,Maryland,Zen Leaf Elkridge,7/4/2024,Membership 0002857 Quarter Membership,Current,199,0,0,0,0,0,0,211.44,12.44
530890,Nimble,Maryland,Zen Leaf Germantown,7/4/2024,Membership 0002899 Quarter Membership,Current,199,0,0,0,0,0,0,211.44,12.44
5542953,Nimble,Maryland,Zen Leaf Pasadena,7/4/2024,Membership 0002896 Quarter Membership,Current,199,0,0,0,0,0,0,211.44,12.44
5541837,Nimble,Maryland,Zen Leaf Towson,7/4/2024,Membership 0002880 Quarter Membership,Current,199,0,0,0,0,0,0,211.44,12.44
4288364,Dutchie,Connecticut,Dutchie Norwich,7/4/2024,Membership 0002877 Quarter Membership,Current,199,0,0,0,370,0,0,0,12.6365
5541129,Nimble,Connecticut,Zen Leaf Newington,7/4/2024,Membership 0002864 Quarter Membership,Current,199,0,0,0,0,0,0,211.44,12.44
5396251,Nimble,Connecticut,Zen Leaf Naugatuck,7/4/2024,Membership 0002883 Dime Membership,Current,134,0,0,0,0,0,0,142.38,8.38
4318571,Nimble,Michigan,Zen Leaf Buchanan,7/4/2024,Membership 0002863 Quarter Membership,Current,249,0,0,0,0,0,0,264.56,15.56
3432361,Nimble,Maryland,Zen Leaf Germantown,7/4/2024,Membership 0002861 Quarter Membership,Current,199,0,0,0,0,0,0,211.44,12.44
4000505,Nimble,Connecticut,Zen Leaf Meriden,7/4/2024,Membership 0002875 Quarter Membership,Current,199,0,0,0,0,0,0,211.44,12.44
5542877,Nimble,Maryland,Zen Leaf Towson,7/4/2024,Membership 0002895 Quarter Membership,Current,199,0,0,0,0,0,0,211.44,12.44
5542880,Nimble,Connecticut,Zen Leaf Meriden,7/4/2024,Membership 0002894 Quarter Membership,Current,199,0,0,0,0,0,0,211.44,12.44
490847,Nimble,Maryland,Zen Leaf Elkridge,7/4/2024,Membership 0002882 Quarter Membership,Current,199,0,0,0,0,0,0,211.44,12.44
4812767,Nimble,Connecticut,Zen Leaf Newington,7/4/2024,Membership 0002869 Quarter Membership,Current,199,0,0,0,0,0,0,211.44,12.44
1353173,Nimble,Maryland,Zen Leaf Towson,7/4/2024,Membership 0002891 Quarter Membership,Current,199,0,0,0,0,0,0,211.44,12.44
3572023,Nimble,Connecticut,Zen Leaf Meriden,7/4/2024,Membership 0002860 Quarter Membership,Current,199,0,0,0,0,0,0,211.44,12.44
5337189,Nimble,Connecticut,Zen Leaf Naugatuck,7/4/2024,Membership 0002898 Dime Membership,Current,134,0,0,0,0,0,0,142.38,8.38
5093360,Nimble,Connecticut,Zen Leaf Meriden,7/4/2024,Membership 0002859 Quarter Membership,Current,199,0,0,0,0,0,0,211.44,12.44
4703855,Nimble,Connecticut,Zen Leaf Newington,7/4/2024,Membership 0002865 Quarter Membership,Current,199,0,0,0,0,0,0,211.44,12.44
2848547,Dutchie,Maryland,Dutchie Pasadena,7/4/2024,Membership 0002886 Quarter Membership,Current,199,300,0,0,0,0,0,0,11.94
4275476,Dutchie,Maryland,Dutchie Towson,7/4/2024,Membership 0002881 Dime Membership,Current,111.75,120,0,0,0,0,0,0,6.705
4284041,Dutchie,Maryland,Dutchie Pasadena,7/4/2024,Membership 0002892 Quarter Membership,Current,199,250,0,0,0,0,0,0,11.94
4505591,Dutchie,Maryland,Dutchie Pasadena,7/4/2024,Membership 0002889 Quarter Membership,Current,199,220,0,0,0,0,0,0,11.94
515820,Dutchie,Maryland,Dutchie Towson,7/4/2024,Membership 0002890 Quarter Membership,Current,199.2,211,0,0,0,0,0,0,11.951999999999998
4732278,Dutchie,Maryland,Dutchie Towson,7/4/2024,Membership 0002942 Quarter Membership,Current,199.2,0,0,0,215,0,0,0,11.951999999999998
5029626,Dutchie,Maryland,Dutchie Towson,7/4/2024,Membership 0002897 Quarter Membership,Current,199.2,215,0,0,0,0,0,0,11.951999999999998
2852203,Dutchie,Maryland,Dutchie Pasadena,7/4/2024,Membership 0002878 Quarter Membership,Current,199,0,0,0,215,0,0,0,11.94
5065316,Nimble,Connecticut,Zen Leaf Meriden,7/4/2024,Membership 0002855 Quarter Membership,Current,199,0,0,0,0,0,0,211.44,12.44
2849924,Dutchie,Maryland,Dutchie Pasadena,7/4/2024,Membership 0002884 Quarter Membership,Current,199,211,0,0,0,0,0,0,11.94
2488036,Dutchie,Maryland,Dutchie Germantown,7/4/2024,Membership 0002871 Quarter Membership,Current,199,220,0,0,0,0,0,0,11.94
4380340,Nimble,Connecticut,Zen Leaf Waterbury,7/4/2024,Membership 0002854 Quarter Membership,Current,199,0,0,0,0,0,0,211.44,12.44
2853632,Dutchie,Maryland,Dutchie Pasadena,7/4/2024,Membership 0002868 Quarter Membership,Current,199,220,0,0,0,0,0,0,11.94
4236865,Dutchie,Maryland,Dutchie Pasadena,7/4/2024,Membership 0004294 Dime Membership,Current,134,150,0,0,0,0,0,0,8.04
3326330,Dutchie,Maryland,Dutchie Germantown,7/4/2024,Membership 0002872 Quarter Membership,Current,199,0,210.75,0,0,0,0,0,11.94
3662576,Dutchie,Maryland,Dutchie Towson,7/4/2024,Membership 0002888 Quarter Membership,Current,199.2,0,0,0,215,0,0,0,11.951999999999998
5545747,Nimble,Maryland,Zen Leaf Pasadena,7/5/2024,Membership 0002944 Quarter Membership,Current,199,0,0,0,0,0,0,211.44,12.44
5545235,Nimble,Connecticut,Zen Leaf Newington,7/5/2024,Membership 0002941 Quarter Membership,Current,199,0,0,0,0,0,0,211.44,12.44
5046885,Nimble,Maryland,Zen Leaf Towson,7/5/2024,Membership 0002940 Dime Membership,Current,134,0,0,0,0,0,0,142.38,8.38
5430458,Nimble,Connecticut,Zen Leaf Naugatuck,7/5/2024,Membership 0002935 Quarter Membership,Current,199,0,0,0,0,0,0,211.44,12.44
3365801,Nimble,Connecticut,Zen Leaf Meriden,7/5/2024,Membership 0002933 Quarter Membership,Current,199,0,0,0,0,0,0,211.44,12.44
712539,Nimble,Maryland,Zen Leaf Germantown,7/5/2024,Membership 0002930 Quarter Membership,Current,199,0,0,0,0,0,0,211.44,12.44
3589670,Nimble,Connecticut,Zen Leaf Meriden,7/5/2024,Membership 0002943 Quarter Membership,Current,199,0,0,0,0,0,0,211.44,12.44
4336252,Dutchie,Connecticut,Dutchie Norwich,7/5/2024,Membership 0002919 Quarter Membership,Current,199,0,0,0,350,0,0,0,12.6365
2843108,Nimble,Maryland,Zen Leaf Pasadena,7/5/2024,Membership 0002924 Quarter Membership,Current,199,0,0,0,0,0,0,211.44,12.44
5263884,Nimble,Connecticut,Zen Leaf Meriden,7/5/2024,Membership 0002928 Quarter Membership,Current,199,0,0,0,0,0,0,211.44,12.44
959234,Nimble,Illinois,Zen Leaf St. Charles,7/5/2024,Membership 0002945 Quarter Membership,Current,249,0,0,0,0,0,0,274.52,25.52
5416941,Dutchie,Maryland,Dutchie Towson,7/5/2024,Membership 0002921 Quarter Membership,Current,199,211,0,0,0,0,0,0,11.94
4337920,Dutchie,Connecticut,Dutchie Norwich,7/5/2024,Membership 0002950 Quarter Membership,Current,199,212,0,0,0,0,0,0,12.6365
2136898,Dutchie,Connecticut,Dutchie Waterbury,7/5/2024,Membership 0002951 Quarter Membership,Current,199,360,0,0,0,0,0,0,12.6365
4365215,Nimble,Maryland,Zen Leaf Pasadena,7/5/2024,Membership 0002913 Quarter Membership,Current,199,0,0,0,0,0,0,211.44,12.44
2989276,Dutchie,Connecticut,Dutchie Willow Brook,7/5/2024,Membership 0002925 Quarter Membership,Current,199,260,0,0,0,0,0,0,12.6365
4337609,Dutchie,Maryland,Dutchie Towson,7/5/2024,Membership 0002909 Quarter Membership,Current,199,211,0,0,0,0,0,0,11.94
3584643,Dutchie,Connecticut,Dutchie Willow Brook,7/5/2024,Membership 0002931 Quarter Membership,Current,199,0,0,0,230,0,0,0,12.6365
4602942,Nimble,Maryland,Zen Leaf Germantown,7/5/2024,Membership 0002927 Quarter Membership,Current,199,0,0,0,0,0,0,211.44,12.44
5546004,Nimble,Maryland,Zen Leaf Germantown,7/5/2024,Membership 0002946 Quarter Membership,Current,199,0,0,0,0,0,0,211.44,12.44
1864659,Dutchie,Connecticut,Dutchie Willow Brook,7/5/2024,Membership 0003448 Quarter Membership,Current,199,212,0,0,0,0,0,0,12.6365
5546611,Nimble,Connecticut,Zen Leaf Waterbury,7/5/2024,Membership 0002949 Quarter Membership,Current,199,0,0,0,0,0,0,211.44,12.44
735827,Nimble,Illinois,Zen Leaf St. Charles,7/5/2024,Membership 0002911 Dime Membership,Current,149,0,0,0,0,0,0,164.27,15.27
2847423,Nimble,Maryland,Zen Leaf Germantown,7/5/2024,Membership 0002907 Quarter Membership,Current,199,0,0,0,0,0,0,211.44,12.44
5544134,Nimble,Maryland,Zen Leaf Towson,7/5/2024,Membership 0002923 Quarter Membership,Current,199,0,0,0,0,0,0,211.44,12.44
5543345,Nimble,Maryland,Zen Leaf Elkridge,7/5/2024,Membership 0002906 Dime Membership,Current,134,0,0,0,0,0,0,142.38,8.38
5544412,Nimble,Connecticut,Zen Leaf Naugatuck,7/5/2024,Membership 0002929 Quarter Membership,Current,199,0,0,0,0,0,0,211.44,12.44
1867867,Nimble,Connecticut,Zen Leaf Waterbury,7/5/2024,Membership 0002908 Quarter Membership,Current,199,0,0,0,0,0,0,211.44,12.44
2008714,Nimble,Illinois,Zen Leaf St. Charles,7/5/2024,Membership 0002948 Dime Membership,Current,149,0,0,0,0,0,0,164.27,15.27
2139639,Nimble,Connecticut,Zen Leaf Waterbury,7/5/2024,Membership 0002915 Dime Membership,Current,134,0,0,0,0,0,0,142.38,8.38
1866312,Nimble,Connecticut,Zen Leaf Meriden,7/5/2024,Membership 0002947 Quarter Membership,Current,199,0,0,0,0,0,0,211.44,12.44
4676298,Dutchie,Maryland,Dutchie Germantown,7/5/2024,Membership 0003151 Dime Membership,Current,134,0,0,0,145,0,0,0,8.04
5544004,Nimble,Illinois,Zen Leaf West Loop,7/5/2024,Membership 0002918 Quarter Membership,Current,199,0,0,0,0,0,0,211.44,12.44
2137002,Nimble,Connecticut,Zen Leaf Waterbury,7/5/2024,Membership 0002934 Quarter Membership,Current,199,0,0,0,0,0,0,211.44,12.44
5543528,Nimble,Maryland,Zen Leaf Towson,7/5/2024,Membership 0002910 Quarter Membership,Current,199,0,0,0,0,0,0,211.44,12.44
4339803,Dutchie,Maryland,Dutchie Towson,7/5/2024,Membership 0003442 Dime Membership,Current,134,0,0,0,145,0,0,0,8.04
2138831,Nimble,Connecticut,Zen Leaf Waterbury,7/5/2024,Membership 0002917 Quarter Membership,Current,199,0,0,0,0,0,0,211.44,12.44
4281847,Nimble,Connecticut,Zen Leaf Meriden,7/5/2024,Membership 0002914 Quarter Membership,Current,199,0,0,0,0,0,0,211.44,12.44
5543917,Dutchie,Illinois,Dutchie Highland Park,7/5/2024,Membership 0004490 Quarter Membership,Current,249,0,0,0,270,0,0,0,0.25522500000000004
3724821,Nimble,Connecticut,Zen Leaf Naugatuck,7/6/2024,Membership 0002989 Quarter Membership,Current,199,0,0,0,0,0,0,211.44,12.44
4376149,Nimble,Connecticut,Zen Leaf Norwich,7/6/2024,Membership 0002987 Dime Membership,Current,134,0,0,0,0,0,0,142.38,8.38
517636,Dutchie,Maryland,Dutchie Towson,7/6/2024,Membership 0003717 Quarter Membership,Current,199,0,210.75,0,0,0,0,0,11.94
1373167,Dutchie,Maryland,Dutchie Towson,7/6/2024,Membership 0002964 Quarter Membership,Current,199,0,0,0,215,0,0,0,11.94
3128935,Dutchie,Michigan,Dutchie Buchanan MI Rec,7/6/2024,Membership 0002985 Quarter Membership,Current,199,220,0,0,0,0,0,0,0
2136034,Dutchie,Connecticut,Dutchie Waterbury,7/6/2024,Membership 0002959 Dime Membership,Current,90.02000000000001,200,0,0,0,0,0,0,5.716270000000001
4497564,Nimble,Connecticut,Zen Leaf Norwich,7/6/2024,Membership 0002983 Quarter Membership,Current,199,0,0,0,0,0,0,211.44,12.44
543413,Nimble,Maryland,Zen Leaf Germantown,7/6/2024,Membership 0002973 Quarter Membership,Current,199,0,0,0,0,0,0,211.44,12.44
5548663,Nimble,Connecticut,Zen Leaf Newington,7/6/2024,Membership 0002971 Quarter Membership,Current,199,0,0,0,0,0,0,211.44,12.44
5548670,Nimble,Maryland,Zen Leaf Germantown,7/6/2024,Membership 0002972 Quarter Membership,Current,199,0,0,0,0,0,0,211.44,12.44
4268312,Nimble,Michigan,Zen Leaf Buchanan,7/6/2024,Membership 0002970 Quarter Membership,Current,199,0,0,0,0,0,0,211.44,12.44
4374055,Nimble,Maryland,Zen Leaf Pasadena,7/6/2024,Membership 0002969 Quarter Membership,Current,199,0,0,0,0,0,0,211.44,12.44
5548276,Nimble,Connecticut,Zen Leaf Naugatuck,7/6/2024,Membership 0002966 Quarter Membership,Current,199,0,0,0,0,0,0,211.44,12.44
4731912,Nimble,Maryland,Zen Leaf Towson,7/6/2024,Membership 0002980 Dime Membership,Current,134,0,0,0,0,0,0,142.38,8.38
1867751,Nimble,Connecticut,Zen Leaf Meriden,7/6/2024,Membership 0002986 Quarter Membership,Current,199,0,0,0,0,0,0,211.44,12.44
521008,Nimble,Maryland,Zen Leaf Elkridge,7/6/2024,Membership 0002965 Quarter Membership,Current,199,0,0,0,0,0,0,211.44,12.44
4870876,Nimble,Connecticut,Zen Leaf Meriden,7/6/2024,Membership 0002956 Quarter Membership,Current,199,0,0,0,0,0,0,211.44,12.44
2135442,Nimble,Connecticut,Zen Leaf Naugatuck,7/6/2024,Membership 0002981 Quarter Membership,Current,199,0,0,0,0,0,0,211.44,12.44
1868344,Nimble,Connecticut,Zen Leaf Meriden,7/6/2024,Membership 0002982 Quarter Membership,Current,199,0,0,0,0,0,0,211.44,12.44
5547484,Nimble,Maryland,Zen Leaf Towson,7/6/2024,Membership 0002955 Quarter Membership,Current,199,0,0,0,0,0,0,211.44,12.44
5547434,Nimble,Maryland,Zen Leaf Towson,7/6/2024,Membership 0002954 Quarter Membership,Current,199,0,0,0,0,0,0,211.44,12.44
4016160,Nimble,Connecticut,Zen Leaf Meriden,7/6/2024,Membership 0002953 Quarter Membership,Current,199,0,0,0,0,0,0,211.44,12.44
5549462,Nimble,Maryland,Zen Leaf Towson,7/6/2024,Membership 0002984 Dime Membership,Current,134,0,0,0,0,0,0,142.38,8.38
5547544,Nimble,Maryland,Zen Leaf Pasadena,7/6/2024,Membership 0002957 Dime Membership,Current,134,0,0,0,0,0,0,142.38,8.38
3046870,Nimble,Connecticut,Zen Leaf Waterbury,7/6/2024,Membership 0002990 Dime Membership,Current,134,0,0,0,0,0,0,142.38,8.38
4367124,Nimble,Connecticut,Zen Leaf Norwich,7/6/2024,Membership 0002977 Quarter Membership,Current,199,0,0,0,0,0,0,211.44,12.44
4370001,Dutchie,Maryland,Dutchie Elkridge,7/6/2024,Membership 0003070 Quarter Membership,Current,185.46,0,0,0,295,0,0,0,11.1276
5550765,Nimble,Connecticut,Zen Leaf Naugatuck,7/6/2024,Membership 0002993 Quarter Membership,Current,199,0,0,0,0,0,0,211.44,12.44
3872244,Nimble,Maryland,Zen Leaf Elkridge,7/6/2024,Membership 0002994 Quarter Membership,Current,199,0,0,0,0,0,0,211.44,12.44
4314441,Dutchie,Maryland,Dutchie Pasadena,7/6/2024,Membership 0004220 Quarter Membership,Current,199,220,0,0,0,0,0,0,11.94
4846094,Dutchie,Connecticut,Dutchie Newington,7/6/2024,Membership 0002998 Quarter Membership,Current,194.22,220,0,0,0,0,0,0,12.33297
2138524,Dutchie,Connecticut,Dutchie Waterbury,7/6/2024,Membership 0004395 Quarter Membership,Current,159.89,220.25,0,0,0,0,0,0,10.153015
4319956,Dutchie,Connecticut,Dutchie Willow Brook,7/6/2024,Membership 0002960 Quarter Membership,Current,154.39,0,252,0,0,0,0,0,9.803764999999999
1864727,Dutchie,Connecticut,Dutchie Willow Brook,7/6/2024,Membership 0002967 Quarter Membership,Current,199,0,0,0,330,0,0,0,12.6365
2847750,Nimble,Maryland,Zen Leaf Pasadena,7/6/2024,Membership 0002992 Dime Membership,Current,134,0,0,0,0,0,0,142.38,8.38
4271707,Nimble,Connecticut,Zen Leaf Meriden,7/6/2024,Membership 0002991 Quarter Membership,Current,199,0,0,0,0,0,0,211.44,12.44
4380477,Nimble,Maryland,Zen Leaf Towson,7/6/2024,Membership 0002975 Quarter Membership,Current,199,0,0,0,0,0,0,211.44,12.44
4049689,Dutchie,Illinois,Dutchie Naperville,7/6/2024,Membership 0002988 Quarter Membership,Current,249,100,0,0,170,0,0,0,0.25522500000000004
4887633,Nimble,Connecticut,Zen Leaf Meriden,7/6/2024,Membership 0002974 Quarter Membership,Current,199,0,0,0,0,0,0,211.44,12.44
5547477,Dutchie,Maryland,Dutchie Towson,7/6/2024,Membership 0002958 Quarter Membership,Current,199,220,0,0,0,0,0,0,11.94
5506676,Nimble,Connecticut,Zen Leaf Naugatuck,7/7/2024,Membership 0003015 Quarter Membership,Current,199,0,0,0,0,0,0,211.44,12.44
5551432,Nimble,Maryland,Zen Leaf Germantown,7/7/2024,Membership 0003010 Quarter Membership,Current,199,0,0,0,0,0,0,211.44,12.44
2847738,Dutchie,Maryland,Dutchie Pasadena,7/7/2024,Membership 0003020 Quarter Membership,Current,199,220,0,0,0,0,0,0,11.94
4248031,Nimble,Maryland,Zen Leaf Pasadena,7/7/2024,Membership 0003009 Quarter Membership,Current,199,0,0,0,0,0,0,211.44,12.44
2941426,Nimble,Maryland,Zen Leaf Elkridge,7/7/2024,Membership 0003002 Dime Membership,Current,134,0,0,0,0,0,0,142.38,8.38
5549003,Dutchie,Maryland,Dutchie Pasadena,7/7/2024,Membership 0003025 Dime Membership,Current,134,0,142,0,0,0,0,0,8.04
5551196,Nimble,Maryland,Zen Leaf Towson,7/7/2024,Membership 0003007 Quarter Membership,Current,199,0,0,0,0,0,0,211.44,12.44
542657,Dutchie,Maryland,Dutchie Germantown,7/7/2024,Membership 0003003 Quarter Membership,Current,199,220,0,0,0,0,0,0,11.94
2842502,Nimble,Maryland,Zen Leaf Pasadena,7/7/2024,Membership 0003004 Dime Membership,Current,134,0,0,0,0,0,0,142.38,8.38
5551191,Nimble,Maryland,Zen Leaf Pasadena,7/7/2024,Membership 0003006 Quarter Membership,Current,199,0,0,0,0,0,0,211.44,12.44
3524267,Nimble,Connecticut,Zen Leaf Meriden,7/7/2024,Membership 0003011 Dime Membership,Current,134,0,0,0,0,0,0,142.38,8.38
1867573,Nimble,Connecticut,Zen Leaf Meriden,7/7/2024,Membership 0002995 Dime Membership,Current,134,0,0,0,0,0,0,142.38,8.38
490582,Nimble,Maryland,Zen Leaf Pasadena,7/7/2024,Membership 0003005 Quarter Membership,Current,199,0,0,0,0,0,0,211.44,12.44
540271,Dutchie,Maryland,Dutchie Germantown,7/7/2024,Membership 0003019 Quarter Membership,Current,199,0,0,0,215,0,0,0,11.94
5553522,Nimble,Maryland,Zen Leaf Pasadena,7/7/2024,Membership 0003048 Quarter Membership,Current,199,0,0,0,0,0,0,211.44,12.44
1867666,Nimble,Connecticut,Zen Leaf Meriden,7/7/2024,Membership 0003014 Quarter Membership,Current,199,0,0,0,0,0,0,211.44,12.44
4531784,Nimble,Connecticut,Zen Leaf Norwich,7/7/2024,Membership 0003013 Quarter Membership,Current,199,0,0,0,0,0,0,211.44,12.44
2453292,Nimble,Maryland,Zen Leaf Elkridge,7/7/2024,Membership 0003051 Dime Membership,Current,134,0,0,0,0,0,0,142.38,8.38
4658517,Nimble,Connecticut,Zen Leaf Naugatuck,7/7/2024,Membership 0003052 Quarter Membership,Current,199,0,0,0,0,0,0,211.44,12.44
3711983,Nimble,Connecticut,Zen Leaf Meriden,7/7/2024,Membership 0003053 Quarter Membership,Current,199,0,0,0,0,0,0,211.44,12.44
5553529,Nimble,Maryland,Zen Leaf Towson,7/7/2024,Membership 0003050 Quarter Membership,Current,199,0,0,0,0,0,0,211.44,12.44
4682346,Nimble,Connecticut,Zen Leaf Norwich,7/7/2024,Membership 0003054 Quarter Membership,Current,199,0,0,0,0,0,0,211.44,12.44
4269929,Nimble,Maryland,Zen Leaf Pasadena,7/7/2024,Membership 0003044 Quarter Membership,Current,199,0,0,0,0,0,0,211.44,12.44
4624607,Nimble,Maryland,Zen Leaf Towson,7/7/2024,Membership 0003038 Quarter Membership,Current,199,0,0,0,0,0,0,211.44,12.44
927011,Dutchie,Michigan,Dutchie Buchanan MI Rec,7/7/2024,Membership 0003337 Quarter Membership,Current,199,211,0,0,0,0,0,0,0
4354889,Nimble,Connecticut,Zen Leaf Naugatuck,7/7/2024,Membership 0003012 Quarter Membership,Current,199,0,0,0,0,0,0,211.44,12.44
4280644,Nimble,Maryland,Zen Leaf Elkridge,7/7/2024,Membership 0003034 Quarter Membership,Current,199,0,0,0,0,0,0,211.44,12.44
2136996,Nimble,Connecticut,Zen Leaf Naugatuck,7/7/2024,Membership 0003031 Quarter Membership,Current,199,0,0,0,0,0,0,211.44,12.44
5552246,Nimble,Maryland,Zen Leaf Pasadena,7/7/2024,Membership 0003030 Quarter Membership,Current,199,0,0,0,0,0,0,211.44,12.44
4489919,Nimble,Maryland,Zen Leaf Pasadena,7/7/2024,Membership 0003023 Quarter Membership,Current,199,0,0,0,0,0,0,211.44,12.44
5329201,Nimble,Connecticut,Zen Leaf Naugatuck,7/7/2024,Membership 0003022 Quarter Membership,Current,199,0,0,0,0,0,0,211.44,12.44
1371712,Nimble,Michigan,Zen Leaf Buchanan,7/7/2024,Membership 0003021 Dime Membership,Current,134,0,0,0,0,0,0,142.38,8.38
5388284,Nimble,Connecticut,Zen Leaf Naugatuck,7/7/2024,Membership 0003017 Quarter Membership,Current,199,0,0,0,0,0,0,211.44,12.44
5551834,Nimble,Connecticut,Zen Leaf Norwich,7/7/2024,Membership 0003016 Quarter Membership,Current,199,0,0,0,0,0,0,211.44,12.44
5553534,Nimble,Maryland,Zen Leaf Pasadena,7/7/2024,Membership 0003049 Quarter Membership,Current,199,0,0,0,0,0,0,211.44,12.44
4953009,Nimble,Connecticut,Zen Leaf Norwich,7/7/2024,Membership 0003047 Quarter Membership,Current,199,0,0,0,0,0,0,211.44,12.44
5550970,Nimble,Maryland,Zen Leaf Towson,7/7/2024,Membership 0003000 Dime Membership,Current,134,0,0,0,0,0,0,142.38,8.38
4255601,Dutchie,Maryland,Dutchie Towson,7/7/2024,Membership 0003041 Quarter Membership,Current,199,211,0,0,0,0,0,0,11.94
4688933,Dutchie,Connecticut,Dutchie Newington,7/7/2024,Membership 0003018 Quarter Membership,Current,199,220,0,0,0,0,0,0,12.6365
4400530,Nimble,Maryland,Zen Leaf Towson,7/7/2024,Membership 0003046 Quarter Membership,Current,199,0,0,0,0,0,0,211.44,12.44
4560808,Dutchie,Connecticut,Dutchie Norwich,7/7/2024,Membership 0003008 Dime Membership,Current,94.75999999999999,160.5,0,0,0,0,0,0,6.017259999999999
5249943,Nimble,Connecticut,Zen Leaf Newington,7/7/2024,Membership 0003036 Dime Membership,Current,134,0,0,0,0,0,0,142.38,8.38
3343049,Nimble,Connecticut,Zen Leaf Meriden,7/7/2024,Membership 0002996 Quarter Membership,Current,199,0,0,0,0,0,0,211.44,12.44
5372873,Dutchie,Connecticut,Dutchie Naugatuck,7/7/2024,Membership 0003039 Quarter Membership,Current,194.15,0,361.5,0,0,0,0,0,12.328525
517663,Dutchie,Maryland,Dutchie Towson,7/7/2024,Membership 0003028 Dime Membership,Current,134,0,0,0,145,0,0,0,8.04
4272934,Dutchie,Maryland,Dutchie Towson,7/7/2024,Membership 0003033 Quarter Membership,Current,199,0,0,0,215,0,0,0,11.94
5550995,Nimble,Maryland,Zen Leaf Pasadena,7/7/2024,Membership 0003001 Quarter Membership,Current,199,0,0,0,0,0,0,211.44,12.44
4409713,Dutchie,Maryland,Dutchie Elkridge,7/8/2024,Membership 0003078 Dime Membership,Current,118.71000000000001,0,242,0,0,0,0,0,7.1226
4276705,Nimble,Connecticut,Zen Leaf Norwich,7/8/2024,Membership 0003064 Quarter Membership,Current,249,0,0,0,0,0,0,264.56,15.56
1865801,Nimble,Connecticut,Zen Leaf Meriden,7/8/2024,Membership 0003061 Quarter Membership,Current,249,0,0,0,0,0,0,264.56,15.56
5553970,Nimble,Maryland,Zen Leaf Towson,7/8/2024,Membership 0003060 Dime Membership,Current,149,0,0,0,0,0,0,158.31,9.31
2141054,Nimble,Connecticut,Zen Leaf Meriden,7/8/2024,Membership 0003058 Dime Membership,Current,134,0,0,0,0,0,0,142.38,8.38
5076279,Nimble,Connecticut,Zen Leaf Waterbury,7/8/2024,Membership 0003065 Dime Membership,Current,149,0,0,0,0,0,0,158.31,9.31
1427934,Nimble,Illinois,Zen Leaf Pilsen,7/8/2024,Membership 0003062 Quarter Membership,Current,249,0,0,0,0,0,0,274.52,25.52
1867169,Nimble,Connecticut,Zen Leaf Meriden,7/8/2024,Membership 0003057 Dime Membership,Current,134,0,0,0,0,0,0,142.38,8.38
1866338,Nimble,Connecticut,Zen Leaf Meriden,7/8/2024,Membership 0003056 Quarter Membership,Current,199,0,0,0,0,0,0,211.44,12.44
4364510,Nimble,Connecticut,Zen Leaf Norwich,7/8/2024,Membership 0003055 Dime Membership,Current,134,0,0,0,0,0,0,142.38,8.38
832611,Dutchie,Illinois,Dutchie Highland Park,7/8/2024,Membership 0003076 Quarter Membership,Current,249,0,0,0,440,0,0,0,0.25522500000000004
1866681,Nimble,Connecticut,Zen Leaf Meriden,7/8/2024,Membership 0003066 Quarter Membership,Current,199,0,0,0,0,0,0,211.44,12.44
4624742,Dutchie,Maryland,Dutchie Towson,7/8/2024,Membership 0003229 Dime Membership,Current,149,0,0,0,160,0,0,0,8.94
2853473,Dutchie,Maryland,Dutchie Pasadena,7/8/2024,Membership 0003195 Quarter Membership,Current,224.1,250,0,0,0,0,0,0,13.446
2137006,Nimble,Connecticut,Zen Leaf Waterbury,7/8/2024,Membership 0003069 Quarter Membership,Current,249,0,0,0,0,0,0,264.56,15.56
4291712,Nimble,Connecticut,Zen Leaf Norwich,7/8/2024,Membership 0003059 Quarter Membership,Current,249,0,0,0,0,0,0,264.56,15.56
5554423,Nimble,Connecticut,Zen Leaf Meriden,7/8/2024,Membership 0003067 Quarter Membership,Current,249,0,0,0,0,0,0,264.56,15.56
2134783,Nimble,Connecticut,Zen Leaf Waterbury,7/8/2024,Membership 0003071 Quarter Membership,Current,249,0,0,0,0,0,0,264.56,15.56
3854749,Dutchie,Connecticut,Dutchie Newington,7/8/2024,Membership 0004734 Quarter Membership,Current,199.2,220,0,0,0,0,0,0,12.649199999999999
5005336,Dutchie,Connecticut,Dutchie Norwich,7/8/2024,Membership 0003068 Quarter Membership,Current,162.89,350,0,0,0,0,0,0,10.343515
3829440,Nimble,Connecticut,Zen Leaf Waterbury,7/8/2024,Membership 0003072 Dime Membership,Current,149,0,0,0,0,0,0,158.31,9.31
5402949,Nimble,Connecticut,Zen Leaf Naugatuck,7/8/2024,Membership 0003063 Quarter Membership,Current,249,0,0,0,0,0,0,264.56,15.56
5280953,Nimble,Connecticut,Zen Leaf Naugatuck,7/8/2024,Membership 0003073 Dime Membership,Current,149,0,0,0,0,0,0,158.31,9.31
4035467,Nimble,Connecticut,Zen Leaf Naugatuck,7/8/2024,Membership 0003074 Quarter Membership,Current,249,0,0,0,0,0,0,264.56,15.56
2850374,Dutchie,Maryland,Dutchie Pasadena,7/9/2024,Membership 0003086 Quarter Membership,Current,249,0,0,0,265,0,0,0,14.94
5532115,Dutchie,Maryland,Dutchie Towson,7/9/2024,Membership 0003092 Quarter Membership,Current,249,300,0,0,0,0,0,0,14.94
515410,Dutchie,Maryland,Dutchie Towson,7/9/2024,Membership 0003082 Dime Membership,Current,149,0,0,0,160,0,0,0,8.94
2541031,Dutchie,Michigan,Dutchie Buchanan MI Rec,7/9/2024,Membership 0003091 Quarter Membership,Current,199.37,310,0,0,0,0,0,0,0
5558971,Nimble,Illinois,Zen Leaf Prospect Heights,7/9/2024,Membership 0003096 Quarter Membership,Current,249,0,0,0,0,0,0,274.52,25.52
1818627,Nimble,New Jersey,Zen Leaf Neptune,7/9/2024,Membership 0003095 Dime Membership,Current,149,0,0,0,0,0,0,158.31,9.31
5556422,Nimble,Maryland,Zen Leaf Pasadena,7/9/2024,Membership 0003079 Quarter Membership,Current,199,0,0,0,0,0,0,211.44,12.44
5557434,Nimble,Maryland,Zen Leaf Germantown,7/9/2024,Membership 0003085 Quarter Membership,Current,249,0,0,0,0,0,0,264.56,15.56
5557195,Nimble,Maryland,Zen Leaf Germantown,7/9/2024,Membership 0003081 Dime Membership,Current,149,0,0,0,0,0,0,158.31,9.31
527800,Nimble,Maryland,Zen Leaf Germantown,7/9/2024,Membership 0003080 Quarter Membership,Current,249,0,0,0,0,0,0,264.56,15.56
1864865,Dutchie,Connecticut,Dutchie Willow Brook,7/9/2024,Membership 0003088 Dime Membership,Current,149,160,0,0,0,0,0,0,9.461500000000001
5561922,Nimble,Maryland,Zen Leaf Pasadena,7/10/2024,Membership 0003107 Dime Membership,Current,149,0,0,0,0,0,0,158.31,9.31
5560925,Nimble,Maryland,Zen Leaf Pasadena,7/10/2024,Membership 0003103 Dime Membership,Current,149,0,0,0,0,0,0,158.31,9.31
588049,Dutchie,Maryland,Dutchie Germantown,7/10/2024,Membership 0003104 Dime Membership,Current,149,0,0,0,160,0,0,0,8.94
555288,Dutchie,Maryland,Dutchie Pasadena,7/10/2024,Membership 0003663 Quarter Membership,Current,249,270,0,0,0,0,0,0,14.94
5031101,Nimble,Illinois,Zen Leaf Aurora,7/10/2024,Membership 0003101 Quarter Membership,Current,249,0,0,0,0,0,0,274.52,25.52
720987,Dutchie,Maryland,Dutchie Towson,7/10/2024,Membership 0003102 Dime Membership,Current,149,0,0,0,160,0,0,0,8.94
1015458,Dutchie,Illinois,Dutchie Prospect Heights,7/10/2024,Membership 0004299 Dime Membership,Current,149,0,163,0,0,0,0,0,0.152725
535437,Nimble,Maryland,Zen Leaf Germantown,7/10/2024,Membership 0003100 Quarter Membership,Current,249,0,0,0,0,0,0,264.56,15.56
4327388,Nimble,Connecticut,Zen Leaf Norwich,7/10/2024,Membership 0003097 Quarter Membership,Current,249,0,0,0,0,0,0,264.56,15.56
1934254,Nimble,New Jersey,Zen Leaf Neptune,7/10/2024,Membership 0003099 Quarter Membership,Current,249,0,0,0,0,0,0,264.56,15.56
1908583,Dutchie,New Jersey,Dutchie Lawrence Rec,7/11/2024,Membership 0003108 Dime Membership,Current,149,500,0,0,0,0,0,0,9.87125
533615,Dutchie,Maryland,Dutchie Pasadena,7/11/2024,Membership 0003114 Dime Membership,Current,134.1,160,0,0,0,0,0,0,8.046
792017,Dutchie,Illinois,Dutchie Naperville,7/11/2024,Membership 0003272 Quarter Membership,Current,249,0,401.5,0,0,0,0,0,0.25522500000000004
873642,Nimble,Illinois,Zen Leaf Naperville,7/11/2024,Membership 0003124 Dime Membership,Current,149,0,0,0,0,0,0,164.27,15.27
3824677,Dutchie,Michigan,Dutchie Buchanan MI Rec,7/11/2024,Membership 0003115 Quarter Membership,Current,249,280,0,0,0,0,0,0,0
1910461,Nimble,Connecticut,Zen Leaf Meriden,7/11/2024,Membership 0003113 Dime Membership,Current,149,0,0,0,0,0,0,158.31,9.31
1903477,Nimble,Connecticut,Zen Leaf Meriden,7/11/2024,Membership 0003122 Quarter Membership,Current,249,0,0,0,0,0,0,264.56,15.56
2137503,Nimble,Connecticut,Zen Leaf Waterbury,7/11/2024,Membership 0003111 Quarter Membership,Current,249,0,0,0,0,0,0,264.56,15.56
2162756,Dutchie,Illinois,Dutchie Prospect Heights,7/11/2024,Membership 0003527 Quarter Membership,Current,249,0,0,0,280,0,0,0,0.25522500000000004
4841261,Nimble,Michigan,Zen Leaf Buchanan,7/11/2024,Membership 0003112 Dime Membership,Current,149,0,0,0,0,0,0,164.27,15.27
5386911,Nimble,Connecticut,Zen Leaf Naugatuck,7/11/2024,Membership 0003121 Quarter Membership,Current,249,0,0,0,0,0,0,264.56,15.56
822685,Nimble,Michigan,Zen Leaf Buchanan,7/11/2024,Membership 0003120 Quarter Membership,Current,249,0,0,0,0,0,0,264.56,15.56
3770357,Nimble,Illinois,Zen Leaf Pilsen,7/11/2024,Membership 0003110 Quarter Membership,Current,249,0,0,0,0,0,0,274.52,25.52
5562094,Nimble,New Jersey,Zen Leaf Neptune,7/11/2024,Membership 0003109 Dime Membership,Current,149,0,0,0,0,0,0,158.31,9.31
3912423,Dutchie,Connecticut,Dutchie Willow Brook,7/11/2024,Membership 0003116 Quarter Membership,Current,224.1,250,0,0,0,0,0,0,14.23035
946098,Nimble,Illinois,Zen Leaf Lombard,7/12/2024,Membership 0003131 Dime Membership,Current,149,0,0,0,0,0,0,164.27,15.27
5567280,Nimble,Connecticut,Zen Leaf Meriden,7/12/2024,Membership 0003130 Quarter Membership,Current,249,0,0,0,0,0,0,264.56,15.56
4273624,Dutchie,Illinois,Dutchie Naperville,7/12/2024,Membership 0004201 Quarter Membership,Current,249,0,0,0,290,0,0,0,0.25522500000000004
5568041,Nimble,Connecticut,Zen Leaf Meriden,7/12/2024,Membership 0003132 Quarter Membership,Current,249,0,0,0,0,0,0,264.56,15.56
4082477,Dutchie,Illinois,Dutchie Prospect Heights,7/12/2024,Membership 0004279 Dime Membership,Current,149,601,0,0,0,0,0,0,0.152725
1838119,Dutchie,Michigan,Dutchie Buchanan MI Rec,7/12/2024,Membership 0003284 Quarter Membership,Current,239.69,720,0,0,0,0,0,0,0
5565940,Nimble,Illinois,Zen Leaf Lombard,7/12/2024,Membership 0003127 Dime Membership,Current,149,0,0,0,0,0,0,164.27,15.27
1305632,Nimble,Illinois,Zen Leaf Lombard,7/12/2024,Membership 0003133 Quarter Membership,Current,249,0,0,0,0,0,0,274.52,25.52
4790581,Nimble,Maryland,Zen Leaf Elkridge,7/12/2024,Membership 0003125 Dime Membership,Current,149,0,0,0,0,0,0,158.31,9.31
5565633,Nimble,Maryland,Zen Leaf Elkridge,7/12/2024,Membership 0003126 Dime Membership,Current,149,0,0,0,0,0,0,158.31,9.31
4482251,Dutchie,Connecticut,Dutchie Newington,7/12/2024,Membership 0003496 Quarter Membership,Current,219,250,0,0,0,0,0,0,13.9065
4965428,Dutchie,New Jersey,Dutchie Neptune Rec,7/12/2024,Membership 0003128 Dime Membership,Current,149,180,0,0,0,0,0,0,9.87125
3159320,Dutchie,New Jersey,Dutchie Neptune Rec,7/13/2024,Membership 0003139 Quarter Membership,Current,249,0,0,0,270,0,0,0,16.49625
4463908,Dutchie,Maryland,Dutchie Pasadena,7/13/2024,Membership 0003137 Dime Membership,Current,149,0,0,0,160,0,0,0,8.94
744806,Nimble,Illinois,Zen Leaf St. Charles,7/13/2024,Membership 0003134 Dime Membership,Current,149,0,0,0,0,0,0,164.27,15.27
1124382,Nimble,New Jersey,Zen Leaf Lawrence,7/13/2024,Membership 0003135 Dime Membership,Current,149,0,0,0,0,0,0,158.31,9.31
4237663,Nimble,New Jersey,Zen Leaf Elizabeth,7/13/2024,Membership 0003136 Dime Membership,Current,149,0,0,0,0,0,0,158.31,9.31
2251721,Dutchie,Illinois,Dutchie Prospect Heights,7/13/2024,Membership 0003140 Dime Membership,Current,149,163,0,0,0,0,0,0,0.152725
3446622,Nimble,Maryland,Zen Leaf Elkridge,7/14/2024,Membership 0003145 Quarter Membership,Current,249,0,0,0,0,0,0,264.56,15.56
4707241,Nimble,New Jersey,Zen Leaf Neptune,7/14/2024,Membership 0003147 Quarter Membership,Current,249,0,0,0,0,0,0,264.56,15.56
1427172,Nimble,Illinois,Zen Leaf Pilsen,7/14/2024,Membership 0003146 Quarter Membership,Current,249,0,0,0,0,0,0,274.52,25.52
798223,Dutchie,Maryland,Dutchie Elkridge,7/14/2024,Membership 0003144 Quarter Membership,Current,249,263.75,0,0,0,0,0,0,14.94
5259670,Dutchie,Illinois,Dutchie Highland Park,7/14/2024,Membership 0003142 Quarter Membership,Current,249,0,0,0,270,0,0,0,0.25522500000000004
5575753,Nimble,Connecticut,Zen Leaf Naugatuck,7/15/2024,Membership 0003152 Quarter Membership,Current,249,0,0,0,0,0,0,264.56,15.56
2134278,Nimble,Connecticut,Zen Leaf Waterbury,7/15/2024,Membership 0003155 Quarter Membership,Current,249,0,0,0,0,0,0,264.56,15.56
2152417,Nimble,Illinois,Zen Leaf Prospect Heights,7/15/2024,Membership 0003157 Dime Membership,Current,149,0,0,0,0,0,0,164.27,15.27
4510610,Dutchie,Connecticut,Dutchie Norwich,7/15/2024,Membership 0003158 Dime Membership,Current,149,0,0,0,160,0,0,0,9.461500000000001
2138192,Dutchie,Connecticut,Dutchie Waterbury,7/15/2024,Membership 0003153 Dime Membership,Current,149,0,158.25,0,0,0,0,0,9.461500000000001
1867507,Dutchie,Connecticut,Dutchie Willow Brook,7/15/2024,Membership 0003149 Quarter Membership,Current,119.00999999999999,130,0,0,0,0,0,0,7.557135
811577,Nimble,Michigan,Zen Leaf Buchanan,7/15/2024,Membership 0003159 Quarter Membership,Current,249,0,0,0,0,0,0,264.56,15.56
5575747,Nimble,Connecticut,Zen Leaf Naugatuck,7/15/2024,Membership 0003150 Quarter Membership,Current,249,0,0,0,0,0,0,264.56,15.56
4310645,Dutchie,Illinois,Dutchie West Chicago,7/15/2024,Membership 0003160 Quarter Membership,Current,249,0,513,0,0,0,0,0,0.25522500000000004
5576155,Nimble,New Jersey,Zen Leaf Lawrence,7/15/2024,Membership 0003154 Quarter Membership,Current,249,0,0,0,0,0,0,264.56,15.56
4610438,Dutchie,Maryland,Dutchie Towson,7/16/2024,Membership 0004295 Dime Membership,Current,149,160,0,0,0,0,0,0,8.94
3719961,Dutchie,Connecticut,Dutchie Norwich,7/16/2024,Membership 0003162 Quarter Membership,Current,249,0,0,0,375,0,0,0,15.8115
5580712,Nimble,Connecticut,Zen Leaf Naugatuck,7/16/2024,Membership 0003166 Dime Membership,Current,149,0,0,0,0,0,0,158.31,9.31
4987718,Dutchie,Connecticut,Dutchie Newington,7/16/2024,Membership 0004724 Quarter Membership,Current,184,200,0,0,0,0,0,0,11.684000000000001
2847824,Dutchie,Maryland,Dutchie Pasadena,7/16/2024,Membership 0003163 Quarter Membership,Current,249,0,0,0,265,0,0,0,14.94
4690124,Dutchie,Connecticut,Dutchie Willow Brook,7/17/2024,Membership 0004309 Quarter Membership,Current,210.86,260,0,0,175,0,0,0,13.389610000000001
2167932,Nimble,Connecticut,Zen Leaf Meriden,7/17/2024,Membership 0003170 Dime Membership,Current,149,0,0,0,0,0,0,158.31,9.31
1563960,Nimble,Illinois,Zen Leaf Pilsen,7/17/2024,Membership 0003171 Quarter Membership,Current,249,0,0,0,0,0,0,274.52,25.52
5581424,Nimble,Maryland,Zen Leaf Elkridge,7/17/2024,Membership 0003169 Quarter Membership,Current,249,0,0,0,0,0,0,264.56,15.56
4304747,Nimble,Maryland,Zen Leaf Pasadena,7/18/2024,Membership 0003180 Quarter Membership,Current,249,0,0,0,0,0,0,264.56,15.56
5583821,Nimble,Maryland,Zen Leaf Elkridge,7/18/2024,Membership 0003176 Dime Membership,Current,149,0,0,0,0,0,0,158.31,9.31
674397,Dutchie,Maryland,Dutchie Germantown,7/18/2024,Membership 0004207 Dime Membership,Current,149,0,0,0,160,0,0,0,8.94
1987274,Nimble,New Jersey,Zen Leaf Neptune,7/18/2024,Membership 0003172 Quarter Membership,Current,249,0,0,0,0,0,0,264.56,15.56
1391305,Dutchie,Michigan,Dutchie Buchanan MI Rec,7/18/2024,Membership 0003177 Dime Membership,Current,149,456,0,0,0,0,0,0,0
2145830,Dutchie,Illinois,Dutchie Naperville,7/18/2024,Membership 0003179 Quarter Membership,Current,249,0,0,0,370,0,0,0,0.25522500000000004
1645739,Nimble,Illinois,Zen Leaf St. Charles,7/19/2024,Membership 0003186 Dime Membership,Current,149,0,0,0,0,0,0,164.27,15.27
1816478,Nimble,New Jersey,Zen Leaf Neptune,7/19/2024,Membership 0003183 Quarter Membership,Current,249,0,0,0,0,0,0,264.56,15.56
5396430,Dutchie,Illinois,Dutchie Prospect Heights,7/19/2024,Membership 0003192 Dime Membership,Current,149,0,0,0,170,0,0,0,0.152725
4636682,Dutchie,Maryland,Dutchie Pasadena,7/19/2024,Membership 0003185 Dime Membership,Current,149,0,0,0,160,0,0,0,8.94
2226663,Dutchie,Illinois,Dutchie Aurora,7/20/2024,Membership 0003197 Quarter Membership,Current,249,320,0,0,0,0,0,0,0.25522500000000004
493707,Nimble,Illinois,Zen Leaf St. Charles,7/20/2024,Membership 0003196 Quarter Membership,Current,249,0,0,0,0,0,0,274.52,25.52
1647398,Nimble,New Jersey,Zen Leaf Elizabeth,7/20/2024,Membership 0003189 Quarter Membership,Current,249,0,0,0,0,0,0,264.56,15.56
734080,Dutchie,Illinois,Dutchie Naperville,7/20/2024,Membership 0004694 Dime Membership,Current,149,300,0,0,0,0,0,0,0.152725
2575209,Nimble,New Jersey,Zen Leaf Lawrence,7/21/2024,Membership 0003198 Quarter Membership,Current,249,0,0,0,0,0,0,264.56,15.56
5595471,Nimble,Connecticut,Zen Leaf Naugatuck,7/21/2024,Membership 0003200 Quarter Membership,Current,249,0,0,0,0,0,0,264.56,15.56
4701060,Nimble,Illinois,Zen Leaf Lombard,7/21/2024,Membership 0003199 Quarter Membership,Current,249,0,0,0,0,0,0,274.52,25.52
5432967,Dutchie,New Jersey,Dutchie Neptune Rec,7/22/2024,Membership 0003205 Quarter Membership,Current,249,300,0,0,0,0,0,0,16.49625
3891705,Dutchie,Illinois,Dutchie Highland Park,7/22/2024,Membership 0003519 Quarter Membership,Current,249,280,0,0,0,0,0,0,0.25522500000000004
2264878,Nimble,Connecticut,Zen Leaf Waterbury,7/22/2024,Membership 0003204 Dime Membership,Current,149,0,0,0,0,0,0,158.31,9.31
4456023,Dutchie,Connecticut,Dutchie Newington,7/22/2024,Membership 0003202 Quarter Membership,Current,249,270,0,0,0,0,0,0,15.8115
2137965,Nimble,Connecticut,Zen Leaf Waterbury,7/22/2024,Membership 0003201 Quarter Membership,Current,249,0,0,0,0,0,0,264.56,15.56
5155199,Dutchie,Maryland,Dutchie Germantown,7/22/2024,Membership 0003407 Quarter Membership,Current,224.1,0,0,0,240,0,0,0,13.446
1940807,Nimble,Connecticut,Zen Leaf Meriden,7/22/2024,Membership 0003206 Dime Membership,Current,149,0,0,0,0,0,0,158.31,9.31
1866896,Nimble,Connecticut,Zen Leaf Meriden,7/22/2024,Membership 0003203 Quarter Membership,Current,249,0,0,0,0,0,0,264.56,15.56
3824846,Dutchie,New Jersey,Dutchie Neptune Rec,7/23/2024,Membership 0003209 Dime Membership,Current,149,0,0,0,185,0,0,0,9.87125
1909714,Nimble,Illinois,Zen Leaf Lombard,7/23/2024,Membership 0003210 Quarter Membership,Current,249,0,0,0,0,0,0,274.52,25.52
5522511,Nimble,Illinois,Zen Leaf Lombard,7/23/2024,Membership 0003213 Dime Membership,Current,149,0,0,0,0,0,0,164.27,15.27
5370069,Dutchie,Connecticut,Dutchie Norwich,7/24/2024,Membership 0003223 Dime Membership,Current,129.68,0,0,0,245,0,0,0,8.23468
5218895,Nimble,Illinois,Zen Leaf Highland Park,7/24/2024,Membership 0003216 Dime Membership,Current,149,0,0,0,0,0,0,164.27,15.27
5538992,Nimble,Illinois,Zen Leaf Lombard,7/24/2024,Membership 0003221 Quarter Membership,Current,249,0,0,0,0,0,0,264.56,15.56
4312477,Nimble,New Jersey,Zen Leaf Lawrence,7/24/2024,Membership 0003220 Dime Membership,Current,149,0,0,0,0,0,0,158.31,9.31
5512163,Nimble,Michigan,Zen Leaf Buchanan,7/24/2024,Membership 0003218 Quarter Membership,Current,249,0,0,0,0,0,0,264.56,15.56
2133965,Nimble,Connecticut,Zen Leaf Waterbury,7/24/2024,Membership 0003217 Quarter Membership,Current,249,0,0,0,0,0,0,264.56,15.56
972505,Nimble,Illinois,Zen Leaf Naperville,7/24/2024,Membership 0003215 Dime Membership,Current,149,0,0,0,0,0,0,164.27,15.27
2184543,Dutchie,Illinois,Dutchie Aurora,7/24/2024,Membership 0003219 Dime Membership,Current,144.19,170,0,0,0,0,0,0,0.14779475
1083661,Nimble,Illinois,Zen Leaf Pilsen,7/24/2024,Membership 0003214 Quarter Membership,Current,249,0,0,0,0,0,0,274.52,25.52
5218895,Dutchie,Illinois,Dutchie Highland Park,7/24/2024,Membership 0003216 Dime Membership,Current,149,0,269.75,0,0,0,0,0,0.152725
1955403,Dutchie,Illinois,Dutchie Prospect Heights,7/24/2024,Membership 0003226 Quarter Membership,Current,249,0,0,0,280,0,0,0,0.25522500000000004
5606545,Dutchie,New Jersey,Dutchie Neptune Rec,7/25/2024,Membership 0004456 Quarter Membership,Current,244.02,100,0,0,180,0,0,0,16.166325
5144399,Dutchie,Maryland,Dutchie Towson,7/25/2024,Membership 0003222 Quarter Membership,Current,249,280,0,0,0,0,0,0,14.94
4180523,Nimble,Illinois,Zen Leaf Naperville,7/25/2024,Membership 0003228 Quarter Membership,Current,249,0,0,0,0,0,0,274.52,25.52
2849212,Nimble,Maryland,Zen Leaf Pasadena,7/25/2024,Membership 0003230 Quarter Membership,Current,249,0,0,0,0,0,0,264.56,15.56
2185162,Nimble,Connecticut,Zen Leaf Meriden,7/25/2024,Membership 0003231 Dime Membership,Current,149,0,0,0,0,0,0,158.31,9.31
3247748,Dutchie,Illinois,Dutchie Prospect Heights,7/26/2024,Membership 0003245 Dime Membership,Current,149,0,0,0,170,0,0,0,0.152725
3416654,Dutchie,Maryland,Dutchie Elkridge,7/26/2024,Membership 0003237 Quarter Membership,Current,249,0,0,0,380,0,0,0,14.94
4313336,Dutchie,Maryland,Dutchie Germantown,7/26/2024,Membership 0003241 Quarter Membership,Current,249,0,0,0,265,0,0,0,14.94
4333403,Nimble,Maryland,Zen Leaf Pasadena,7/26/2024,Membership 0003246 Quarter Membership,Current,249,0,0,0,0,0,0,264.56,15.56
5400936,Nimble,Connecticut,Zen Leaf Waterbury,7/26/2024,Membership 0003242 Quarter Membership,Current,249,0,0,0,0,0,0,264.56,15.56
5459521,Nimble,Connecticut,Zen Leaf Naugatuck,7/26/2024,Membership 0003236 Quarter Membership,Current,249,0,0,0,0,0,0,264.56,15.56
553268,Nimble,Maryland,Zen Leaf Elkridge,7/26/2024,Membership 0003247 Quarter Membership,Current,249,0,0,0,0,0,0,264.56,15.56
1355540,Nimble,Illinois,Zen Leaf Prospect Heights,7/26/2024,Membership 0003234 Quarter Membership,Current,249,0,0,0,0,0,0,274.52,25.52
5105968,Dutchie,New Jersey,Dutchie Lawrence Rec,7/26/2024,Membership 0004288 Dime Membership,Current,149,0,0,0,285,0,0,0,9.87125
5317345,Nimble,Connecticut,Zen Leaf Newington,7/26/2024,Membership 0003233 Quarter Membership,Current,249,0,0,0,0,0,0,264.56,15.56
5232796,Dutchie,Illinois,Dutchie Lombard,7/26/2024,Membership 0003249 Dime Membership,Current,149,170,0,0,0,0,0,0,0.152725
5295760,Nimble,New Jersey,Zen Leaf Neptune,7/27/2024,Membership 0003251 Quarter Membership,Current,249,0,0,0,0,0,0,264.56,15.56
4700430,Nimble,Connecticut,Zen Leaf Newington,7/27/2024,Membership 0003250 Quarter Membership,Current,249,0,0,0,0,0,0,264.56,15.56
3185711,Dutchie,New Jersey,Dutchie Neptune Rec,7/27/2024,Membership 0003255 Dime Membership,Current,124,0,0,0,145,0,0,0,8.215
887744,Dutchie,Illinois,Dutchie Aurora,7/27/2024,Membership 0003253 Dime Membership,Current,149,0,0,0,300,0,0,0,0.152725
5612170,Nimble,New Jersey,Zen Leaf Neptune,7/27/2024,Membership 0003248 Dime Membership,Current,149,0,0,0,0,0,0,158.31,9.31
2858210,Dutchie,Illinois,Dutchie Prospect Heights,7/28/2024,Membership 0003383 Dime Membership,Current,149,200,0,0,0,0,0,0,0.152725
5616166,Nimble,Maryland,Zen Leaf Germantown,7/28/2024,Membership 0003258 Quarter Membership,Current,249,0,0,0,0,0,0,264.56,15.56
2655530,Dutchie,Illinois,Dutchie Highland Park,7/29/2024,Membership 0003264 Quarter Membership,Current,249,280,0,0,0,0,0,0,0.25522500000000004
3329478,Nimble,Illinois,Zen Leaf Rogers Park,7/29/2024,Membership 0003261 Quarter Membership,Current,249,0,0,0,0,0,0,274.52,25.52
4194263,Dutchie,Maryland,Dutchie Pasadena,7/29/2024,Membership 0003265 Quarter Membership,Current,249,264,0,0,0,0,0,0,14.94
567528,Nimble,Illinois,Zen Leaf St. Charles,7/29/2024,Membership 0003263 Quarter Membership,Current,249,0,0,0,0,0,0,274.52,25.52
3329478,Dutchie,Illinois,Dutchie Rogers Park,7/29/2024,Membership 0003261 Quarter Membership,Current,249,0,581.75,0,0,0,0,0,0.25522500000000004
871597,Dutchie,Illinois,Dutchie Highland Park,7/29/2024,Membership 0003416 Quarter Membership,Current,249,400,0,0,0,0,0,0,0.25522500000000004
5623262,Nimble,Illinois,Zen Leaf West Loop,7/30/2024,Membership 0003279 Quarter Membership,Current,249,0,0,0,0,0,0,274.52,25.52
5086955,Nimble,Connecticut,Zen Leaf Newington,7/30/2024,Membership 0003268 Dime Membership,Current,149,0,0,0,0,0,0,158.31,9.31
5620689,Nimble,Maryland,Zen Leaf Towson,7/30/2024,Membership 0003266 Quarter Membership,Current,249,0,0,0,0,0,0,264.56,15.56
5343371,Nimble,Connecticut,Zen Leaf Newington,7/30/2024,Membership 0003276 Quarter Membership,Current,249,0,0,0,0,0,0,264.56,15.56
5279366,Dutchie,Maryland,Dutchie Germantown,7/30/2024,Membership 0003695 Dime Membership,Current,101.9,0,0,0,270,0,0,0,6.114
5626334,Nimble,Connecticut,Zen Leaf Meriden,7/31/2024,Membership 0003281 Quarter Membership,Current,249,0,0,0,0,0,0,264.56,15.56
545414,Nimble,Maryland,Zen Leaf Elkridge,7/31/2024,Membership 0003310 Quarter Membership,Current,249,0,0,0,0,0,0,264.56,15.56
5626337,Nimble,New Jersey,Zen Leaf Lawrence,7/31/2024,Membership 0003309 Dime Membership,Current,149,0,0,0,0,0,0,158.31,9.31
838926,Dutchie,Illinois,Dutchie Prospect Heights,7/31/2024,Membership 0004255 Quarter Membership,Current,249,300,0,0,0,0,0,0,0.25522500000000004
791623,Dutchie,Illinois,Dutchie Naperville,7/31/2024,Membership 0004389 Quarter Membership,Current,226.89,0,0,0,290,0,0,0,0.23256225
5623653,Dutchie,New Jersey,Dutchie Neptune Rec,7/31/2024,Membership 0003285 Quarter Membership,Current,249,0,0,0,285,0,0,0,16.49625
972875,Dutchie,Illinois,Dutchie Rogers Park,7/31/2024,Membership 0003352 Quarter Membership,Current,233.4,410,0,0,0,0,0,0,0.23923500000000003
1943017,Dutchie,Illinois,Dutchie Prospect Heights,7/31/2024,Membership 0003308 Quarter Membership,Current,249,0,272.5,0,0,0,0,0,0.25522500000000004
1867173,Dutchie,Connecticut,Dutchie Willow Brook,8/1/2024,Membership 0004687 Quarter Membership,Current,249,0,264.75,0,0,0,0,0,15.8115
3068079,Dutchie,New Jersey,Dutchie Neptune Rec,8/1/2024,Membership 0003318 Quarter Membership,Current,249,531.75,0,0,0,0,0,0,16.49625
5629124,Nimble,Connecticut,Zen Leaf Newington,8/1/2024,Membership 0003316 Dime Membership,Current,149,0,0,0,0,0,0,158.31,9.31
2972833,Nimble,New Jersey,Zen Leaf Neptune,8/1/2024,Membership 0003317 Dime Membership,Current,149,0,0,0,0,0,0,158.31,9.31
5253753,Nimble,Maryland,Zen Leaf Pasadena,8/1/2024,Membership 0003314 Quarter Membership,Current,249,0,0,0,0,0,0,264.56,15.56
1686462,Nimble,Maryland,Zen Leaf Germantown,8/1/2024,Membership 0003311 Dime Membership,Current,149,0,0,0,0,0,0,158.31,9.31
899846,Dutchie,Illinois,Dutchie Naperville,8/1/2024,Membership 0003502 Quarter Membership,Current,249,0,0,0,700,0,0,0,0.25522500000000004
5527459,Nimble,Connecticut,Zen Leaf Naugatuck,8/1/2024,Membership 0003315 Dime Membership,Current,149,0,0,0,0,0,0,158.31,9.31
5633321,Dutchie,New Jersey,Dutchie Neptune Rec,8/2/2024,Membership 0003447 Quarter Membership,Current,249,282,0,0,0,0,0,0,16.49625
850981,Dutchie,Illinois,Dutchie Highland Park,8/2/2024,Membership 0002164 Dime Membership,Current,137.3,367,0,0,0,0,0,0,0.1407325
1975739,Dutchie,Illinois,Dutchie Lombard,8/2/2024,Membership 0003326 Dime Membership,Current,149,0,0,0,170,0,0,0,0.152725
3218559,Dutchie,Illinois,Dutchie Prospect Heights,8/2/2024,Membership 0003606 Dime Membership,Current,149,170,0,0,0,0,0,0,0.152725
5631415,Dutchie,Illinois,Dutchie Rogers Park,8/2/2024,Membership 0005046 Dime Membership,Current,149,0,0,0,240,0,0,0,0.152725
853473,Dutchie,Illinois,Dutchie Naperville,8/2/2024,Membership 0003323 Quarter Membership,Current,213.82999999999998,0,0,0,430,0,0,0,0.21917575
2386042,Dutchie,Illinois,Dutchie Lombard,8/2/2024,Membership 0003321 Dime Membership,Current,149,180,0,0,0,0,0,0,0.152725
3328386,Dutchie,Maryland,Dutchie Towson,8/2/2024,Membership 0004296 Dime Membership,Current,149,0,0,0,160,0,0,0,8.94
1817462,Nimble,New Jersey,Zen Leaf Neptune,8/2/2024,Membership 0003327 Dime Membership,Current,149,0,0,0,0,0,0,158.31,9.31
1353746,Nimble,Illinois,Zen Leaf Naperville,8/2/2024,Membership 0003324 Quarter Membership,Current,249,0,0,0,0,0,0,274.52,25.52
4412540,Nimble,Connecticut,Zen Leaf Norwich,8/2/2024,Membership 0003320 Quarter Membership,Current,249,0,0,0,0,0,0,264.56,15.56
3680627,Nimble,New Jersey,Zen Leaf Neptune,8/2/2024,Membership 0003319 Quarter Membership,Current,249,0,0,0,0,0,0,264.56,15.56
5208178,Dutchie,New Jersey,Dutchie Neptune Rec,8/3/2024,Membership 0004289 Quarter Membership,Current,210.87,0,0,0,310,0,0,0,13.970137500000002
4720175,Nimble,Maryland,Zen Leaf Pasadena,8/3/2024,Membership 0003333 Quarter Membership,Current,249,0,0,0,0,0,0,264.56,15.56
5517034,Nimble,Illinois,Zen Leaf St. Charles,8/3/2024,Membership 0002495 Dime Membership,Expired,41.06,0,0,0,0,0,0,164.27,15.27
4768276,Nimble,Connecticut,Zen Leaf Norwich,8/3/2024,Membership 0003330 Quarter Membership,Current,249,0,0,0,0,0,0,264.56,15.56
1865750,Nimble,Connecticut,Zen Leaf Meriden,8/3/2024,Membership 0003328 Quarter Membership,Current,249,0,0,0,0,0,0,264.56,15.56
3462788,Nimble,New Jersey,Zen Leaf Elizabeth,8/4/2024,Membership 0003335 Quarter Membership,Current,249,0,0,0,0,0,0,264.56,15.56
3426458,Nimble,Connecticut,Zen Leaf Meriden,8/4/2024,Membership 0003336 Dime Membership,Current,149,0,0,0,0,0,0,158.31,9.31
3783097,Nimble,New Jersey,Zen Leaf Neptune,8/4/2024,Membership 0003334 Quarter Membership,Current,249,0,0,0,0,0,0,264.56,15.56
4487184,Dutchie,Illinois,Dutchie Aurora,8/5/2024,Membership 0003342 Dime Membership,Current,149,0,0,0,200,0,0,0,0.152725
1652095,Dutchie,Illinois,Dutchie Prospect Heights,8/5/2024,Membership 0003338 Dime Membership,Current,149,163,0,0,0,0,0,0,0.152725
3315820,Dutchie,Michigan,Dutchie Buchanan MI Rec,8/5/2024,Membership 0004235 Quarter Membership,Current,249,470,0,0,0,0,0,0,0
3052594,Dutchie,Connecticut,Dutchie Willow Brook,8/5/2024,Membership 0003341 Quarter Membership,Current,189,201,0,0,0,0,0,0,12.0015
1327242,Dutchie,Illinois,Dutchie West Chicago,8/5/2024,Membership 0003347 Quarter Membership,Current,249,320,0,0,0,0,0,0,0.25522500000000004
4742025,Nimble,Maryland,Zen Leaf Pasadena,8/5/2024,Membership 0003339 Quarter Membership,Current,249,0,0,0,0,0,0,264.56,15.56
3431355,Dutchie,Connecticut,Dutchie Willow Brook,8/5/2024,Membership 0003340 Quarter Membership,Current,249,270,0,0,0,0,0,0,15.8115
1534120,Nimble,Illinois,Zen Leaf Pilsen,8/6/2024,Membership 0003344 Quarter Membership,Current,249,0,0,0,0,0,0,264.56,15.56
4507916,Nimble,Connecticut,Zen Leaf Meriden,8/6/2024,Membership 0003345 Quarter Membership,Current,249,0,0,0,0,0,0,264.56,15.56
5646152,Nimble,Maryland,Zen Leaf Elkridge,8/6/2024,Membership 0003346 Quarter Membership,Current,249,0,0,0,0,0,0,264.56,15.56
2141109,Dutchie,Connecticut,Dutchie Waterbury,8/7/2024,Membership 0003350 Dime Membership,Current,149,200,0,0,0,0,0,0,9.461500000000001
4968529,Dutchie,Illinois,Dutchie Lombard,8/7/2024,Membership 0003382 Quarter Membership,Current,249,0,0,0,270,0,0,0,0.25522500000000004
2851077,Nimble,Maryland,Zen Leaf Pasadena,8/7/2024,Membership 0003348 Quarter Membership,Current,249,0,0,0,0,0,0,264.56,15.56
5171896,Dutchie,Illinois,Dutchie Aurora,8/8/2024,Membership 0003361 Dime Membership,Current,149,0,161.25,0,0,0,0,0,0.152725
1814979,Dutchie,New Jersey,Dutchie Neptune Rec,8/8/2024,Membership 0003349 Dime Membership,Current,149,0,0,0,170,0,0,0,9.87125
3820850,Nimble,New Jersey,Zen Leaf Neptune,8/8/2024,Membership 0003357 Quarter Membership,Current,249,0,0,0,0,0,0,264.56,15.56
5654235,Nimble,Illinois,Zen Leaf St. Charles,8/8/2024,Membership 0003358 Dime Membership,Current,149,0,0,0,0,0,0,164.27,15.27
5654746,Nimble,Maryland,Zen Leaf Elkridge,8/8/2024,Membership 0003359 Dime Membership,Current,149,0,0,0,0,0,0,158.31,9.31
4550528,Nimble,Maryland,Zen Leaf Germantown,8/8/2024,Membership 0003360 Quarter Membership,Current,249,0,0,0,0,0,0,264.56,15.56
4430907,Dutchie,Maryland,Dutchie Towson,8/9/2024,Membership 0003365 Quarter Membership,Current,249,0,0,0,265,0,0,0,14.94
5657034,Nimble,New Jersey,Zen Leaf Neptune,8/9/2024,Membership 0003362 Dime Membership,Current,149,0,0,0,0,0,0,158.31,9.31
1865838,Dutchie,Connecticut,Dutchie Willow Brook,8/9/2024,Membership 0003366 Quarter Membership,Current,249,410,0,0,0,0,0,0,15.8115
1680827,Nimble,Illinois,Zen Leaf Lombard,8/10/2024,Membership 0003372 Dime Membership,Current,149,0,0,0,0,0,0,164.27,15.27
5478699,Dutchie,New Jersey,Dutchie Neptune Rec,8/10/2024,Membership 0003371 Quarter Membership,Current,249,282,0,0,0,0,0,0,16.49625
5536965,Nimble,Connecticut,Zen Leaf Norwich,8/10/2024,Membership 0003368 Dime Membership,Current,149,0,0,0,0,0,0,158.31,9.31
2847742,Dutchie,Maryland,Dutchie Pasadena,8/10/2024,Membership 0003369 Quarter Membership,Current,249,280,0,0,0,0,0,0,14.94
3448321,Nimble,Illinois,Zen Leaf Rogers Park,8/10/2024,Membership 0003373 Dime Membership,Current,149,0,0,0,0,0,0,164.27,15.27
1723931,Dutchie,Illinois,Dutchie Highland Park,8/11/2024,Membership 0003375 Quarter Membership,Current,249,300,0,0,0,0,0,0,0.25522500000000004
1088268,Nimble,Illinois,Zen Leaf West Loop,8/11/2024,Membership 0003376 Quarter Membership,Current,249,0,0,0,0,0,0,274.52,25.52
3078683,Nimble,New Jersey,Zen Leaf Lawrence,8/11/2024,Membership 0003377 Quarter Membership,Current,249,0,0,0,0,0,0,264.56,15.56
1345639,Dutchie,Illinois,Dutchie Rogers Park,8/11/2024,Membership 0003467 Dime Membership,Current,149,280,0,0,0,0,0,0,0.152725
1819510,Nimble,New Jersey,Zen Leaf Neptune,8/12/2024,Membership 0003386 Quarter Membership,Current,249,0,0,0,0,0,0,264.56,15.56
1952067,Nimble,Illinois,Zen Leaf St. Charles,8/13/2024,Membership 0003399 Dime Membership,Current,149,0,0,0,0,0,0,164.27,15.27
3360095,Nimble,New Jersey,Zen Leaf Neptune,8/14/2024,Membership 0003405 Quarter Membership,Current,249,0,0,0,0,0,0,264.56,15.56
1740377,Nimble,Illinois,Zen Leaf St. Charles,8/14/2024,Membership 0003404 Quarter Membership,Current,249,0,0,0,0,0,0,274.52,25.52
2393814,Nimble,New Jersey,Zen Leaf Lawrence,8/14/2024,Membership 0003400 Quarter Membership,Current,249,0,0,0,0,0,0,264.56,15.56
1368204,Nimble,Illinois,Zen Leaf Rogers Park,8/14/2024,Membership 0003403 Quarter Membership,Current,249,0,0,0,0,0,0,274.52,25.52
1334257,Nimble,New Jersey,Zen Leaf Elizabeth,8/14/2024,Membership 0003401 Quarter Membership,Current,249,0,0,0,0,0,0,264.56,15.56
2115932,Nimble,Illinois,Zen Leaf St. Charles,8/14/2024,Membership 0003402 Quarter Membership,Current,249,0,0,0,0,0,0,274.52,25.52
4445141,Nimble,Maryland,Zen Leaf Germantown,8/15/2024,Membership 0003410 Quarter Membership,Current,249,0,0,0,0,0,0,264.56,15.56
5207605,Nimble,Connecticut,Zen Leaf Newington,8/15/2024,Membership 0003409 Dime Membership,Current,149,0,0,0,0,0,0,158.31,9.31
5679710,Nimble,Maryland,Zen Leaf Towson,8/15/2024,Membership 0003408 Dime Membership,Current,149,0,0,0,0,0,0,158.31,9.31
747437,Dutchie,Michigan,Dutchie Buchanan MI Rec,8/15/2024,Membership 0003406 Quarter Membership,Current,249,280,0,0,0,0,0,0,0
5331618,Nimble,New Jersey,Zen Leaf Lawrence,8/16/2024,Membership 0003415 Dime Membership,Current,149,0,0,0,0,0,0,158.31,9.31
1944475,Dutchie,Illinois,Dutchie Highland Park,8/16/2024,Membership 0003424 Dime Membership,Current,149,280,0,0,0,0,0,0,0.152725
1877573,Dutchie,Illinois,Dutchie Rogers Park,8/16/2024,Membership 0004277 Dime Membership,Current,149,0,172,0,0,0,0,0,0.152725
4323446,Dutchie,Illinois,Dutchie Evanston,8/16/2024,Membership 0004711 Dime Membership,Current,149,0,0,0,220,0,0,0,0.152725
526080,Dutchie,Michigan,Dutchie Buchanan MI Rec,8/16/2024,Membership 0003414 Quarter Membership,Current,249,580,0,0,0,0,0,0,0
1362728,Nimble,Illinois,Zen Leaf West Loop,8/16/2024,Membership 0003422 Quarter Membership,Current,249,0,0,0,0,0,0,274.52,25.52
4319850,Nimble,New Jersey,Zen Leaf Lawrence,8/16/2024,Membership 0003421 Dime Membership,Current,149,0,0,0,0,0,0,158.31,9.31
4079310,Nimble,New Jersey,Zen Leaf Neptune,8/16/2024,Membership 0003413 Quarter Membership,Current,249,0,0,0,0,0,0,264.56,15.56
1865793,Dutchie,Connecticut,Dutchie Willow Brook,8/17/2024,Membership 0003430 Dime Membership,Current,149,160,0,0,0,0,0,0,9.461500000000001
913822,Nimble,Illinois,Zen Leaf St. Charles,8/17/2024,Membership 0003428 Dime Membership,Current,149,0,0,0,0,0,0,164.27,15.27
2434327,Nimble,Illinois,Zen Leaf St. Charles,8/18/2024,Membership 0003435 Dime Membership,Current,149,0,0,0,0,0,0,164.27,15.27
4670566,Nimble,Illinois,Zen Leaf St. Charles,8/18/2024,Membership 0003436 Dime Membership,Current,149,0,0,0,0,0,0,164.27,15.27
5430221,Dutchie,Illinois,Dutchie Naperville,8/18/2024,Membership 0003439 Quarter Membership,Current,249,0,0,0,280,0,0,0,0.25522500000000004
3706977,Dutchie,Illinois,Dutchie Highland Park,8/18/2024,Membership 0003434 Quarter Membership,Current,249,0,0,0,270,0,0,0,0.25522500000000004
4911829,Dutchie,Connecticut,Dutchie Norwich,8/19/2024,Membership 0003445 Dime Membership,Current,149,290,0,0,0,0,0,0,9.461500000000001
1955782,Nimble,Illinois,Zen Leaf Pilsen,8/19/2024,Membership 0003440 Quarter Membership,Current,249,0,0,0,0,0,0,274.52,25.52
5336046,Nimble,Connecticut,Zen Leaf Newington,8/19/2024,Membership 0003443 Dime Membership,Current,149,0,0,0,0,0,0,158.31,9.31
4774430,Nimble,Connecticut,Zen Leaf Newington,8/19/2024,Membership 0003444 Dime Membership,Current,149,0,0,0,0,0,0,158.31,9.31
2139900,Nimble,Connecticut,Zen Leaf Waterbury,8/19/2024,Membership 0003441 Quarter Membership,Current,249,0,0,0,0,0,0,264.56,15.56
4564208,Nimble,Maryland,Zen Leaf Elkridge,8/19/2024,Membership 0003437 Dime Membership,Current,149,0,0,0,0,0,0,158.31,9.31
2950995,Nimble,Michigan,Zen Leaf Buchanan,8/20/2024,Membership 0003446 Dime Membership,Current,149,0,0,0,0,0,0,158.31,9.31
4758666,Nimble,New Jersey,Zen Leaf Lawrence,8/21/2024,Membership 0003449 Quarter Membership,Current,249,0,0,0,0,0,0,264.56,15.56
5705831,Dutchie,New Jersey,Dutchie Neptune Rec,8/21/2024,Membership 0004301 Quarter Membership,Current,249,0,0,0,285,0,0,0,16.49625
4568389,Dutchie,Illinois,Dutchie Greektown,8/21/2024,Membership 0003450 Dime Membership,Current,149,0,296.25,0,0,0,0,0,0.152725
5705021,Nimble,Illinois,Zen Leaf St. Charles,8/21/2024,Membership 0003453 Dime Membership,Current,149,0,0,0,0,0,0,158.31,9.31
5705628,Nimble,New Jersey,Zen Leaf Lawrence,8/21/2024,Membership 0003454 Quarter Membership,Current,249,0,0,0,0,0,0,264.56,15.56
4883159,Nimble,Maryland,Zen Leaf Pasadena,8/22/2024,Membership 0003455 Dime Membership,Current,149,0,0,0,0,0,0,158.31,9.31
1731798,Dutchie,Illinois,Dutchie Lombard,8/22/2024,Membership 0003457 Quarter Membership,Current,249,0,268.75,0,0,0,0,0,0.25522500000000004
4172010,Nimble,New Jersey,Zen Leaf Neptune,8/23/2024,Membership 0003463 Dime Membership,Current,149,0,0,0,0,0,0,158.31,9.31
4701838,Dutchie,Maryland,Dutchie Towson,8/23/2024,Membership 0003460 Dime Membership,Current,149,160,0,0,0,0,0,0,8.94
3494365,Nimble,New Jersey,Zen Leaf Neptune,8/23/2024,Membership 0003459 Dime Membership,Current,149,0,0,0,0,0,0,158.31,9.31
3686637,Dutchie,Maryland,Dutchie Germantown,8/23/2024,Membership 0003595 Quarter Membership,Current,224.1,240,0,0,0,0,0,0,13.446
3083893,Dutchie,New Jersey,Dutchie Neptune Rec,8/24/2024,Membership 0003518 Quarter Membership,Current,249,0,0,0,285,0,0,0,16.49625
5066208,Nimble,New Jersey,Zen Leaf Lawrence,8/24/2024,Membership 0003465 Quarter Membership,Current,249,0,0,0,0,0,0,264.56,15.56
1976156,Nimble,Illinois,Zen Leaf Prospect Heights,8/24/2024,Membership 0003468 Quarter Membership,Current,249,0,0,0,0,0,0,274.52,25.52
3815067,Nimble,Illinois,Zen Leaf Lombard,8/24/2024,Membership 0003466 Dime Membership,Current,149,0,0,0,0,0,0,164.27,15.27
4049842,Dutchie,Illinois,Dutchie Highland Park,8/25/2024,Membership 0003473 Quarter Membership,Current,249,0,0,0,270,0,0,0,0.25522500000000004
5308986,Dutchie,New Jersey,Dutchie Lawrence Rec,8/25/2024,Membership 0003471 Quarter Membership,Current,249,0,265.5,0,0,0,0,0,16.49625
3579967,Nimble,Illinois,Zen Leaf St. Charles,8/25/2024,Membership 0003472 Quarter Membership,Current,249,0,0,0,0,0,0,274.52,25.52
1064007,Nimble,Illinois,Zen Leaf Pilsen,8/25/2024,Membership 0003469 Quarter Membership,Current,249,0,0,0,0,0,0,274.52,25.52
836719,Dutchie,Illinois,Dutchie Highland Park,8/26/2024,Membership 0003475 Quarter Membership,Current,249,0,268.75,0,0,0,0,0,0.25522500000000004
3575135,Dutchie,Illinois,Dutchie Prospect Heights,8/26/2024,Membership 0003487 Quarter Membership,Current,249,300,0,0,0,0,0,0,0.25522500000000004
5429352,Dutchie,Illinois,Dutchie Greektown,8/26/2024,Membership 0003482 Dime Membership,Current,0.01,100,0,0,0,0,0,0,1.024999999999068e-05
1396926,Dutchie,Illinois,Dutchie Naperville,8/26/2024,Membership 0003479 Dime Membership,Current,149,0,0,0,310,0,0,0,0.152725
3604433,Nimble,Connecticut,Zen Leaf Waterbury,8/26/2024,Membership 0003476 Quarter Membership,Current,249,0,0,0,0,0,0,264.56,15.56
5652692,Dutchie,Illinois,Dutchie Naperville,8/27/2024,Membership 0003491 Dime Membership,Current,149,300,0,0,0,0,0,0,0.152725
4638535,Nimble,Connecticut,Zen Leaf Meriden,8/27/2024,Membership 0003490 Quarter Membership,Current,249,0,0,0,0,0,0,264.56,15.56
5725729,Nimble,Illinois,Zen Leaf Aurora,8/27/2024,Membership 0003484 Quarter Membership,Current,249,0,0,0,0,0,0,274.52,25.52
5683416,Nimble,Connecticut,Zen Leaf Naugatuck,8/27/2024,Membership 0003483 Quarter Membership,Current,249,0,0,0,0,0,0,264.56,15.56
1266041,Nimble,Illinois,Zen Leaf Evanston,8/27/2024,Membership 0003485 Quarter Membership,Current,249,0,0,0,0,0,0,274.52,25.52
5726050,Dutchie,Illinois,Dutchie Rogers Park,8/27/2024,Membership 0003489 Quarter Membership,Current,249,0,0,0,350,0,0,0,0.25522500000000004
5728930,Nimble,Maryland,Zen Leaf Towson,8/28/2024,Membership 0003492 Dime Membership,Current,149,0,0,0,0,0,0,158.31,9.31
816030,Nimble,Illinois,Zen Leaf Lombard,8/28/2024,Membership 0003498 Dime Membership,Current,149,0,0,0,0,0,0,164.27,15.27
1814952,Nimble,New Jersey,Zen Leaf Neptune,8/28/2024,Membership 0003499 Quarter Membership,Current,249,0,0,0,0,0,0,264.56,15.56
4334282,Dutchie,Maryland,Dutchie Elkridge,8/28/2024,Membership 0003504 Quarter Membership,Current,210.18,0,0,0,410,0,0,0,12.6108
5458568,Dutchie,Maryland,Dutchie Towson,8/28/2024,Membership 0003495 Dime Membership,Current,149,200,0,0,0,0,0,0,8.94
5697331,Dutchie,Illinois,Dutchie Highland Park,8/29/2024,Membership 0004280 Quarter Membership,Current,249,0,0,0,270,0,0,0,0.25522500000000004
1022121,Dutchie,Michigan,Dutchie Buchanan MI Rec,8/29/2024,Membership 0003506 Dime Membership,Current,149,350.5,0,0,0,0,0,0,0
3700145,Dutchie,Illinois,Dutchie Prospect Heights,8/29/2024,Membership 0003516 Quarter Membership,Current,249,0,0,0,280,0,0,0,0.25522500000000004
5589605,Nimble,Connecticut,Zen Leaf Naugatuck,8/29/2024,Membership 0003507 Quarter Membership,Current,249,0,0,0,0,0,0,264.56,15.56
1265322,Nimble,Illinois,Zen Leaf Rogers Park,8/29/2024,Membership 0003508 Dime Membership,Current,149,0,0,0,0,0,0,164.27,15.27
914793,Nimble,Illinois,Zen Leaf Prospect Heights,8/29/2024,Membership 0003513 Quarter Membership,Current,249,0,0,0,0,0,0,274.52,25.52
2380431,Dutchie,New Jersey,Dutchie Neptune Rec,8/29/2024,Membership 0003510 Dime Membership,Current,149,160,0,0,0,0,0,0,9.87125
5731871,Nimble,Connecticut,Zen Leaf Naugatuck,8/29/2024,Membership 0003503 Dime Membership,Current,149,0,0,0,0,0,0,158.31,9.31
3676844,Nimble,Connecticut,Zen Leaf Waterbury,8/30/2024,Membership 0003514 Quarter Membership,Current,249,0,0,0,0,0,0,264.56,15.56
5736231,Nimble,Illinois,Zen Leaf West Loop,8/30/2024,Membership 0003517 Quarter Membership,Current,249,0,0,0,0,0,0,274.52,25.52
2205285,Nimble,New Jersey,Zen Leaf Lawrence,8/30/2024,Membership 0003522 Quarter Membership,Current,249,0,0,0,0,0,0,264.56,15.56
4319223,Nimble,New Jersey,Zen Leaf Neptune,8/30/2024,Membership 0003525 Dime Membership,Current,149,0,0,0,0,0,0,158.31,9.31
2217548,Nimble,Connecticut,Zen Leaf Meriden,8/30/2024,Membership 0003515 Quarter Membership,Current,249,0,0,0,0,0,0,264.56,15.56
4727559,Dutchie,Maryland,Dutchie Towson,8/30/2024,Membership 0003521 Dime Membership,Current,111.75,0,118.25,0,0,0,0,0,6.705
5739713,Nimble,Connecticut,Zen Leaf Naugatuck,8/30/2024,Membership 0003524 Dime Membership,Current,149,0,0,0,0,0,0,158.31,9.31
1413630,Dutchie,Illinois,Dutchie Naperville,8/31/2024,Membership 0003531 Dime Membership,Current,149,0,0,0,200,0,0,0,0.152725
4731390,Dutchie,Michigan,Dutchie Buchanan MI Rec,8/31/2024,Membership 0003528 Dime Membership,Current,149,401,0,0,0,0,0,0,0
4873816,Dutchie,Maryland,Dutchie Towson,8/31/2024,Membership 0003526 Dime Membership,Current,126.35,210,0,0,0,0,0,0,7.5809999999999995
3769768,Dutchie,Maryland,Dutchie Towson,8/31/2024,Membership 0004297 Dime Membership,Current,111.75,163,0,0,0,0,0,0,6.705
942381,Nimble,Illinois,Zen Leaf Naperville,8/31/2024,Membership 0003529 Dime Membership,Current,149,0,0,0,0,0,0,164.27,15.27
872221,Dutchie,Illinois,Dutchie Naperville,8/31/2024,Membership 0003532 Dime Membership,Current,116.37,0,260.75,0,0,0,0,0,0.11927925000000002
5746899,Nimble,Maryland,Zen Leaf Germantown,9/1/2024,Membership 0003536 Quarter Membership,Current,249,0,0,0,0,0,0,264.56,15.56
2865319,Nimble,New Jersey,Zen Leaf Lawrence,9/1/2024,Membership 0003535 Quarter Membership,Current,249,0,0,0,0,0,0,264.56,15.56
5747724,Nimble,Maryland,Zen Leaf Pasadena,9/1/2024,Membership 0003537 Dime Membership,Current,149,0,0,0,0,0,0,158.31,9.31
5745902,Nimble,Illinois,Zen Leaf Naperville,9/1/2024,Membership 0003530 Quarter Membership,Current,249,0,0,0,0,0,0,274.52,25.52
5747716,Dutchie,Illinois,Dutchie Lombard,9/1/2024,Membership 0003538 Dime Membership,Current,149,0,0,0,170,0,0,0,0.152725
4938198,Dutchie,Maryland,Dutchie Pasadena,9/2/2024,Membership 0003544 Quarter Membership,Current,249,0,0,0,265,0,0,0,14.94
5750957,Dutchie,Illinois,Dutchie Naperville,9/2/2024,Membership 0003546 Dime Membership,Current,149,230.75,0,0,0,0,0,0,0.152725
5184057,Dutchie,Illinois,Dutchie Lombard,9/2/2024,Membership 0003548 Quarter Membership,Current,249,270,0,0,0,0,0,0,0.25522500000000004
2659002,Nimble,Illinois,Zen Leaf Rogers Park,9/2/2024,Membership 0003542 Quarter Membership,Current,249,0,0,0,0,0,0,274.52,25.52
5682194,Nimble,New Jersey,Zen Leaf Neptune,9/2/2024,Membership 0003547 Dime Membership,Current,149,0,0,0,0,0,0,158.31,9.31
5579245,Nimble,Illinois,Zen Leaf Prospect Heights,9/3/2024,Membership 0003552 Dime Membership,Current,149,0,0,0,0,0,0,164.27,15.27
5756412,Nimble,Maryland,Zen Leaf Elkridge,9/4/2024,Membership 0003554 Quarter Membership,Current,249,0,0,0,0,0,0,264.56,15.56
3416084,Nimble,Illinois,Zen Leaf Prospect Heights,9/4/2024,Membership 0003556 Dime Membership,Current,149,0,0,0,0,0,0,158.31,9.31
4240906,Dutchie,Maryland,Dutchie Elkridge,9/4/2024,Membership 0004675 Dime Membership,Current,149,260,0,0,0,0,0,0,8.94
519002,Dutchie,Michigan,Dutchie Buchanan MI Rec,9/4/2024,Membership 0003553 Quarter Membership,Current,249,0,0,0,395,0,0,0,0
5032997,Dutchie,Connecticut,Dutchie Norwich,9/5/2024,Membership 0004318 Quarter Membership,Current,249,0,0,0,425,0,0,0,15.8115
1282549,Nimble,Illinois,Zen Leaf Rogers Park,9/5/2024,Membership 0003560 Quarter Membership,Current,249,0,0,0,0,0,0,274.52,25.52
1399306,Nimble,Illinois,Zen Leaf St. Charles,9/5/2024,Membership 0003559 Quarter Membership,Current,249,0,0,0,0,0,0,274.52,25.52
3695983,Nimble,Illinois,Zen Leaf Lombard,9/6/2024,Membership 0003561 Quarter Membership,Current,249,0,0,0,0,0,0,274.52,25.52
3471359,Nimble,New Jersey,Zen Leaf Elizabeth,9/6/2024,Membership 0003564 Dime Membership,Current,149,0,0,0,0,0,0,158.31,9.31
5765708,Nimble,Illinois,Zen Leaf Naperville,9/6/2024,Membership 0003566 Quarter Membership,Current,249,0,0,0,0,0,0,274.52,25.52
645849,Nimble,Illinois,Zen Leaf St. Charles,9/6/2024,Membership 0003565 Quarter Membership,Current,249,0,0,0,0,0,0,274.52,25.52
5768725,Nimble,Connecticut,Zen Leaf Naugatuck,9/7/2024,Membership 0003567 Dime Membership,Current,149,0,0,0,0,0,0,158.31,9.31
1964182,Dutchie,Illinois,Dutchie Lombard,9/7/2024,Membership 0003574 Quarter Membership,Current,249,0,0,0,270,0,0,0,0.25522500000000004
797962,Dutchie,Illinois,Dutchie Aurora,9/7/2024,Membership 0003568 Dime Membership,Current,149,0,0,0,220,0,0,0,0.152725
5771460,Nimble,New Jersey,Zen Leaf Neptune,9/8/2024,Membership 0003570 Dime Membership,Current,149,0,0,0,0,0,0,158.31,9.31
4817286,Nimble,Illinois,Zen Leaf Prospect Heights,9/8/2024,Membership 0003569 Dime Membership,Current,149,0,0,0,0,0,0,164.27,15.27
3901427,Dutchie,Maryland,Dutchie Germantown,9/9/2024,Membership 0004336 Dime Membership,Current,134.1,17,309,0,0,0,0,0,8.046
3014490,Nimble,New Jersey,Zen Leaf Neptune,9/9/2024,Membership 0003571 Quarter Membership,Current,249,0,0,0,0,0,0,264.56,15.56
5305464,Nimble,Connecticut,Zen Leaf Naugatuck,9/9/2024,Membership 0003572 Dime Membership,Current,149,0,0,0,0,0,0,158.31,9.31
1118345,Nimble,Illinois,Zen Leaf Aurora,9/9/2024,Membership 0003576 Quarter Membership,Current,249,0,0,0,0,0,0,274.52,25.52
5460991,Dutchie,Illinois,Dutchie Prospect Heights,9/10/2024,Membership 0004900 Quarter Membership,Current,249,0,0,0,280,0,0,0,0.25522500000000004
1719421,Nimble,Illinois,Zen Leaf Lombard,9/10/2024,Membership 0003582 Dime Membership,Current,149,0,0,0,0,0,0,164.27,15.27
863534,Dutchie,Illinois,Dutchie Highland Park,9/10/2024,Membership 0003578 Dime Membership,Current,139,0,150,0,0,0,0,0,0.14247500000000002
4056743,Nimble,Connecticut,Zen Leaf Meriden,9/10/2024,Membership 0003577 Quarter Membership,Current,249,0,0,0,0,0,0,264.56,15.56
1866057,Dutchie,Connecticut,Dutchie Willow Brook,9/10/2024,Membership 0003580 Quarter Membership,Current,249,280,0,0,0,0,0,0,15.8115
5779145,Nimble,Illinois,Zen Leaf Rogers Park,9/10/2024,Membership 0003579 Dime Membership,Current,149,0,0,0,0,0,0,164.27,15.27
1789066,Nimble,Illinois,Zen Leaf St. Charles,9/11/2024,Membership 0003584 Dime Membership,Current,149,0,0,0,0,0,0,164.27,15.27
2938775,Nimble,Maryland,Zen Leaf Elkridge,9/11/2024,Membership 0003583 Quarter Membership,Current,249,0,0,0,0,0,0,264.56,15.56
818017,Dutchie,Illinois,Dutchie Naperville,9/12/2024,Membership 0003586 Dime Membership,Current,149,200,0,0,0,0,0,0,0.152725
5784867,Nimble,Connecticut,Zen Leaf Newington,9/12/2024,Membership 0003587 Quarter Membership,Current,249,0,0,0,0,0,0,264.56,15.56
5418610,Nimble,Illinois,Zen Leaf Pilsen,9/12/2024,Membership 0003589 Quarter Membership,Current,249,0,0,0,0,0,0,274.52,25.52
704548,Nimble,Illinois,Zen Leaf St. Charles,9/12/2024,Membership 0003592 Quarter Membership,Current,249,0,0,0,0,0,0,274.52,25.52
5688394,Nimble,Connecticut,Zen Leaf Newington,9/12/2024,Membership 0003588 Quarter Membership,Current,249,0,0,0,0,0,0,264.56,15.56
2148736,Nimble,Illinois,Zen Leaf Pilsen,9/12/2024,Membership 0003590 Dime Membership,Current,149,0,0,0,0,0,0,164.27,15.27
5787041,Dutchie,Illinois,Dutchie Naperville,9/12/2024,Membership 0003591 Quarter Membership,Current,249,300,0,0,0,0,0,0,0.25522500000000004
5190886,Dutchie,Connecticut,Dutchie Norwich,9/12/2024,Membership 0003600 Quarter Membership,Current,249,0,0,0,400,0,0,0,15.8115
5626683,Dutchie,New Jersey,Dutchie Neptune Rec,9/12/2024,Membership 0003604 Quarter Membership,Current,249,0,0,0,500,0,0,0,16.49625
1953802,Dutchie,Connecticut,Dutchie Willow Brook,9/13/2024,Membership 0003601 Quarter Membership,Current,249,0,0,0,350,0,0,0,15.8115
4137506,Nimble,Illinois,Zen Leaf St. Charles,9/13/2024,Membership 0003596 Quarter Membership,Current,249,0,0,0,0,0,0,274.52,25.52
3692512,Nimble,New Jersey,Zen Leaf Neptune,9/13/2024,Membership 0003593 Dime Membership,Current,149,0,0,0,0,0,0,158.31,9.31
2981461,Nimble,New Jersey,Zen Leaf Neptune,9/13/2024,Membership 0003594 Dime Membership,Current,149,0,0,0,0,0,0,158.31,9.31
2492729,Nimble,New Jersey,Zen Leaf Neptune,9/14/2024,Membership 0003599 Dime Membership,Current,149,0,0,0,0,0,0,158.31,9.31
4458448,Nimble,Illinois,Zen Leaf Aurora,9/14/2024,Membership 0003605 Quarter Membership,Current,249,0,0,0,0,0,0,274.52,25.52
3741212,Nimble,New Jersey,Zen Leaf Elizabeth,9/14/2024,Membership 0003607 Dime Membership,Current,149,0,0,0,0,0,0,158.31,9.31
3804346,Nimble,Illinois,Zen Leaf Prospect Heights,9/16/2024,Membership 0004237 Quarter Membership,Current,249,0,0,0,0,0,0,274.52,25.52
3804346,Nimble,Illinois,Zen Leaf Prospect Heights,9/16/2024,Membership 0004237 Quarter Membership,Cancelled,249,0,0,0,0,0,0,274.52,25.52
4214676,Nimble,Illinois,Zen Leaf Lombard,9/16/2024,Membership 0004239 Quarter Membership,Cancelled,249,0,0,0,0,0,0,274.52,25.52
3789249,Nimble,Illinois,Zen Leaf Pilsen,9/16/2024,Membership 0004238 Quarter Membership,Current,249,0,0,0,0,0,0,274.52,25.52
3789249,Nimble,Illinois,Zen Leaf Pilsen,9/16/2024,Membership 0004238 Quarter Membership,Cancelled,249,0,0,0,0,0,0,274.52,25.52
4214676,Nimble,Illinois,Zen Leaf Lombard,9/16/2024,Membership 0004239 Quarter Membership,Current,249,0,0,0,0,0,0,274.52,25.52
3012395,Dutchie,Illinois,Dutchie Naperville,9/17/2024,Membership 0003618 Quarter Membership,Current,249,280,0,0,0,0,0,0,0.25522500000000004
5812719,Nimble,Michigan,Zen Leaf Buchanan,9/18/2024,Membership 0004241 Quarter Membership,Current,249,0,0,0,0,0,0,264.56,15.56
1068899,Nimble,Michigan,Zen Leaf Buchanan,9/18/2024,Membership 0004240 Quarter Membership,Cancelled,249,0,0,0,0,0,0,264.56,15.56
5807797,Nimble,Connecticut,Zen Leaf Naugatuck,9/18/2024,Membership 0003626 Dime Membership,Current,149,0,0,0,0,0,0,158.31,9.31
1068899,Nimble,Michigan,Zen Leaf Buchanan,9/18/2024,Membership 0004240 Quarter Membership,Current,249,0,0,0,0,0,0,264.56,15.56
4330321,Nimble,New Jersey,Zen Leaf Lawrence,9/18/2024,Membership 0004243 Quarter Membership,Current,249,0,0,0,0,0,0,264.56,15.56
4233328,Dutchie,Maryland,Dutchie Elkridge,9/18/2024,Membership 0003622 Dime Membership,Current,149,160.75,0,0,0,0,0,0,8.94
5812719,Nimble,Michigan,Zen Leaf Buchanan,9/18/2024,Membership 0004241 Quarter Membership,Cancelled,249,0,0,0,0,0,0,264.56,15.56
4330321,Nimble,New Jersey,Zen Leaf Lawrence,9/18/2024,Membership 0004243 Quarter Membership,Cancelled,249,0,0,0,0,0,0,264.56,15.56
5152050,Dutchie,Illinois,Dutchie Naperville,9/18/2024,Membership 0003625 Quarter Membership,Current,249,0,0,0,460,0,0,0,0.25522500000000004
4292759,Nimble,Illinois,Zen Leaf Naperville,9/19/2024,Membership 0004244 Quarter Membership,Current,249,0,0,0,0,0,0,274.52,25.52
4292759,Nimble,Illinois,Zen Leaf Naperville,9/19/2024,Membership 0004244 Quarter Membership,Cancelled,249,0,0,0,0,0,0,274.52,25.52
4431540,Dutchie,Illinois,Dutchie Prospect Heights,9/19/2024,Membership 0004763 Quarter Membership,Current,249,0,272.5,0,0,0,0,0,0.25522500000000004
1380981,Nimble,Maryland,Zen Leaf Elkridge,9/20/2024,Membership 0004245 Quarter Membership,Cancelled,249,0,0,0,0,0,0,263.94,15.56
1380981,Nimble,Maryland,Zen Leaf Elkridge,9/20/2024,Membership 0004245 Quarter Membership,Current,249,0,0,0,0,0,0,263.94,15.56
5675333,Dutchie,Illinois,Dutchie Naperville,9/20/2024,Membership 0004281 Dime Membership,Current,149,0,0,0,210,0,0,0,0.152725
1712495,Nimble,Illinois,Zen Leaf St. Charles,9/20/2024,Membership 0004246 Quarter Membership,Cancelled,249,0,0,0,0,0,0,274.52,25.52
1712495,Nimble,Illinois,Zen Leaf St. Charles,9/20/2024,Membership 0004246 Quarter Membership,Current,249,0,0,0,0,0,0,274.52,25.52
1300354,Nimble,Illinois,Zen Leaf Aurora,9/21/2024,Membership 0004247 Quarter Membership,Cancelled,249,0,0,0,0,0,0,274.52,25.52
4492743,Dutchie,New Jersey,Dutchie Neptune Rec,9/21/2024,Membership 0003644 Quarter Membership,Current,249,290,0,0,0,0,0,0,16.49625
3447412,Dutchie,New Jersey,Dutchie Neptune Rec,9/21/2024,Membership 0003640 Dime Membership,Current,149,180,0,0,0,0,0,0,9.87125
1819150,Dutchie,New Jersey,Dutchie Neptune Rec,9/21/2024,Membership 0003643 Quarter Membership,Current,249,300,0,0,0,0,0,0,16.49625
1300354,Nimble,Illinois,Zen Leaf Aurora,9/21/2024,Membership 0004247 Quarter Membership,Current,249,0,0,0,0,0,0,274.52,25.52
3761348,Dutchie,Michigan,Dutchie Buchanan MI Rec,9/22/2024,Membership 0003645 Dime Membership,Current,149,160,0,0,0,0,0,0,0
4981203,Nimble,New Jersey,Zen Leaf Neptune,9/23/2024,Membership 0004248 Quarter Membership,Cancelled,249,0,0,0,0,0,0,265.5,15.56
5382479,Nimble,Connecticut,Zen Leaf Naugatuck,9/23/2024,Membership 0004249 Quarter Membership,Cancelled,249,0,0,0,0,0,0,264.81,15.56
5382479,Nimble,Connecticut,Zen Leaf Naugatuck,9/23/2024,Membership 0004249 Quarter Membership,Current,249,0,0,0,0,0,0,264.81,15.56
4981203,Nimble,New Jersey,Zen Leaf Neptune,9/23/2024,Membership 0004248 Quarter Membership,Current,249,0,0,0,0,0,0,265.5,15.56
3672304,Nimble,Illinois,Zen Leaf Highland Park,9/24/2024,Membership 0003648 Dime Membership,Current,149,0,0,0,0,0,0,156.45,7.45
2140543,Nimble,Connecticut,Zen Leaf Naugatuck,9/24/2024,Membership 0004250 Quarter Membership,Cancelled,249,0,0,0,0,0,0,264.81,15.56
2140543,Nimble,Connecticut,Zen Leaf Naugatuck,9/24/2024,Membership 0004250 Quarter Membership,Current,249,0,0,0,0,0,0,264.81,15.56
755999,Nimble,Illinois,Zen Leaf Aurora,9/25/2024,Membership 0003654 Dime Membership,Current,149,0,0,0,0,0,0,164.27,15.27
5346031,Nimble,Connecticut,Zen Leaf Meriden,9/26/2024,Membership 0004251 Quarter Membership,Cancelled,249,0,0,0,0,0,0,264.81,15.56
0,Nimble,Illinois,Zen Leaf Pilsen,9/26/2024,Membership 0003661 Dime Membership,Current,149,0,0,0,0,0,0,164.27,15.27
5848993,Nimble,Maryland,Zen Leaf Elkridge,9/26/2024,Membership 0004253 Quarter Membership,Current,249,0,0,0,0,0,0,274.52,25.52
5848993,Nimble,Maryland,Zen Leaf Elkridge,9/26/2024,Membership 0004253 Quarter Membership,Cancelled,249,0,0,0,0,0,0,274.52,25.52
521975,Nimble,Illinois,Zen Leaf West Loop,9/26/2024,Membership 0003660 Dime Membership,Current,149,0,0,0,0,0,0,164.27,15.27
1030103,Nimble,Illinois,Zen Leaf Lombard,9/26/2024,Membership 0004252 Quarter Membership,Current,249,0,0,0,0,0,0,274.52,25.52
5711329,Nimble,Illinois,Zen Leaf Pilsen,9/26/2024,Membership 0003659 Dime Membership,Current,149,0,0,0,0,0,0,159.43,10.43
1030103,Nimble,Illinois,Zen Leaf Lombard,9/26/2024,Membership 0004252 Quarter Membership,Cancelled,249,0,0,0,0,0,0,274.52,25.52
5346031,Nimble,Connecticut,Zen Leaf Meriden,9/26/2024,Membership 0004251 Quarter Membership,Current,249,0,0,0,0,0,0,264.81,15.56
2139955,Nimble,Connecticut,Zen Leaf Waterbury,9/27/2024,Membership 0003674 Quarter Membership,Current,249,0,0,0,0,0,0,264.81,15.81
3623663,Dutchie,Michigan,Dutchie Buchanan MI Rec,9/27/2024,Membership 0003665 Dime Membership,Current,138.71,500,0,0,0,0,0,0,0
5637527,Nimble,Maryland,Zen Leaf Towson,9/27/2024,Membership 0003664 Quarter Membership Test,Current,249,0,0,0,0,0,0,263.94,14.94
4597175,Dutchie,Illinois,Dutchie Highland Park,9/27/2024,Membership 0003667 Quarter Membership,Current,249,0,0,0,270,0,0,0,0.25522500000000004
892506,Nimble,Illinois,Zen Leaf Prospect Heights,9/27/2024,Membership 0003668 Dime Membership,Current,149,0,0,0,0,0,0,164.27,15.27
819308,Dutchie,Illinois,Dutchie Highland Park,9/27/2024,Membership 0003670 Quarter Membership,Current,249,0,0,0,270,0,0,0,0.25522500000000004
1424206,Dutchie,Illinois,Dutchie Greektown,9/27/2024,Membership 0003676 Dime Membership,Current,149,180,0,0,0,0,0,0,0.152725
5841052,Nimble,Maryland,Zen Leaf Elkridge,9/28/2024,Membership 0003677 Quarter Membership,Current,249,0,0,0,0,0,0,263.94,14.94
2848316,Dutchie,Maryland,Dutchie Pasadena,9/28/2024,Membership 0003678 Dime Membership,Current,149,0,0,0,160,0,0,0,8.94
1345049,Nimble,Illinois,Zen Leaf Prospect Heights,9/28/2024,Membership 0003681 Quarter Membership,Current,249,0,0,0,0,0,0,274.52,25.52
5842523,Nimble,Illinois,Zen Leaf Lombard,9/28/2024,Membership 0003683 Quarter Membership,Current,249,0,0,0,0,0,0,274.52,25.52
871826,Nimble,Illinois,Zen Leaf Prospect Heights,9/29/2024,Membership 0003690 Quarter Membership,Current,249,0,0,0,0,0,0,274.52,25.52
5261708,Nimble,Illinois,Zen Leaf Prospect Heights,9/29/2024,Membership 0003691 Dime Membership,Current,149,0,0,0,0,0,0,164.27,15.27
5844053,Nimble,Maryland,Zen Leaf Pasadena,9/29/2024,Membership 0003689 Quarter Membership,Current,249,0,0,0,0,0,0,263.94,14.94
1865068,Dutchie,Connecticut,Dutchie Willow Brook,9/30/2024,Membership 0003744 Dime Membership,Current,142.82,220.75,0,0,0,0,0,0,9.06907
5016454,Dutchie,Maryland,Dutchie Pasadena,9/30/2024,Membership 0003704 Dime Membership,Current,149,160,0,0,0,0,0,0,8.94
4261234,Dutchie,Maryland,Dutchie Pasadena,9/30/2024,Membership 0003696 Quarter Membership,Current,194.22,220,0,0,0,0,0,0,11.6532
5846896,Nimble,Illinois,Zen Leaf St. Charles,9/30/2024,Membership 0003693 Quarter Membership,Current,249,0,0,0,0,0,0,274.52,25.52
5846728,Nimble,Illinois,Zen Leaf St. Charles,9/30/2024,Membership 0003692 Quarter Membership,Current,249,0,0,0,0,0,0,274.52,25.52
5850922,Nimble,Illinois,Zen Leaf Pilsen,10/1/2024,Membership 0003715 Dime Membership,Current,149,0,0,0,0,0,0,164.27,15.27
1132982,Nimble,Illinois,Zen Leaf Evanston,10/1/2024,Membership 0003718 Quarter Membership,Current,249,0,0,0,0,0,0,274.52,25.52
4238459,Nimble,Maryland,Zen Leaf Pasadena,10/1/2024,Membership 0003712 Quarter Membership,Current,249,0,0,0,0,0,0,263.94,14.94
1257010,Nimble,Illinois,Zen Leaf Rogers Park,10/2/2024,Membership 0003723 Dime Membership,Current,149,0,0,0,0,0,0,164.27,15.27
5853617,Nimble,New Jersey,Zen Leaf Lawrence,10/2/2024,Membership 0003722 Dime Membership,Current,149,0,0,0,0,0,0,158.87,9.87
5062826,Nimble,Illinois,Zen Leaf Prospect Heights,10/2/2024,Membership 0003720 Quarter Membership,Current,249,0,0,0,0,0,0,274.52,25.52
4671953,Nimble,Maryland,Zen Leaf Towson,10/2/2024,Membership 0003719 Dime Membership,Current,149,0,0,0,0,0,0,157.94,8.94
4519700,Nimble,Maryland,Zen Leaf Towson,10/3/2024,Membership 0003726 Quarter Membership,Current,249,0,0,0,0,0,0,263.94,14.94
3807766,Nimble,Illinois,Zen Leaf Evanston,10/3/2024,Membership 0003734 Dime Membership,Current,149,0,0,0,0,0,0,164.27,15.27
1787289,Nimble,Illinois,Zen Leaf St. Charles,10/3/2024,Membership 0003731 Quarter Membership,Current,249,0,0,0,0,0,0,274.52,25.52
5857295,Nimble,Maryland,Zen Leaf Germantown,10/3/2024,Membership 0003735 Quarter Membership,Current,249,0,0,0,0,0,0,263.94,14.94
571416,Nimble,Maryland,Zen Leaf Elkridge,10/4/2024,Membership 0003737 Quarter Membership,Current,249,0,0,0,0,0,0,263.94,14.94
5858627,Nimble,Maryland,Zen Leaf Pasadena,10/4/2024,Membership 0003736 Dime Membership,Current,149,0,0,0,0,0,0,149,0
4322144,Nimble,Maryland,Zen Leaf Elkridge,10/4/2024,Membership 0003741 Dime Membership,Current,149,0,0,0,0,0,0,157.94,8.94
1443961,Dutchie,Illinois,Dutchie Highland Park,10/4/2024,Membership 0003739 Quarter Membership,Current,249,0,0,0,270,0,0,0,0.25522500000000004
782185,Nimble,Illinois,Zen Leaf Aurora,10/4/2024,Membership 0003740 Dime Membership,Current,149,0,0,0,0,0,0,164.27,15.27
3900483,Dutchie,New Jersey,Dutchie Neptune Rec,10/5/2024,Membership 0004104 Dime Membership,Current,149,0,0,0,170,0,0,0,9.87125
3345766,Dutchie,New Jersey,Dutchie Neptune Rec,10/5/2024,Membership 0004102 Quarter Membership,Current,249,300,0,0,0,0,0,0,16.49625
5863616,Nimble,Illinois,Zen Leaf Prospect Heights,10/5/2024,Membership 0004100 Quarter Membership,Current,249,0,0,0,0,0,0,274.52,25.52
4729874,Nimble,Connecticut,Zen Leaf Naugatuck,10/5/2024,Membership 0004103 Quarter Membership,Current,249,0,0,0,0,0,0,264.81,15.81
2239094,Nimble,Illinois,Zen Leaf St. Charles,10/5/2024,Membership 0004099 Dime Membership,Current,149,0,0,0,0,0,0,164.27,15.27
5864136,Nimble,Connecticut,Zen Leaf Naugatuck,10/5/2024,Membership 0004101 Dime Membership,Current,149,0,0,0,0,0,0,158.46,9.46
1932529,Nimble,Illinois,Zen Leaf Prospect Heights,10/6/2024,Membership 0004202 Quarter Membership,Current,249,0,0,0,0,0,0,249,0
5865747,Nimble,Maryland,Zen Leaf Towson,10/6/2024,Membership 0004198 Dime Membership,Current,149,0,0,0,0,0,0,157.94,8.94
4759993,Dutchie,Illinois,Dutchie Highland Park,10/6/2024,Membership 0004199 Quarter Membership,Current,249,300,0,0,0,0,0,0,0.25522500000000004
5868486,Dutchie,Illinois,Dutchie Prospect Heights,10/7/2024,Membership 0004203 Quarter Membership,Current,249,0,0,0,280,0,0,0,0.25522500000000004
4190253,Dutchie,Illinois,Dutchie Aurora,10/8/2024,Membership 0004206 Dime Membership,Current,149,162,0,0,0,0,0,0,0.152725
3267928,Dutchie,New Jersey,Dutchie Neptune Rec,10/9/2024,Membership 0004209 Dime Membership,Current,149,0,0,0,225,0,0,0,9.87125
1092243,Dutchie,Illinois,Dutchie Prospect Heights,10/9/2024,Membership 0004210 Quarter Membership,Current,249,300,0,0,0,0,0,0,0.25522500000000004
5873377,Dutchie,Connecticut,Dutchie Willow Brook,10/9/2024,Membership 0004396 Dime Membership,Current,119.2,220,0,0,0,0,0,0,7.5692
5875536,Dutchie,Illinois,Dutchie Naperville,10/9/2024,Membership 0004212 Quarter Membership,Current,200.59,0,0,0,280,0,0,0,0.20560475000000003
569615,Nimble,Illinois,Zen Leaf St. Charles,10/10/2024,Membership 0004216 Quarter Membership,Current,249,0,0,0,0,0,0,274.52,25.52
1132837,Nimble,Illinois,Zen Leaf Evanston,10/11/2024,Membership 0004227 Quarter Membership,Current,249,0,0,0,0,0,0,274.52,25.52
2135806,Nimble,Connecticut,Zen Leaf Waterbury,10/11/2024,Membership 0004223 Quarter Membership,Current,249,0,0,0,0,0,0,264.81,15.81
1422274,Dutchie,Illinois,Dutchie Highland Park,10/11/2024,Membership 0004221 Quarter Membership,Current,249,300,0,0,0,0,0,0,0.25522500000000004
4003578,Dutchie,Connecticut,Dutchie Willow Brook,10/11/2024,Membership 0004226 Quarter Membership,Current,249,350,0,0,0,0,0,0,15.8115
2097713,Nimble,Illinois,Zen Leaf St. Charles,10/12/2024,Membership 0004228 Dime Membership,Current,149,0,0,0,0,0,0,164.27,15.27
5382186,Nimble,Connecticut,Zen Leaf Naugatuck,10/12/2024,Membership 0004229 Quarter Membership,Current,249,0,0,0,0,0,0,264.81,15.81
5603592,Nimble,Connecticut,Zen Leaf Naugatuck,10/17/2024,Membership 0004254 Dime Membership,Current,149,0,0,0,0,0,0,158.31,9.31
1443025,Nimble,Illinois,Zen Leaf Pilsen,10/17/2024,Membership 0004242 Quarter Membership,Current,249,0,0,0,0,0,0,274.52,25.52
5900937,Nimble,Connecticut,Zen Leaf Naugatuck,10/18/2024,Membership 0004258 Dime Membership,Current,149,0,0,0,0,0,0,158.31,9.31
5901419,Nimble,New Jersey,Zen Leaf Neptune,10/18/2024,Membership 0004260 Quarter Membership,Current,249,0,0,0,0,0,0,264.56,15.56
3627955,Dutchie,Illinois,Dutchie Aurora,10/18/2024,Membership 0004350 Quarter Membership,Current,211.61,0,0,0,380,0,0,0,0.21690025000000004
5904375,Nimble,Maryland,Zen Leaf Elkridge,10/18/2024,Membership 0004262 Quarter Membership,Current,249,0,0,0,0,0,0,264.56,15.56
1119763,Dutchie,Illinois,Dutchie Prospect Heights,10/18/2024,Membership 0004263 Dime Membership,Current,149,0,0,0,170,0,0,0,0.152725
3432897,Nimble,Illinois,Zen Leaf St. Charles,10/18/2024,Membership 0004261 Dime Membership,Current,149,0,0,0,0,0,0,164.27,15.27
1040229,Nimble,Illinois,Zen Leaf Highland Park,10/18/2024,Membership 0004259 Dime Membership,Current,149,0,0,0,0,0,0,164.27,15.27
823564,Nimble,Illinois,Zen Leaf Naperville,10/19/2024,Membership 0004265 Quarter Membership,Current,249,0,0,0,0,0,0,274.52,25.52
5161871,Nimble,Illinois,Zen Leaf Aurora,10/19/2024,Membership 0004266 Quarter Membership,Current,249,0,0,0,0,0,0,274.52,25.52
5345347,Nimble,Illinois,Zen Leaf West Loop,10/20/2024,Membership 0004272 Quarter Membership,Current,249,0,0,0,0,0,0,274.52,25.52
2334672,Nimble,Illinois,Zen Leaf West Loop,10/20/2024,Membership 0004274 Quarter Membership,Current,249,0,0,0,0,0,0,274.52,25.52
1088767,Nimble,Illinois,Zen Leaf Pilsen,10/20/2024,Membership 0004273 Quarter Membership,Current,249,0,0,0,0,0,0,274.52,25.52
5679600,Dutchie,Illinois,Dutchie Aurora,10/22/2024,Membership 0004302 Quarter Membership,Current,249,0,380.75,0,0,0,0,0,0.25522500000000004
5194715,Dutchie,New Jersey,Dutchie Neptune Rec,10/23/2024,Membership 0004320 Quarter Membership,Current,249,0,318.75,0,0,0,0,0,16.49625
491534,Nimble,Maryland,Zen Leaf Elkridge,10/23/2024,Membership 0004314 Quarter Membership,Current,249,0,0,0,0,0,0,264.56,15.56
5254043,Nimble,Connecticut,Zen Leaf Meriden,10/23/2024,Membership 0004319 Quarter Membership,Current,249,0,0,0,0,0,0,264.56,15.56
6155263,Nimble,Illinois,Zen Leaf Lombard,10/24/2024,Membership 0004322 Dime Membership,Current,149,0,0,0,0,0,0,164.27,15.27
1845885,Nimble,Illinois,Zen Leaf St. Charles,10/24/2024,Membership 0004321 Quarter Membership,Current,249,0,0,0,0,0,0,274.52,25.52
3248741,Nimble,New Jersey,Zen Leaf Lawrence,10/25/2024,Membership 0004326 Quarter Membership,Current,249,0,0,0,0,0,0,264.56,15.56
2966025,Dutchie,New Jersey,Dutchie Lawrence Rec,10/25/2024,Membership 0004324 Dime Membership,Current,149,200,0,0,0,0,0,0,9.87125
5883151,Nimble,Illinois,Zen Leaf Evanston,10/25/2024,Membership 0004325 Quarter Membership,Current,249,0,0,0,0,0,0,274.52,25.52
1778602,Dutchie,Illinois,Dutchie Lombard,10/25/2024,Membership 0004327 Dime Membership,Current,149,165,0,0,0,0,0,0,0.152725
1744226,Dutchie,Illinois,Dutchie Naperville,10/26/2024,Membership 0004330 Quarter Membership,Current,249,0,0,0,340,0,70,0,0.25522500000000004
5550971,Nimble,Maryland,Zen Leaf Germantown,10/26/2024,Membership 0004329 Dime Membership,Current,149,0,0,0,0,0,0,158.31,9.31
5474498,Nimble,Illinois,Zen Leaf St. Charles,10/27/2024,Membership 0004332 Quarter Membership,Current,249,0,0,0,0,0,0,274.52,25.52
2133391,Nimble,Connecticut,Zen Leaf Waterbury,10/28/2024,Membership 0004334 Quarter Membership,Current,249,0,0,0,0,0,0,264.56,15.56
5874663,Nimble,Connecticut,Zen Leaf Norwich,10/28/2024,Membership 0004333 Dime Membership,Current,149,0,0,0,0,0,0,158.31,9.31
4503259,Dutchie,Maryland,Dutchie Elkridge,10/29/2024,Membership 0004335 Dime Membership,Current,149,0,0,0,160,0,0,0,8.94
6173351,Nimble,Connecticut,Zen Leaf Naugatuck,10/30/2024,Membership 0004337 Quarter Membership,Current,249,0,0,0,0,0,0,264.56,15.56
5652201,Nimble,New Jersey,Zen Leaf Lawrence,11/1/2024,Membership 0004346 Quarter Membership,Current,249,0,0,0,0,0,0,264.56,15.56
5772918,Nimble,New Jersey,Zen Leaf Neptune,11/1/2024,Membership 0004341 Quarter Membership,Current,249,0,0,0,0,0,0,264.56,15.56
6179507,Nimble,Maryland,Zen Leaf Germantown,11/1/2024,Membership 0004342 Quarter Membership,Current,249,0,0,0,0,0,0,264.56,15.56
6182192,Nimble,Illinois,Zen Leaf West Loop,11/1/2024,Membership 0004345 Quarter Membership,Current,249,0,0,0,0,0,0,274.52,25.52
4699314,Dutchie,Maryland,Dutchie Towson,11/2/2024,Membership 0004351 Dime Membership,Current,149,161,0,0,0,0,0,0,8.94
2139806,Dutchie,Connecticut,Dutchie Waterbury,11/2/2024,Membership 0004347 Dime Membership,Current,149,200,0,0,0,0,0,0,9.461500000000001
6185025,Nimble,Illinois,Zen Leaf Naperville,11/2/2024,Membership 0004348 Dime Membership,Current,149,0,0,0,0,0,0,164.27,15.27
6179683,Nimble,Maryland,Zen Leaf Elkridge,11/3/2024,Membership 0004352 Dime Membership,Current,149,0,0,0,0,0,0,158.31,9.31
1830002,Nimble,Illinois,Zen Leaf Naperville,11/3/2024,Membership 0004353 Quarter Membership,Current,249,0,0,0,0,0,0,274.52,25.52
6189708,Nimble,Maryland,Zen Leaf Germantown,11/3/2024,Membership 0004354 Dime Membership,Current,149,0,0,0,0,0,0,158.31,9.31
4505788,Nimble,Connecticut,Zen Leaf Naugatuck,11/4/2024,Membership 0004355 Dime Membership,Current,149,0,0,0,0,0,0,158.31,9.31
866100,Dutchie,Illinois,Dutchie Prospect Heights,11/4/2024,Membership 0004357 Dime Membership,Current,149,200,0,0,0,0,0,0,0.152725
5400771,Dutchie,New Jersey,Dutchie Lawrence Rec,11/4/2024,Membership 0004493 Dime Membership,Current,149,0,321.5,0,0,0,0,0,9.87125
4844753,Nimble,Illinois,Zen Leaf Naperville,11/4/2024,Membership 0004359 Dime Membership,Current,149,0,0,0,0,0,0,164.27,15.27
492894,Nimble,Illinois,Zen Leaf St. Charles,11/4/2024,Membership 0004360 Quarter Membership,Current,249,0,0,0,0,0,0,274.52,25.52
6192012,Nimble,Illinois,Zen Leaf Rogers Park,11/4/2024,Membership 0004361 Dime Membership,Current,149,0,0,0,0,0,0,164.27,15.27
1428960,Nimble,Illinois,Zen Leaf Pilsen,11/4/2024,Membership 0004362 Dime Membership,Current,149,0,0,0,0,0,0,164.27,15.27
2138652,Nimble,Connecticut,Zen Leaf Waterbury,11/4/2024,Membership 0004356 Dime Membership,Current,149,0,0,0,0,0,0,158.31,9.31
2530683,Nimble,New Jersey,Zen Leaf Neptune,11/6/2024,Membership 0004365 Dime Membership,Current,149,0,0,0,0,0,0,158.31,9.31
3819559,Dutchie,New Jersey,Dutchie Lawrence Rec,11/6/2024,Membership 0004366 Quarter Membership,Current,249,270,0,0,0,0,0,0,16.49625
4977362,Dutchie,New Jersey,Dutchie Neptune Rec,11/8/2024,Membership 0004368 Quarter Membership,Current,69,80,0,0,0,0,0,0,4.57125
4401751,Dutchie,Maryland,Dutchie Towson,11/8/2024,Membership 0004369 Quarter Membership,Current,249,300,0,0,0,0,0,0,14.94
1889597,Nimble,Illinois,Zen Leaf St. Charles,11/8/2024,Membership 0004372 Quarter Membership,Current,249,0,0,0,0,0,0,274.52,25.52
6206098,Nimble,New Jersey,Zen Leaf Elizabeth,11/9/2024,Membership 0004373 Quarter Membership,Current,249,0,0,0,0,0,0,264.56,15.56
5407079,Nimble,New Jersey,Zen Leaf Neptune,11/10/2024,Membership 0004374 Quarter Membership,Current,249,0,0,0,0,0,0,264.56,15.56
6213915,Nimble,Illinois,Zen Leaf Pilsen,11/11/2024,Membership 0004377 Quarter Membership,Current,249,0,0,0,0,0,0,274.52,25.52
727427,Nimble,Illinois,Zen Leaf St. Charles,11/11/2024,Membership 0004376 Dime Membership,Current,149,0,0,0,0,0,0,164.27,15.27
6213423,Nimble,Maryland,Zen Leaf Elkridge,11/11/2024,Membership 0004375 Quarter Membership,Current,249,0,0,0,0,0,0,264.56,15.56
3289261,Nimble,New Jersey,Zen Leaf Neptune,11/12/2024,Membership 0004378 Dime Membership,Current,149,0,0,0,0,0,0,158.31,9.31
744308,Nimble,Maryland,Zen Leaf Towson,11/12/2024,Membership 0004379 Dime Membership,Current,149,0,0,0,0,0,0,158.31,9.31
2538890,Nimble,Illinois,Zen Leaf West Loop,11/12/2024,Membership 0004380 Quarter Membership,Current,249,0,0,0,0,0,0,274.52,25.52
3074236,Nimble,New Jersey,Zen Leaf Elizabeth,11/13/2024,Membership 0004381 Dime Membership,Current,149,0,0,0,0,0,0,158.31,9.31
3975615,Nimble,New Jersey,Zen Leaf Lawrence,11/13/2024,Membership 0004382 Quarter Membership,Current,249,0,0,0,0,0,0,264.56,15.56
1395949,Nimble,Illinois,Zen Leaf West Loop,11/13/2024,Membership 0004384 Quarter Membership,Current,249,0,0,0,0,0,0,274.52,25.52
820689,Dutchie,Illinois,Dutchie Highland Park,11/14/2024,Membership 0004385 Quarter Membership,Current,249,280,0,0,0,0,0,0,0.25522500000000004
6224992,Nimble,Maryland,Zen Leaf Towson,11/15/2024,Membership 0004387 Dime Membership,Current,149,0,0,0,0,0,0,158.31,9.31
5599997,Dutchie,Illinois,Dutchie Aurora,11/15/2024,Membership 0004640 Quarter Membership,Current,249,0,0,0,400,0,0,0,0.25522500000000004
6229212,Nimble,Illinois,Zen Leaf Aurora,11/16/2024,Membership 0004390 Quarter Membership,Current,249,0,0,0,0,0,0,274.52,25.52
4846513,Dutchie,Illinois,Dutchie Aurora,11/16/2024,Membership 0004678 Dime Membership,Current,149,0,0,0,220,0,0,0,0.152725
824190,Dutchie,Illinois,Dutchie Highland Park,11/17/2024,Membership 0004392 Quarter Membership,Current,249,0,268.75,0,0,0,0,0,0.25522500000000004
6232185,Nimble,Maryland,Zen Leaf Elkridge,11/17/2024,Membership 0004393 Quarter Membership,Current,249,0,0,0,0,0,0,264.56,15.56
4731875,Nimble,Illinois,Zen Leaf Rogers Park,11/17/2024,Membership 0004391 Dime Membership,Current,149,0,0,0,0,0,0,164.27,15.27
4681657,Dutchie,Maryland,Dutchie Pasadena,11/18/2024,Membership 0004397 Quarter Membership,Current,249,300,0,0,0,0,0,0,14.94
4663328,Dutchie,New Jersey,Dutchie Lawrence Rec,11/18/2024,Membership 0004394 Dime Membership,Current,149,0,0,0,165,0,0,0,9.87125
6234828,Nimble,New Jersey,Zen Leaf Elizabeth,11/18/2024,Membership 0004398 Dime Membership,Current,149,0,0,0,0,0,0,158.31,9.31
6237733,Nimble,Maryland,Zen Leaf Pasadena,11/19/2024,Membership 0004399 Quarter Membership,Current,249,0,0,0,0,0,0,264.56,15.56
798485,Nimble,Illinois,Zen Leaf Prospect Heights,11/20/2024,Membership 0004403 Dime Membership,Current,149,0,0,0,0,0,0,164.27,15.27
5519653,Dutchie,Maryland,Dutchie Germantown,11/20/2024,Membership 0004400 Dime Membership,Current,149,160,0,0,0,0,0,0,8.94
4072209,Nimble,Connecticut,Zen Leaf Newington,11/20/2024,Membership 0004401 Dime Membership,Current,149,0,0,0,0,0,0,158.31,9.31
6241885,Nimble,Illinois,Zen Leaf Evanston,11/21/2024,Membership 0004404 Quarter Membership,Current,249,0,0,0,0,0,0,274.52,25.52
515444,Dutchie,Maryland,Dutchie Towson,11/21/2024,Membership 0004458 Quarter Membership,Current,249,300,0,0,0,0,0,0,14.94
5326508,Nimble,Connecticut,Zen Leaf Norwich,11/22/2024,Membership 0004412 Quarter Membership,Current,249,0,0,0,0,0,0,264.56,15.56
6246120,Nimble,Maryland,Zen Leaf Towson,11/22/2024,Membership 0004409 Dime Membership,Current,149,0,0,0,0,0,0,158.31,9.31
6244431,Nimble,New Jersey,Zen Leaf Neptune,11/22/2024,Membership 0004405 Dime Membership,Current,149,0,0,0,0,0,0,158.31,9.31
2441882,Dutchie,New Jersey,Dutchie Neptune Rec,11/22/2024,Membership 0004414 Quarter Membership,Current,249,282,0,0,0,0,0,0,16.49625
6245900,Nimble,New Jersey,Zen Leaf Mt. Holly,11/22/2024,Membership 0004408 Dime Membership,Current,149,0,0,0,0,0,0,158.31,9.31
1370692,Dutchie,Illinois,Dutchie Prospect Heights,11/22/2024,Membership 0004407 Quarter Membership,Current,249,280,0,0,0,0,0,0,0.25522500000000004
3166666,Nimble,New Jersey,Zen Leaf Neptune,11/22/2024,Membership 0004410 Quarter Membership,Current,249,0,0,0,0,0,0,264.56,15.56
6244638,Nimble,Maryland,Zen Leaf Elkridge,11/22/2024,Membership 0004406 Quarter Membership,Current,249,0,0,0,0,0,0,264.56,15.56
4764995,Nimble,Connecticut,Zen Leaf Newington,11/22/2024,Membership 0004411 Dime Membership,Current,149,0,0,0,0,0,0,158.31,9.31
5865019,Nimble,Maryland,Zen Leaf Germantown,11/23/2024,Membership 0004417 Dime Membership,Current,149,0,0,0,0,0,0,158.31,9.31
4469778,Nimble,Illinois,Zen Leaf Pilsen,11/23/2024,Membership 0004418 Dime Membership,Current,149,0,0,0,0,0,0,164.27,15.27
5466079,Nimble,Maryland,Zen Leaf Germantown,11/23/2024,Membership 0004421 Dime Membership,Current,149,0,0,0,0,0,0,158.31,9.31
5148218,Nimble,Illinois,Zen Leaf Pilsen,11/23/2024,Membership 0004419 Quarter Membership,Current,249,0,0,0,0,0,0,274.52,25.52
2568340,Dutchie,New Jersey,Dutchie Lawrence Rec,11/23/2024,Membership 0004416 Dime Membership,Current,149,0,0,0,175,0,0,0,9.87125
551278,Nimble,Illinois,Zen Leaf St. Charles,11/23/2024,Membership 0004420 Quarter Membership,Current,249,0,0,0,0,0,0,274.52,25.52
2874029,Nimble,New Jersey,Zen Leaf Elizabeth,11/24/2024,Membership 0004423 Quarter Membership,Current,249,0,0,0,0,0,0,264.56,15.56
2233777,Nimble,Illinois,Zen Leaf Lombard,11/24/2024,Membership 0004422 Dime Membership,Current,149,0,0,0,0,0,0,164.27,15.27
2879664,Dutchie,New Jersey,Dutchie Lawrence Rec,11/25/2024,Membership 0004426 Quarter Membership,Current,213.93,0,0,0,295,0,0,0,14.1728625
3746251,Dutchie,New Jersey,Dutchie Lawrence Rec,11/25/2024,Membership 0004425 Quarter Membership,Current,224,0,0,0,240,0,0,0,14.84
728545,Dutchie,Illinois,Dutchie Saint Charles,11/25/2024,Membership 0004424 Quarter Membership,Current,249,230,0,0,40,0,0,0,0.25522500000000004
4772733,Dutchie,Maryland,Dutchie Pasadena,11/25/2024,Membership 0004428 Quarter Membership,Current,249,265,0,0,0,0,0,0,14.94
1892658,Nimble,Illinois,Zen Leaf West Loop,11/25/2024,Membership 0004427 Dime Membership,Current,149,0,0,0,0,0,0,164.27,15.27
6256351,Nimble,New Jersey,Zen Leaf Mt. Holly,11/25/2024,Membership 0004429 Quarter Membership,Current,249,0,0,0,0,0,0,264.56,15.56
6258138,Nimble,New Jersey,Zen Leaf Elizabeth,11/26/2024,Membership 0004430 Quarter Membership,Current,249,0,0,0,0,0,0,264.56,15.56
2167632,Dutchie,Illinois,Dutchie Prospect Heights,11/26/2024,Membership 0004431 Quarter Membership,Current,249,276,0,0,0,0,0,0,0.25522500000000004
1680006,Nimble,Illinois,Zen Leaf St. Charles,11/27/2024,Membership 0004438 Dime Membership,Current,149,0,0,0,0,0,0,164.27,15.27
3564215,Nimble,Connecticut,Zen Leaf Naugatuck,11/27/2024,Membership 0004432 Dime Membership,Current,149,0,0,0,0,0,0,158.31,9.31
4559307,Nimble,Illinois,Zen Leaf St. Charles,11/27/2024,Membership 0004436 Dime Membership,Current,149,0,0,0,0,0,0,164.27,15.27
5775497,Nimble,Connecticut,Zen Leaf Norwich,11/27/2024,Membership 0004440 Quarter Membership,Current,249,0,0,0,0,0,0,264.56,15.56
1784072,Nimble,Illinois,Zen Leaf Pilsen,11/27/2024,Membership 0004441 Quarter Membership,Current,249,0,0,0,0,0,0,274.52,25.52
1734607,Nimble,Illinois,Zen Leaf Pilsen,11/27/2024,Membership 0004442 Dime Membership,Current,149,0,0,0,0,0,0,164.27,15.27
6263548,Nimble,Illinois,Zen Leaf Rogers Park,11/27/2024,Membership 0004437 Quarter Membership,Current,249,0,0,0,0,0,0,274.52,25.52
2637336,Nimble,Illinois,Zen Leaf St. Charles,11/27/2024,Membership 0004439 Quarter Membership,Current,249,0,0,0,0,0,0,274.52,25.52
550882,Nimble,Illinois,Zen Leaf St. Charles,11/27/2024,Membership 0004435 Dime Membership,Current,149,0,0,0,0,0,0,164.27,15.27
6261375,Nimble,New Jersey,Zen Leaf Elizabeth,11/27/2024,Membership 0004434 Quarter Membership,Current,249,0,0,0,0,0,0,264.56,15.56
5476372,Dutchie,New Jersey,Dutchie Neptune Rec,11/27/2024,Membership 0004433 Quarter Membership,Current,249,0,0,0,285,0,0,0,16.49625
4787922,Dutchie,Illinois,Dutchie Lombard,11/29/2024,Membership 0004452 Dime Membership,Current,149,0,402.5,0,0,0,0,0,0.152725
3249124,Dutchie,Illinois,Dutchie Rogers Park,11/29/2024,Membership 0004443 Dime Membership,Current,149,0,0,0,280,0,0,0,0.152725
1816114,Dutchie,New Jersey,Dutchie Neptune Rec,11/29/2024,Membership 0004444 Quarter Membership,Current,249,0,0,0,455,0,0,0,16.49625
5534335,Nimble,Illinois,Zen Leaf Lombard,11/29/2024,Membership 0004445 Dime Membership,Current,149,0,0,0,0,0,0,164.27,15.27
1801630,Dutchie,Illinois,Dutchie Evanston,11/30/2024,Membership 0004469 Dime Membership,Current,149,1000,0,0,0,0,0,0,0.152725
4285054,Dutchie,Illinois,Dutchie Prospect Heights,11/30/2024,Membership 0004470 Dime Membership,Current,149,0,0,0,170,0,0,0,0.152725
1813404,Nimble,New Jersey,Zen Leaf Neptune,11/30/2024,Membership 0004448 Dime Membership,Current,149,0,0,0,0,0,0,158.31,9.31
4871486,Nimble,Illinois,Zen Leaf Evanston,12/2/2024,Membership 0004450 Dime Membership,Current,149,0,0,0,0,0,0,164.27,15.27
5000638,Nimble,Connecticut,Zen Leaf Waterbury,12/2/2024,Membership 0004451 Quarter Membership,Current,249,0,0,0,0,0,0,264.56,15.56
5702727,Dutchie,Illinois,Dutchie Prospect Heights,12/2/2024,Membership 0004471 Quarter Membership,Current,249,280,0,0,0,0,0,0,0.25522500000000004
2853235,Nimble,Maryland,Zen Leaf Pasadena,12/2/2024,Membership 0004453 Quarter Membership,Current,249,0,0,0,0,0,0,264.56,15.56
2142290,Nimble,Illinois,Zen Leaf St. Charles,12/3/2024,Membership 0004455 Dime Membership,Current,149,0,0,0,0,0,0,164.27,15.27
3363460,Nimble,New Jersey,Zen Leaf Lawrence,12/3/2024,Membership 0004454 Quarter Membership,Current,249,0,0,0,0,0,0,264.56,15.56
4528673,Nimble,Illinois,Zen Leaf West Loop,12/4/2024,Membership 0004457 Quarter Membership,Current,249,0,0,0,0,0,0,274.52,25.52
5518017,Nimble,Illinois,Zen Leaf Lombard,12/5/2024,Membership 0004459 Dime Membership,Current,149,0,0,0,0,0,0,164.27,15.27
991939,Dutchie,Illinois,Dutchie Aurora,12/5/2024,Membership 0004461 Quarter Membership,Current,249,0,0,0,330,0,0,0,0.25522500000000004
6289004,Nimble,Connecticut,Zen Leaf Newington,12/6/2024,Membership 0004462 Quarter Membership,Current,249,0,0,0,0,0,0,264.56,15.56
904103,Dutchie,Illinois,Dutchie Naperville,12/6/2024,Membership 0004474 Dime Membership,Current,149,0,232.5,0,0,0,0,0,0.152725
1018937,Dutchie,Illinois,Dutchie Highland Park,12/6/2024,Membership 0004465 Quarter Membership,Current,249,269,0,0,0,0,0,0,0.25522500000000004
5645761,Nimble,Michigan,Zen Leaf Buchanan,12/6/2024,Membership 0004466 Dime Membership,Current,149,0,0,0,0,0,0,158.31,9.31
2493024,Nimble,Illinois,Zen Leaf St. Charles,12/6/2024,Membership 0004463 Quarter Membership,Current,249,0,0,0,0,0,0,274.52,25.52
6158456,Dutchie,Illinois,Dutchie Prospect Heights,12/7/2024,Membership 0004659 Quarter Membership,Current,249,0,272.5,0,0,0,0,0,0.25522500000000004
6235739,Nimble,New Jersey,Zen Leaf Neptune,12/10/2024,Membership 0004491 Quarter Membership,Current,249,0,0,0,0,0,0,264.56,15.56
6304561,Nimble,Connecticut,Zen Leaf Naugatuck,12/11/2024,Membership 0004492 Quarter Membership,Current,249,0,0,0,0,0,0,264.56,15.56
3724546,Dutchie,New Jersey,Dutchie Neptune Rec,12/12/2024,Membership 0004494 Dime Membership,Current,149,140,0,0,175,0,0,0,9.87125
6309852,Nimble,Maryland,Zen Leaf Towson,12/12/2024,Membership 0004495 Dime Membership,Current,149,0,0,0,0,0,0,158.31,9.31
3900488,Nimble,New Jersey,Zen Leaf Neptune,12/13/2024,Membership 0004497 Dime Membership,Current,149,0,0,0,0,0,0,158.31,9.31
4460207,Nimble,Maryland,Zen Leaf Germantown,12/13/2024,Membership 0004496 Dime Membership,Current,149,0,0,0,0,0,0,158.31,9.31
3230808,Dutchie,Maryland,Dutchie Pasadena,12/13/2024,Membership 0004778 Dime Membership,Current,149,300,0,0,0,0,0,0,8.94
4119156,Nimble,Illinois,Zen Leaf St. Charles,12/13/2024,Membership 0004500 Dime Membership,Current,149,0,0,0,0,0,0,164.27,15.27
3427882,Nimble,Illinois,Zen Leaf St. Charles,12/13/2024,Membership 0004502 Dime Membership,Current,149,0,0,0,0,0,0,164.27,15.27
6311520,Nimble,New Jersey,Zen Leaf Neptune,12/13/2024,Membership 0004498 Quarter Membership,Current,249,0,0,0,0,0,0,264.56,15.56
6312281,Nimble,Illinois,Zen Leaf St. Charles,12/13/2024,Membership 0004501 Quarter Membership,Current,249,0,0,0,0,0,0,274.52,25.52
1591538,Nimble,Illinois,Zen Leaf Pilsen,12/13/2024,Membership 0004499 Quarter Membership,Current,249,0,0,0,0,0,0,274.52,25.52
721593,Dutchie,Illinois,Dutchie Saint Charles,12/13/2024,Membership 0004503 Quarter Membership,Current,249,460,0,0,0,0,0,0,0.25522500000000004
5625636,Nimble,Illinois,Zen Leaf Aurora,12/14/2024,Membership 0004508 Quarter Membership,Current,249,0,0,0,0,0,0,274.52,25.52
1834179,Nimble,Illinois,Zen Leaf St. Charles,12/14/2024,Membership 0004505 Dime Membership,Current,149,0,0,0,0,0,0,164.27,15.27
1375760,Nimble,Illinois,Zen Leaf West Loop,12/14/2024,Membership 0004510 Quarter Membership,Current,249,0,0,0,0,0,0,274.52,25.52
4355699,Dutchie,Illinois,Dutchie Prospect Heights,12/14/2024,Membership 0004708 Quarter Membership,Current,249,300,0,0,0,0,0,0,0.25522500000000004
1281094,Nimble,Illinois,Zen Leaf Evanston,12/14/2024,Membership 0004507 Quarter Membership,Current,249,0,0,0,0,0,0,274.52,25.52
3908735,Nimble,Connecticut,Zen Leaf Waterbury,12/14/2024,Membership 0004509 Dime Membership,Current,149,0,0,0,0,0,0,158.31,9.31
5891488,Nimble,Connecticut,Zen Leaf Newington,12/14/2024,Membership 0004506 Dime Membership,Current,149,0,0,0,0,0,0,158.31,9.31
3202114,Dutchie,Michigan,Dutchie Buchanan MI Rec,12/14/2024,Membership 0004504 Quarter Membership,Current,249,0,0,0,265,0,0,0,0
3729406,Dutchie,Connecticut,Dutchie Willow Brook,12/15/2024,Membership 0004513 Quarter Membership,Current,249,264.75,0,0,0,0,0,0,15.8115
3010347,Nimble,Illinois,Zen Leaf St. Charles,12/15/2024,Membership 0004511 Dime Membership,Current,149,0,0,0,0,0,0,164.27,15.27
3876574,Nimble,Illinois,Zen Leaf St. Charles,12/15/2024,Membership 0004514 Dime Membership,Current,149,0,0,0,0,0,0,164.27,15.27
2642981,Nimble,New Jersey,Zen Leaf Neptune,12/15/2024,Membership 0004512 Dime Membership,Current,149,0,0,0,0,0,0,158.31,9.31
3920241,Dutchie,Illinois,Dutchie Greektown,12/16/2024,Membership 0004517 Dime Membership,Current,149,0,164.25,0,0,0,0,0,0.152725
2123201,Nimble,New Jersey,Zen Leaf Elizabeth,12/16/2024,Membership 0004515 Dime Membership,Current,149,0,0,0,0,0,0,158.31,9.31
4356757,Dutchie,New Jersey,Dutchie Lawrence Rec,12/16/2024,Membership 0004516 Dime Membership,Current,149,200.75,0,0,0,0,0,0,9.87125
6150439,Dutchie,Illinois,Dutchie Highland Park,12/17/2024,Membership 0004530 Quarter Membership,Current,189,220,0,0,0,0,0,0,0.193725
3137781,Dutchie,New Jersey,Dutchie Neptune Rec,12/17/2024,Membership 0004529 Dime Membership,Current,149,0,0,0,170,0,0,0,9.87125
2722984,Dutchie,New Jersey,Dutchie Lawrence Rec,12/17/2024,Membership 0004519 Dime Membership,Current,124.5,140,0,0,0,0,0,0,8.248125
2847846,Dutchie,Maryland,Dutchie Pasadena,12/17/2024,Membership 0004518 Quarter Membership,Current,249,280,0,0,0,0,0,0,14.94
2138851,Nimble,Connecticut,Zen Leaf Waterbury,12/17/2024,Membership 0004520 Quarter Membership,Current,249,0,0,0,0,0,0,264.56,15.56
4982082,Dutchie,Illinois,Dutchie Lombard,12/17/2024,Membership 0004525 Dime Membership,Current,149,0,0,0,170,0,0,0,0.152725
2951331,Nimble,New Jersey,Zen Leaf Neptune,12/17/2024,Membership 0004526 Quarter Membership,Current,249,0,0,0,0,0,0,264.56,15.56
6324776,Nimble,Maryland,Zen Leaf Elkridge,12/17/2024,Membership 0004528 Quarter Membership,Current,249,0,0,0,0,0,0,264.56,15.56
6323948,Nimble,Maryland,Zen Leaf Towson,12/17/2024,Membership 0004523 Quarter Membership,Current,249,0,0,0,0,0,0,264.56,15.56
810918,Nimble,Illinois,Zen Leaf Prospect Heights,12/17/2024,Membership 0004527 Dime Membership,Current,149,0,0,0,0,0,0,164.27,15.27
5040754,Nimble,New Jersey,Zen Leaf Neptune,12/17/2024,Membership 0004531 Dime Membership,Current,149,0,0,0,0,0,0,158.31,9.31
6323579,Nimble,New Jersey,Zen Leaf Neptune,12/17/2024,Membership 0004521 Dime Membership,Current,149,0,0,0,0,0,0,158.31,9.31
6313832,Nimble,Illinois,Zen Leaf Lombard,12/17/2024,Membership 0004522 Quarter Membership,Current,249,0,0,0,0,0,0,274.52,25.52
968301,Nimble,Illinois,Zen Leaf Prospect Heights,12/17/2024,Membership 0004524 Quarter Membership,Current,249,0,0,0,0,0,0,274.52,25.52
4812056,Nimble,Illinois,Zen Leaf Prospect Heights,12/18/2024,Membership 0004540 Dime Membership,Current,149,0,0,0,0,0,0,164.27,15.27
5029669,Dutchie,Illinois,Dutchie Greektown,12/18/2024,Membership 0004538 Dime Membership,Current,149,0,0,0,250,0,0,0,0.152725
4801146,Nimble,New Jersey,Zen Leaf Neptune,12/18/2024,Membership 0004536 Dime Membership,Current,149,0,0,0,0,0,0,158.31,9.31
3518109,Nimble,New Jersey,Zen Leaf Neptune,12/18/2024,Membership 0004535 Dime Membership,Current,149,0,0,0,0,0,0,158.31,9.31
3227552,Nimble,New Jersey,Zen Leaf Neptune,12/18/2024,Membership 0004542 Dime Membership,Current,149,0,0,0,0,0,0,158.31,9.31
1124369,Nimble,New Jersey,Zen Leaf Lawrence,12/18/2024,Membership 0004533 Quarter Membership,Current,249,0,0,0,0,0,0,264.56,15.56
5756424,Nimble,Illinois,Zen Leaf Naperville,12/18/2024,Membership 0004539 Dime Membership,Current,149,0,0,0,0,0,0,164.27,15.27
6328379,Nimble,New Jersey,Zen Leaf Lawrence,12/18/2024,Membership 0004541 Quarter Membership,Current,249,0,0,0,0,0,0,264.56,15.56
5895954,Nimble,New Jersey,Zen Leaf Lawrence,12/18/2024,Membership 0004532 Dime Membership,Current,149,0,0,0,0,0,0,158.31,9.31
5728642,Dutchie,New Jersey,Dutchie Mount Holly,12/18/2024,Membership 0004552 Dime Membership,Current,139,150,0,0,0,0,0,0,9.20875
494368,Nimble,Illinois,Zen Leaf St. Charles,12/18/2024,Membership 0004543 Quarter Membership,Current,249,0,0,0,0,0,0,274.52,25.52
4640190,Dutchie,Illinois,Dutchie Naperville,12/18/2024,Membership 0004534 Quarter Membership,Current,206.23,200,0,0,490,0,0,0,0.21138575
879037,Dutchie,Illinois,Dutchie Aurora,12/18/2024,Membership 0004537 Dime Membership,Current,149,120,0,0,170,0,0,0,0.152725
1865233,Nimble,Connecticut,Zen Leaf Meriden,12/19/2024,Membership 0004547 Dime Membership,Current,149,0,0,0,0,0,0,158.31,9.31
5877982,Nimble,Connecticut,Zen Leaf Naugatuck,12/19/2024,Membership 0004545 Dime Membership,Current,149,0,0,0,0,0,0,158.31,9.31
2560821,Dutchie,New Jersey,Dutchie Lawrence Rec,12/19/2024,Membership 0004544 Quarter Membership,Current,249,180,88.75,0,0,0,0,0,16.49625
1110000,Nimble,Illinois,Zen Leaf Naperville,12/19/2024,Membership 0004551 Quarter Membership,Current,249,0,0,0,0,0,0,274.52,25.52
1338477,Nimble,New Jersey,Zen Leaf Elizabeth,12/19/2024,Membership 0004548 Dime Membership,Current,149,0,0,0,0,0,0,158.31,9.31
6330954,Nimble,New Jersey,Zen Leaf Neptune,12/19/2024,Membership 0004549 Dime Membership,Current,149,0,0,0,0,0,0,158.31,9.31
1812365,Nimble,Illinois,Zen Leaf Lombard,12/19/2024,Membership 0004550 Quarter Membership,Current,249,0,0,0,0,0,0,274.52,25.52
2171317,Nimble,New Jersey,Zen Leaf Neptune,12/19/2024,Membership 0004546 Quarter Membership,Current,249,0,0,0,0,0,0,264.56,15.56
1975904,Dutchie,Illinois,Dutchie Highland Park,12/20/2024,Membership 0004567 Quarter Membership,Current,249,280,0,0,0,0,0,0,0.25522500000000004
2145017,Nimble,Illinois,Zen Leaf Naperville,12/20/2024,Membership 0004565 Quarter Membership,Current,249,0,0,0,0,0,0,274.52,25.52
626031,Dutchie,Michigan,Dutchie Buchanan MI Rec,12/20/2024,Membership 0004689 Dime Membership,Current,149,0,0,0,185,0,0,0,0
3210202,Nimble,New Jersey,Zen Leaf Elizabeth,12/20/2024,Membership 0004566 Quarter Membership,Current,249,0,0,0,0,0,0,264.56,15.56
3489211,Nimble,New Jersey,Zen Leaf Elizabeth,12/20/2024,Membership 0004564 Dime Membership,Current,149,0,0,0,0,0,0,158.31,9.31
1867018,Nimble,Connecticut,Zen Leaf Newington,12/20/2024,Membership 0004561 Dime Membership,Current,149,0,0,0,0,0,0,158.31,9.31
6332912,Nimble,Maryland,Zen Leaf Elkridge,12/20/2024,Membership 0004555 Quarter Membership,Current,249,0,0,0,0,0,0,264.56,15.56
1693813,Nimble,Illinois,Zen Leaf Aurora,12/20/2024,Membership 0004562 Dime Membership,Current,149,0,0,0,0,0,0,164.27,15.27
5425044,Dutchie,Maryland,Dutchie Towson,12/20/2024,Membership 0004616 Quarter Membership,Current,249,0,263.75,0,0,0,0,0,14.94
5248257,Dutchie,Illinois,Dutchie Highland Park,12/20/2024,Membership 0004557 Quarter Membership,Current,249,0,268.75,0,0,0,0,0,0.25522500000000004
6332389,Nimble,Connecticut,Zen Leaf Meriden,12/20/2024,Membership 0004553 Dime Membership,Current,149,0,0,0,0,0,0,158.31,9.31
1427628,Nimble,Illinois,Zen Leaf Pilsen,12/20/2024,Membership 0004560 Quarter Membership,Current,249,0,0,0,0,0,0,274.52,25.52
5336225,Nimble,Connecticut,Zen Leaf Norwich,12/20/2024,Membership 0004554 Dime Membership,Current,149,0,0,0,0,0,0,158.31,9.31
821051,Dutchie,Illinois,Dutchie Prospect Heights,12/20/2024,Membership 0004559 Quarter Membership,Current,249,273,0,0,0,0,0,0,0.25522500000000004
5747107,Nimble,Maryland,Zen Leaf Pasadena,12/20/2024,Membership 0004556 Quarter Membership,Current,249,0,0,0,0,0,0,264.56,15.56
5059743,Nimble,Maryland,Zen Leaf Pasadena,12/20/2024,Membership 0004558 Dime Membership,Current,149,0,0,0,0,0,0,158.31,9.31
3846793,Nimble,New Jersey,Zen Leaf Neptune,12/20/2024,Membership 0004563 Quarter Membership,Current,249,0,0,0,0,0,0,264.56,15.56
3950144,Dutchie,New Jersey,Dutchie Lawrence Rec,12/21/2024,Membership 0004569 Dime Membership,Current,149,300,0,0,0,0,0,0,9.87125
4049686,Dutchie,New Jersey,Dutchie Neptune Rec,12/21/2024,Membership 0004570 Quarter Membership,Current,249,160,0,0,125,0,0,0,16.49625
5255842,Nimble,Illinois,Zen Leaf Naperville,12/21/2024,Membership 0004582 Dime Membership,Current,149,0,0,0,0,0,0,164.27,15.27
2509820,Nimble,New Jersey,Zen Leaf Elizabeth,12/21/2024,Membership 0004584 Quarter Membership,Current,249,0,0,0,0,0,0,264.56,15.56
2510089,Nimble,New Jersey,Zen Leaf Elizabeth,12/21/2024,Membership 0004583 Quarter Membership,Current,249,0,0,0,0,0,0,264.56,15.56
3067688,Nimble,Maryland,Zen Leaf Pasadena,12/21/2024,Membership 0004578 Quarter Membership,Current,249,0,0,0,0,0,0,264.56,15.56
4546515,Nimble,New Jersey,Zen Leaf Neptune,12/21/2024,Membership 0004579 Quarter Membership,Current,249,0,0,0,0,0,0,264.56,15.56
4821105,Dutchie,Maryland,Dutchie Towson,12/21/2024,Membership 0004572 Dime Membership,Current,149,0,0,0,160,0,0,0,8.94
4669701,Nimble,New Jersey,Zen Leaf Mt. Holly,12/21/2024,Membership 0004568 Dime Membership,Current,149,0,0,0,0,0,0,158.31,9.31
1235086,Nimble,Illinois,Zen Leaf Highland Park,12/21/2024,Membership 0004571 Quarter Membership,Current,249,0,0,0,0,0,0,274.52,25.52
763480,Nimble,New Jersey,Zen Leaf Elizabeth,12/21/2024,Membership 0004577 Quarter Membership,Current,249,0,0,0,0,0,0,264.56,15.56
6339627,Nimble,Illinois,Zen Leaf St. Charles,12/21/2024,Membership 0004581 Dime Membership,Current,149,0,0,0,0,0,0,164.27,15.27
4872878,Nimble,Maryland,Zen Leaf Towson,12/21/2024,Membership 0004573 Dime Membership,Current,149,0,0,0,0,0,0,158.31,9.31
6338182,Nimble,Illinois,Zen Leaf Rogers Park,12/21/2024,Membership 0004574 Dime Membership,Current,149,0,0,0,0,0,0,164.27,15.27
6338876,Nimble,Illinois,Zen Leaf Pilsen,12/21/2024,Membership 0004576 Quarter Membership,Current,249,0,0,0,0,0,0,274.52,25.52
1816072,Nimble,New Jersey,Zen Leaf Neptune,12/21/2024,Membership 0004575 Quarter Membership,Current,249,0,0,0,0,0,0,264.56,15.56
1639103,Nimble,Illinois,Zen Leaf St. Charles,12/21/2024,Membership 0004580 Dime Membership,Current,149,0,0,0,0,0,0,164.27,15.27
1814172,Dutchie,New Jersey,Dutchie Neptune Rec,12/22/2024,Membership 0004598 Quarter Membership,Current,249,0,0,0,500,0,0,0,16.49625
611908,Nimble,New Jersey,Zen Leaf Elizabeth,12/22/2024,Membership 0004586 Dime Membership,Current,149,0,0,0,0,0,0,158.31,9.31
2965194,Nimble,New Jersey,Zen Leaf Neptune,12/22/2024,Membership 0004585 Quarter Membership,Current,249,0,0,0,0,0,0,264.56,15.56
5653606,Nimble,Illinois,Zen Leaf Prospect Heights,12/22/2024,Membership 0004587 Quarter Membership,Current,249,0,0,0,0,0,0,274.52,25.52
1961271,Nimble,Illinois,Zen Leaf Aurora,12/22/2024,Membership 0004589 Quarter Membership,Current,249,0,0,0,0,0,0,274.52,25.52
6198417,Nimble,New Jersey,Zen Leaf Neptune,12/22/2024,Membership 0004590 Dime Membership,Current,149,0,0,0,0,0,0,158.31,9.31
6342648,Nimble,Maryland,Zen Leaf Towson,12/22/2024,Membership 0004588 Dime Membership,Current,149,0,0,0,0,0,0,158.31,9.31
5712730,Dutchie,Maryland,Dutchie Towson,12/23/2024,Membership 0004596 Quarter Membership,Current,244.72,300,0,0,0,0,0,0,14.6832
5726038,Dutchie,Maryland,Dutchie Towson,12/23/2024,Membership 0004753 Dime Membership,Current,149,0,0,0,295,0,0,0,8.94
6346005,Nimble,Maryland,Zen Leaf Elkridge,12/23/2024,Membership 0004593 Dime Membership,Current,149,0,0,0,0,0,0,158.31,9.31
491040,Nimble,Maryland,Zen Leaf Elkridge,12/23/2024,Membership 0004592 Quarter Membership,Current,249,0,0,0,0,0,0,264.56,15.56
4939318,Dutchie,Maryland,Dutchie Germantown,12/23/2024,Membership 0004591 Dime Membership,Current,149,0,157.75,0,0,0,0,0,8.94
609353,Nimble,Illinois,Zen Leaf St. Charles,12/23/2024,Membership 0004594 Quarter Membership,Current,249,0,0,0,0,0,0,274.52,25.52
4817495,Nimble,New Jersey,Zen Leaf Neptune,12/23/2024,Membership 0004595 Dime Membership,Current,149,0,0,0,0,0,0,158.31,9.31
2564657,Nimble,New Jersey,Zen Leaf Elizabeth,12/24/2024,Membership 0004603 Quarter Membership,Current,249,0,0,0,0,0,0,264.56,15.56
3261374,Nimble,New Jersey,Zen Leaf Lawrence,12/24/2024,Membership 0004605 Quarter Membership,Current,249,0,0,0,0,0,0,264.56,15.56
5895694,Dutchie,Illinois,Dutchie Prospect Heights,12/24/2024,Membership 0004607 Quarter Membership,Current,249,273,0,0,0,0,0,0,0.25522500000000004
5673145,Dutchie,Maryland,Dutchie Towson,12/24/2024,Membership 0004604 Dime Membership,Current,145.67,0,0,0,430,0,0,0,8.7402
6348629,Dutchie,New Jersey,Dutchie Lawrence Rec,12/24/2024,Membership 0004602 Quarter Membership,Current,249,0,0,0,270,0,0,0,16.49625
2911329,Nimble,New Jersey,Zen Leaf Elizabeth,12/24/2024,Membership 0004600 Dime Membership,Current,149,0,0,0,0,0,0,158.31,9.31
4951824,Nimble,Connecticut,Zen Leaf Newington,12/24/2024,Membership 0004597 Quarter Membership,Current,249,0,0,0,0,0,0,264.56,15.56
6348648,Nimble,New Jersey,Zen Leaf Neptune,12/24/2024,Membership 0004599 Quarter Membership,Current,249,0,0,0,0,0,0,264.56,15.56
3657119,Nimble,New Jersey,Zen Leaf Elizabeth,12/24/2024,Membership 0004606 Quarter Membership,Current,249,0,0,0,0,0,0,258.96,9.96
6351228,Nimble,Illinois,Zen Leaf Evanston,12/25/2024,Membership 0004610 Dime Membership,Current,149,0,0,0,0,0,0,164.27,15.27
3755000,Nimble,New Jersey,Zen Leaf Neptune,12/26/2024,Membership 0004612 Dime Membership,Current,149,0,0,0,0,0,0,158.31,9.31
1819558,Nimble,New Jersey,Zen Leaf Neptune,12/26/2024,Membership 0004611 Dime Membership,Current,149,0,0,0,0,0,0,158.31,9.31
6352034,Nimble,Illinois,Zen Leaf St. Charles,12/26/2024,Membership 0004613 Dime Membership,Current,149,0,0,0,0,0,0,164.27,15.27
6267189,Dutchie,New Jersey,Dutchie Mount Holly,12/26/2024,Membership 0004615 Dime Membership,Current,143.16,280,0,0,0,0,0,0,9.484350000000001
5897101,Nimble,New Jersey,Zen Leaf Lawrence,12/27/2024,Membership 0004617 Dime Membership,Current,149,0,0,0,0,0,0,158.31,9.31
6356660,Nimble,New Jersey,Zen Leaf Elizabeth,12/27/2024,Membership 0004618 Dime Membership,Current,149,0,0,0,0,0,0,158.31,9.31
6302182,Nimble,Maryland,Zen Leaf Germantown,12/27/2024,Membership 0004619 Quarter Membership,Current,249,0,0,0,0,0,0,264.56,15.56
6362973,Nimble,Maryland,Zen Leaf Germantown,12/28/2024,Membership 0004623 Quarter Membership,Current,249,0,0,0,0,0,0,264.56,15.56
3305659,Nimble,Maryland,Zen Leaf Pasadena,12/28/2024,Membership 0004622 Quarter Membership,Current,249,0,0,0,0,0,0,264.56,15.56
2766167,Dutchie,Illinois,Dutchie Aurora,12/29/2024,Membership 0004625 Dime Membership,Current,149,500,0,0,0,0,0,0,0.152725
6364711,Nimble,New Jersey,Zen Leaf Lawrence,12/29/2024,Membership 0004626 Quarter Membership,Current,249,0,0,0,0,0,0,264.56,15.56
1746718,Dutchie,Illinois,Dutchie Aurora,12/30/2024,Membership 0004652 Quarter Membership,Current,229.49,0,0,0,340,0,0,0,0.23522725000000003
1995273,Nimble,Illinois,Zen Leaf Prospect Heights,12/30/2024,Membership 0004627 Dime Membership,Current,149,0,0,0,0,0,0,164.27,15.27
3664836,Nimble,Illinois,Zen Leaf Highland Park,12/30/2024,Membership 0004628 Quarter Membership,Current,249,0,0,0,0,0,0,274.52,25.52
2133780,Nimble,Connecticut,Zen Leaf Waterbury,12/31/2024,Membership 0004629 Dime Membership,Current,149,0,0,0,0,0,0,158.31,9.31
1324220,Dutchie,New Jersey,Dutchie Lawrence Rec,12/31/2024,Membership 0004838 Dime Membership,Current,149,0,0,0,205,0,0,0,9.87125
6369987,Nimble,New Jersey,Zen Leaf Neptune,12/31/2024,Membership 0004630 Dime Membership,Current,149,0,0,0,0,0,0,158.31,9.31
3999685,Dutchie,New Jersey,Dutchie Neptune Rec,12/31/2024,Membership 0004631 Dime Membership,Current,149,60,0,0,100,0,0,0,9.87125
4016327,Nimble,Illinois,Zen Leaf Naperville,12/31/2024,Membership 0004632 Dime Membership,Current,149,0,0,0,0,0,0,164.27,15.27
2947800,Nimble,New Jersey,Zen Leaf Neptune,12/31/2024,Membership 0004633 Dime Membership,Current,149,0,0,0,0,0,0,158.31,9.31
2140291,Nimble,Connecticut,Zen Leaf Waterbury,1/1/2025,Membership 0004637 Quarter Membership,Current,249,0,0,0,0,0,0,264.56,15.56
4904365,Nimble,Illinois,Zen Leaf Lombard,1/1/2025,Membership 0004636 Dime Membership,Current,149,0,0,0,0,0,0,164.27,15.27
6374058,Nimble,Michigan,Zen Leaf Buchanan,1/1/2025,Membership 0004635 Dime Membership,Current,149,0,0,0,0,0,0,158.31,9.31
4605032,Nimble,Michigan,Zen Leaf Buchanan,1/1/2025,Membership 0004634 Dime Membership,Current,149,0,0,0,0,0,0,164.27,15.27
3838706,Nimble,Illinois,Zen Leaf Lombard,1/1/2025,Membership 0004638 Dime Membership,Current,149,0,0,0,0,0,0,164.27,15.27
2941587,Nimble,Illinois,Zen Leaf Evanston,1/3/2025,Membership 0004644 Quarter Membership,Current,249,0,0,0,0,0,0,274.52,25.52
5857786,Dutchie,Connecticut,Dutchie Naugatuck,1/3/2025,Membership 0004645 Quarter Membership,Current,249,280,0,0,0,0,0,0,15.8115
2358404,Nimble,Illinois,Zen Leaf Naperville,1/3/2025,Membership 0004643 Dime Membership,Current,149,0,0,0,0,0,0,164.27,15.27
1338164,Nimble,Illinois,Zen Leaf Pilsen,1/3/2025,Membership 0004642 Quarter Membership,Current,249,0,0,0,0,0,0,274.52,25.52
1560177,Dutchie,Illinois,Dutchie West Chicago,1/3/2025,Membership 0004647 Dime Membership,Current,134.1,0,0,0,250,0,0,0,0.1374525
4812986,Nimble,Illinois,Zen Leaf St. Charles,1/3/2025,Membership 0004641 Quarter Membership,Current,249,0,0,0,0,0,0,274.52,25.52
1334034,Dutchie,Illinois,Dutchie Lombard,1/4/2025,Membership 0004653 Dime Membership,Current,109,200,0,0,0,0,0,0,0.111725
4954534,Dutchie,Maryland,Dutchie Germantown,1/4/2025,Membership 0004651 Dime Membership,Current,149,280,0,0,0,0,0,0,8.94
3099806,Dutchie,New Jersey,Dutchie Neptune Rec,1/4/2025,Membership 0004650 Quarter Membership,Current,249,600,0,0,0,0,0,0,16.49625
3435079,Nimble,Illinois,Zen Leaf Highland Park,1/4/2025,Membership 0004649 Quarter Membership,Current,249,0,0,0,0,0,0,274.52,25.52
517358,Dutchie,Maryland,Dutchie Towson,1/4/2025,Membership 0004648 Quarter Membership,Current,249,280,0,0,0,0,0,0,14.94
3176258,Dutchie,New Jersey,Dutchie Lawrence Rec,1/5/2025,Membership 0004654 Quarter Membership,Current,210.94,0,0,0,355,0,0,0,13.974775000000001
4283043,Nimble,Connecticut,Zen Leaf Newington,1/5/2025,Membership 0004655 Quarter Membership,Current,249,0,0,0,0,0,0,264.56,15.56
894029,Nimble,Illinois,Zen Leaf St. Charles,1/5/2025,Membership 0004656 Quarter Membership,Current,249,0,0,0,0,0,0,274.52,25.52
5556665,Nimble,Illinois,Zen Leaf Pilsen,1/6/2025,Membership 0004658 Dime Membership,Current,149,0,0,0,0,0,0,164.27,15.27
1653418,Nimble,Illinois,Zen Leaf Lombard,1/6/2025,Membership 0004660 Quarter Membership,Current,249,0,0,0,0,0,0,274.52,25.52
2467403,Nimble,New Jersey,Zen Leaf Lawrence,1/6/2025,Membership 0004657 Dime Membership,Current,149,0,0,0,0,0,0,158.31,9.31
3064941,Dutchie,New Jersey,Dutchie Neptune Rec,1/7/2025,Membership 0004662 Quarter Membership,Current,249,420,0,0,0,0,0,0,16.49625
5236306,Nimble,Illinois,Zen Leaf Prospect Heights,1/7/2025,Membership 0004661 Quarter Membership,Current,249,0,0,0,0,0,0,274.52,25.52
5706491,Nimble,New Jersey,Zen Leaf Neptune,1/8/2025,Membership 0004664 Dime Membership,Current,149,0,0,0,0,0,0,158.31,9.31
5087582,Dutchie,Maryland,Dutchie Germantown,1/8/2025,Membership 0004666 Quarter Membership,Current,249,264,0,0,0,0,0,0,14.94
6398081,Nimble,Illinois,Zen Leaf Prospect Heights,1/9/2025,Membership 0004672 Dime Membership,Current,149,0,0,0,0,0,0,164.27,15.27
563853,Nimble,Maryland,Zen Leaf Germantown,1/9/2025,Membership 0004670 Quarter Membership,Current,249,0,0,0,0,0,0,264.56,15.56
784873,Dutchie,Illinois,Dutchie Naperville,1/9/2025,Membership 0004671 Dime Membership,Current,149,200,0,0,0,0,0,0,0.152725
6219967,Nimble,New Jersey,Zen Leaf Lawrence,1/9/2025,Membership 0004669 Quarter Membership,Current,249,0,0,0,0,0,0,264.56,15.56
4652137,Nimble,New Jersey,Zen Leaf Neptune,1/9/2025,Membership 0004668 Quarter Membership,Current,249,0,0,0,0,0,0,264.56,15.56
4977253,Nimble,Illinois,Zen Leaf Lombard,1/9/2025,Membership 0004673 Quarter Membership,Current,249,0,0,0,0,0,0,274.52,25.52
6399579,Nimble,New Jersey,Zen Leaf Neptune,1/10/2025,Membership 0004674 Quarter Membership,Current,249,0,0,0,0,0,0,264.56,15.56
4872872,Nimble,Illinois,Zen Leaf Rogers Park,1/10/2025,Membership 0004676 Quarter Membership,Current,249,0,0,0,0,0,0,274.52,25.52
3730599,Nimble,New Jersey,Zen Leaf Neptune,1/12/2025,Membership 0004679 Dime Membership,Current,149,0,0,0,0,0,0,158.31,9.31
3186462,Dutchie,New Jersey,Dutchie Lawrence Rec,1/12/2025,Membership 0004680 Dime Membership,Current,149,200,0,0,0,0,0,0,9.87125
1867492,Nimble,Connecticut,Zen Leaf Meriden,1/13/2025,Membership 0004681 Quarter Membership,Current,249,0,0,0,0,0,0,264.56,15.56
3673744,Nimble,Illinois,Zen Leaf Rogers Park,1/14/2025,Membership 0004683 Dime Membership,Current,149,0,0,0,0,0,0,164.27,15.27
3176275,Nimble,New Jersey,Zen Leaf Neptune,1/14/2025,Membership 0004682 Dime Membership,Current,149,0,0,0,0,0,0,158.31,9.31
2919522,Dutchie,Illinois,Dutchie Lombard,1/15/2025,Membership 0004685 Quarter Membership,Current,249,0,0,0,270,0,0,0,0.25522500000000004
2926136,Nimble,New Jersey,Zen Leaf Neptune,1/15/2025,Membership 0004684 Dime Membership,Current,149,0,0,0,0,0,0,158.31,9.31
6414482,Nimble,New Jersey,Zen Leaf Lawrence,1/15/2025,Membership 0004686 Dime Membership,Current,149,0,0,0,0,0,0,158.31,9.31
2138039,Nimble,Connecticut,Zen Leaf Naugatuck,1/16/2025,Membership 0004688 Dime Membership,Current,149,0,0,0,0,0,0,158.31,9.31
953526,Dutchie,Illinois,Dutchie Naperville,1/17/2025,Membership 0004692 Quarter Membership,Current,249,0,327.5,0,0,0,0,0,0.25522500000000004
1042420,Nimble,Illinois,Zen Leaf Aurora,1/17/2025,Membership 0004690 Dime Membership,Current,149,0,0,0,0,0,0,164.27,15.27
6421359,Nimble,Illinois,Zen Leaf St. Charles,1/17/2025,Membership 0004695 Dime Membership,Current,149,0,0,0,0,0,0,164.27,15.27
844257,Dutchie,Illinois,Dutchie Highland Park,1/17/2025,Membership 0004691 Dime Membership,Current,149,165,0,0,0,0,0,0,0.152725
4018027,Nimble,Connecticut,Zen Leaf Meriden,1/18/2025,Membership 0004696 Dime Membership,Current,149,0,0,0,0,0,0,158.31,9.31
2139069,Dutchie,Connecticut,Dutchie Waterbury,1/20/2025,Membership 0004699 Dime Membership,Current,149,300,0,0,0,0,0,0,9.461500000000001
2141080,Nimble,Connecticut,Zen Leaf Waterbury,1/21/2025,Membership 0004701 Quarter Membership,Current,249,0,0,0,0,0,0,264.56,15.56
6430230,Nimble,Maryland,Zen Leaf Pasadena,1/21/2025,Membership 0004700 Quarter Membership,Current,249,0,0,0,0,0,0,264.56,15.56
6434230,Nimble,Maryland,Zen Leaf Towson,1/22/2025,Membership 0004703 Quarter Membership,Current,249,0,0,0,0,0,0,264.56,15.56
5514465,Dutchie,Maryland,Dutchie Towson,1/22/2025,Membership 0004702 Quarter Membership,Current,249,0,0,0,265,0,0,0,14.94
5681403,Dutchie,Illinois,Dutchie Lombard,1/22/2025,Membership 0004706 Quarter Membership,Current,249,0,0,0,350,0,0,0,0.25522500000000004
2138412,Nimble,Connecticut,Zen Leaf Waterbury,1/23/2025,Membership 0004707 Quarter Membership,Current,249,0,0,0,0,0,0,264.56,15.56
5728642,Dutchie,New Jersey,Dutchie Lawrence Rec,1/23/2025,Membership 0004552 Dime Membership,Current,149,0,158.75,0,0,0,0,0,9.87125
772411,Nimble,New Jersey,Zen Leaf Elizabeth,1/24/2025,Membership 0004709 Dime Membership,Current,149,0,0,0,0,0,0,158.31,9.31
1817021,Nimble,New Jersey,Zen Leaf Neptune,1/25/2025,Membership 0004713 Dime Membership,Current,149,0,0,0,0,0,0,158.31,9.31
5318814,Nimble,Illinois,Zen Leaf Naperville,1/25/2025,Membership 0004714 Dime Membership,Current,149,0,0,0,0,0,0,164.27,15.27
6443365,Nimble,New Jersey,Zen Leaf Lawrence,1/25/2025,Membership 0004715 Quarter Membership,Current,249,0,0,0,0,0,0,264.56,15.56
2896358,Nimble,Illinois,Zen Leaf West Loop,1/26/2025,Membership 0004716 Quarter Membership,Current,249,0,0,0,0,0,0,274.52,25.52
1332879,Nimble,Illinois,Zen Leaf Evanston,1/26/2025,Membership 0004717 Dime Membership,Current,149,0,0,0,0,0,0,164.27,15.27
1815718,Nimble,New Jersey,Zen Leaf Neptune,1/27/2025,Membership 0004722 Quarter Membership,Current,249,0,0,0,0,0,0,264.56,15.56
6447486,Dutchie,Connecticut,Dutchie Norwich,1/27/2025,Membership 0004721 Quarter Membership,Current,233.19,0,0,0,250,0,0,0,14.807565
883184,Nimble,Illinois,Zen Leaf St. Charles,1/28/2025,Membership 0004725 Quarter Membership,Current,249,0,0,0,0,0,0,274.52,25.52
4244753,Dutchie,Maryland,Dutchie Pasadena,1/29/2025,Membership 0004727 Dime Membership,Current,149,200,0,0,0,0,0,0,8.94
804840,Dutchie,Illinois,Dutchie Lombard,1/29/2025,Membership 0004726 Quarter Membership,Current,249,350,0,0,0,0,0,0,0.25522500000000004
6454277,Nimble,Illinois,Zen Leaf Rogers Park,1/29/2025,Membership 0004728 Quarter Membership,Current,249,0,0,0,0,0,0,274.52,25.52
6459965,Dutchie,Connecticut,Dutchie Willow Brook,1/31/2025,Membership 0004730 Dime Membership,Current,149,0,158.25,0,0,0,0,0,9.461500000000001
6461606,Nimble,Illinois,Zen Leaf West Loop,1/31/2025,Membership 0004731 Quarter Membership,Current,249,0,0,0,0,0,0,274.52,25.52
6205288,Nimble,Connecticut,Zen Leaf Naugatuck,1/31/2025,Membership 0004729 Quarter Membership,Current,249,0,0,0,0,0,0,264.56,15.56
6386924,Dutchie,New Jersey,Dutchie Mount Holly,2/1/2025,Membership 0004735 Quarter Membership,Current,249,300,0,0,220,0,0,0,16.49625
6386924,Nimble,New Jersey,Zen Leaf Mt. Holly,2/1/2025,Membership 0004735 Quarter Membership,Current,249,0,0,0,0,0,0,264.56,15.56
5591580,Dutchie,Illinois,Dutchie Prospect Heights,2/2/2025,Membership 0004737 Quarter Membership,Current,249,0,0,0,280,0,0,0,0.25522500000000004
2618145,Nimble,New Jersey,Zen Leaf Elizabeth,2/3/2025,Membership 0004739 Quarter Membership,Current,249,0,0,0,0,0,0,258.96,9.96
874510,Nimble,Illinois,Zen Leaf Aurora,2/3/2025,Membership 0004738 Quarter Membership,Current,249,0,0,0,0,0,0,274.52,25.52
4980047,Nimble,New Jersey,Zen Leaf Elizabeth,2/3/2025,Membership 0004740 Quarter Membership,Current,249,0,0,0,0,0,0,264.56,15.56
6324577,Nimble,Connecticut,Zen Leaf Naugatuck,2/4/2025,Membership 0004747 Quarter Membership,Current,249,0,0,0,0,0,0,264.56,15.56
3691431,Nimble,Connecticut,Zen Leaf Naugatuck,2/4/2025,Membership 0004746 Quarter Membership,Current,249,0,0,0,0,0,0,264.56,15.56
6471463,Nimble,Connecticut,Zen Leaf Waterbury,2/4/2025,Membership 0004744 Dime Membership,Current,149,0,0,0,0,0,0,158.31,9.31
5344607,Dutchie,Illinois,Dutchie Aurora,2/4/2025,Membership 0004743 Quarter Membership,Current,249,0,453,0,0,0,0,0,0.25522500000000004
4258886,Nimble,Illinois,Zen Leaf Prospect Heights,2/4/2025,Membership 0004745 Dime Membership,Current,149,0,0,0,0,0,0,164.27,15.27
1758886,Nimble,New Jersey,Zen Leaf Elizabeth,2/4/2025,Membership 0004741 Quarter Membership,Current,249,0,0,0,0,0,0,264.56,15.56
6471238,Nimble,Maryland,Zen Leaf Pasadena,2/4/2025,Membership 0004742 Quarter Membership,Current,249,0,0,0,0,0,0,264.56,15.56
6474907,Nimble,Illinois,Zen Leaf Pilsen,2/5/2025,Membership 0004748 Quarter Membership,Current,249,0,0,0,0,0,0,274.52,25.52
1797631,Nimble,Illinois,Zen Leaf St. Charles,2/5/2025,Membership 0004749 Quarter Membership,Current,249,0,0,0,0,0,0,274.52,25.52
5505553,Nimble,Illinois,Zen Leaf Lombard,2/5/2025,Membership 0004750 Dime Membership,Current,149,0,0,0,0,0,0,164.27,15.27
641921,Dutchie,Michigan,Dutchie Buchanan MI Rec,2/6/2025,Membership 0004751 Quarter Membership,Current,249,0,263.75,0,0,0,0,0,0
6481346,Nimble,Illinois,Zen Leaf Lombard,2/7/2025,Membership 0004752 Dime Membership,Current,149,0,0,0,0,0,0,164.27,15.27
6402251,Dutchie,Illinois,Dutchie Lombard,2/9/2025,Membership 0004754 Dime Membership,Current,149,0,0,0,170,0,0,0,0.152725
821485,Dutchie,Illinois,Dutchie Prospect Heights,2/9/2025,Membership 0004757 Quarter Membership,Current,249,280,0,0,0,0,0,0,0.25522500000000004
5282493,Dutchie,Maryland,Dutchie Towson,2/9/2025,Membership 0004756 Dime Membership,Current,149,200,0,0,0,0,0,0,8.94
1411964,Dutchie,New Jersey,Dutchie Lawrence Rec,2/10/2025,Membership 0004759 Quarter Membership,Current,249,400,0,0,0,0,0,0,16.49625
2848243,Dutchie,Maryland,Dutchie Pasadena,2/10/2025,Membership 0004760 Quarter Membership,Current,249,300,0,0,0,0,0,0,14.94
2144367,Nimble,Connecticut,Zen Leaf Newington,2/10/2025,Membership 0004764 Quarter Membership,Current,249,0,0,0,0,0,0,264.56,15.56
5398447,Nimble,Connecticut,Zen Leaf Newington,2/11/2025,Membership 0004766 Dime Membership,Current,149,0,0,0,0,0,0,158.31,9.31
4740323,Dutchie,Maryland,Dutchie Elkridge,2/11/2025,Membership 0004765 Quarter Membership,Current,249,150,0,0,115,0,0,0,14.94
557372,Nimble,Maryland,Zen Leaf Germantown,2/12/2025,Membership 0004769 Dime Membership,Current,149,0,0,0,0,0,0,158.31,9.31
4247389,Nimble,Illinois,Zen Leaf Lombard,2/12/2025,Membership 0004768 Dime Membership,Current,149,0,0,0,0,0,0,164.27,15.27
6443259,Nimble,New Jersey,Zen Leaf Lawrence,2/13/2025,Membership 0004770 Dime Membership,Current,149,0,0,0,0,0,0,158.31,9.31
1790270,Nimble,Illinois,Zen Leaf Lombard,2/14/2025,Membership 0004771 Dime Membership,Current,149,0,0,0,0,0,0,164.27,15.27
3284925,Nimble,Illinois,Zen Leaf Lombard,2/14/2025,Membership 0004772 Quarter Membership,Current,249,0,0,0,0,0,0,274.52,25.52
2579728,Nimble,Illinois,Zen Leaf Aurora,2/17/2025,Membership 0004773 Dime Membership,Current,149,0,0,0,0,0,0,164.27,15.27
4921474,Dutchie,Illinois,Dutchie Prospect Heights,2/18/2025,Membership 0004775 Quarter Membership,Current,249,0,0,0,280,0,0,0,0.25522500000000004
5359750,Dutchie,Illinois,Dutchie West Chicago,2/18/2025,Membership 0004776 Quarter Membership,Current,249,280,0,0,0,0,0,0,0.25522500000000004
843370,Nimble,New Jersey,Zen Leaf Elizabeth,2/18/2025,Membership 0004774 Dime Membership,Current,149,0,0,0,0,0,0,158.31,9.31
4098176,Dutchie,Connecticut,Dutchie Newington,2/19/2025,Membership 0004777 Dime Membership,Current,149,200.25,0,0,0,0,0,0,9.461500000000001
6255332,Dutchie,Maryland,Dutchie Pasadena,2/20/2025,Membership 0004781 Quarter Membership,Current,249,280,0,0,0,0,0,0,14.94
515565,Dutchie,Maryland,Dutchie Towson,2/20/2025,Membership 0004780 Quarter Membership,Current,249,270,0,0,0,0,0,0,14.94
813260,Dutchie,Illinois,Dutchie Prospect Heights,2/21/2025,Membership 0004783 Dime Membership,Current,149,165,0,0,0,0,0,0,0.152725
6381950,Dutchie,Illinois,Dutchie Aurora,2/21/2025,Membership 0004782 Dime Membership,Current,146.1,300,0,0,0,0,0,0,0.1497525
1016689,Nimble,Illinois,Zen Leaf Pilsen,2/22/2025,Membership 0004786 Quarter Membership,Current,249,0,0,0,0,0,0,274.52,25.52
6522019,Nimble,Maryland,Zen Leaf Germantown,2/22/2025,Membership 0004785 Dime Membership,Current,149,0,0,0,0,0,0,158.31,9.31
5000653,Nimble,Connecticut,Zen Leaf Newington,2/22/2025,Membership 0004784 Quarter Membership,Current,249,0,0,0,0,0,0,264.56,15.56
6522516,Dutchie,New Jersey,Dutchie Neptune Rec,2/23/2025,Membership 0004790 Quarter Membership,Current,249,0,0,0,285,0,0,0,16.49625
6525872,Nimble,New Jersey,Zen Leaf Lawrence,2/23/2025,Membership 0004787 Dime Membership,Current,149,0,0,0,0,0,0,158.31,9.31
4115734,Nimble,New Jersey,Zen Leaf Lawrence,2/23/2025,Membership 0004788 Quarter Membership,Current,249,0,0,0,0,0,0,264.56,15.56
4269215,Nimble,Illinois,Zen Leaf West Loop,2/24/2025,Membership 0001272 Quarter Membership,Future,249,0,0,0,0,0,0,274.52,25.52
4301974,Nimble,Maryland,Zen Leaf Pasadena,2/24/2025,Membership 0004792 Quarter Membership,Current,249,0,0,0,0,0,0,258.96,9.96
3904401,Nimble,New Jersey,Zen Leaf Neptune,2/24/2025,Membership 0004794 Quarter Membership,Current,249,0,0,0,0,0,0,264.56,15.56
6530966,Nimble,Illinois,Zen Leaf Lombard,2/25/2025,Membership 0004797 Quarter Membership,Current,249,0,0,0,0,0,0,274.52,25.52
6529716,Nimble,New Jersey,Zen Leaf Neptune,2/25/2025,Membership 0004795 Quarter Membership,Current,249,0,0,0,0,0,0,264.56,15.56
2977275,Dutchie,New Jersey,Dutchie Lawrence Rec,2/25/2025,Membership 0004796 Quarter Membership,Current,249,0,0,0,270,0,48.75,0,16.49625
5017883,Nimble,Illinois,Zen Leaf Naperville,2/26/2025,Membership 0001804 Quarter Membership,Future,249,0,0,0,0,0,0,224.52,25.52
1898879,Nimble,Illinois,Zen Leaf Rogers Park,2/26/2025,Membership 0000898 Quarter Membership,Future,249,0,0,0,0,0,0,224.52,25.52
6533942,Nimble,Illinois,Zen Leaf Highland Park,2/26/2025,Membership 0004843 Quarter Membership,Current,249,0,0,0,0,0,0,274.52,25.52
2839446,Nimble,New Jersey,Zen Leaf Neptune,2/26/2025,Membership 0001978 Dime Membership,Future,149,0,0,0,0,0,0,158.31,9.31
4051584,Nimble,Illinois,Zen Leaf St. Charles,2/26/2025,Membership 0001903 Quarter Membership,Future,149,0,0,0,0,0,0,164.27,15.27
3710760,Nimble,Illinois,Zen Leaf St. Charles,2/26/2025,Membership 0001149 Quarter Membership,Future,249,0,0,0,0,0,0,224.52,25.52
2970888,Nimble,New Jersey,Zen Leaf Lawrence,2/26/2025,Membership 0002075 Dime Membership,Future,149,0,0,0,0,0,0,158.31,9.31
856318,Nimble,Illinois,Zen Leaf St. Charles,2/26/2025,Membership 0000961 Quarter Membership,Future,249,0,0,0,0,0,0,224.52,25.52
2871884,Nimble,Illinois,Zen Leaf Rogers Park,2/26/2025,Membership 0000963 Quarter Membership,Future,249,0,0,0,0,0,0,224.52,25.52
3273270,Nimble,Illinois,Zen Leaf St. Charles,2/26/2025,Membership 0001705 Dime Membership,Future,149,0,0,0,0,0,0,149.27,15.27
4640801,Nimble,New Jersey,Zen Leaf Neptune,2/26/2025,Membership 0000960 Dime Membership,Future,149,0,0,0,0,0,0,158.31,9.31
3215191,Nimble,Illinois,Zen Leaf St. Charles,2/26/2025,Membership 0002194 Quarter Membership,Future,249,0,0,0,0,0,0,274.52,25.52
4218084,Nimble,New Jersey,Zen Leaf Lawrence,2/26/2025,Membership 0001731 Dime Membership,Future,149,0,0,0,0,0,0,158.31,9.31
1430366,Nimble,Illinois,Zen Leaf Pilsen,2/26/2025,Membership 0000948 Quarter Membership,Future,249,0,0,0,0,0,0,224.52,25.52
1001560,Nimble,Illinois,Zen Leaf Evanston,2/26/2025,Membership 0000968 Dime Membership,Future,249,0,0,0,0,0,0,224.52,25.52
5249081,Nimble,New Jersey,Zen Leaf Lawrence,2/26/2025,Membership 0000940 Dime Membership,Future,149,0,0,0,0,0,0,143.31,9.31
2253847,Nimble,New Jersey,Zen Leaf Neptune,2/26/2025,Membership 0000939 Quarter Membership,Future,249,0,0,0,0,0,0,264.56,15.56
2252797,Nimble,Illinois,Zen Leaf St. Charles,2/26/2025,Membership 0002123 Dime Membership,Future,149,0,0,0,0,0,0,164.27,15.27
3269494,Nimble,New Jersey,Zen Leaf Neptune,2/26/2025,Membership 0001389 Quarter Membership,Future,249,0,0,0,0,0,0,214.56,15.56
5263619,Nimble,New Jersey,Zen Leaf Lawrence,2/26/2025,Membership 0001571 Quarter Membership,Future,249,0,0,0,0,0,0,214.56,15.56
5009226,Nimble,New Jersey,Zen Leaf Elizabeth,2/26/2025,Membership 0001683 Quarter Membership,Future,249,0,0,0,0,0,0,214.56,15.56
2243276,Nimble,Illinois,Zen Leaf St. Charles,2/26/2025,Membership 0001013 Quarter Membership,Future,249,0,0,0,0,0,0,224.52,25.52
2600473,Nimble,New Jersey,Zen Leaf Neptune,2/26/2025,Membership 0000976 Quarter Membership,Future,249,0,0,0,0,0,0,214.56,15.56
2554938,Nimble,New Jersey,Zen Leaf Lawrence,2/26/2025,Membership 0001012 Quarter Membership,Future,249,0,0,0,0,0,0,214.56,15.56
3790474,Nimble,Illinois,Zen Leaf West Loop,2/26/2025,Membership 0000978 Quarter Membership,Future,249,0,0,0,0,0,0,224.52,25.52
1261775,Nimble,Illinois,Zen Leaf Evanston,2/26/2025,Membership 0000969 Dime Membership,Future,249,0,0,0,0,0,0,224.52,25.52
701752,Nimble,Illinois,Zen Leaf St. Charles,2/26/2025,Membership 0001416 Quarter Membership,Future,249,0,0,0,0,0,0,224.52,25.52
1620058,Nimble,New Jersey,Zen Leaf Lawrence,2/26/2025,Membership 0001022 Quarter Membership,Future,249,0,0,0,0,0,0,214.56,15.56
805113,Nimble,Illinois,Zen Leaf Aurora,2/26/2025,Membership 0001109 Quarter Membership,Future,249,0,0,0,0,0,0,224.52,25.52
1065519,Nimble,Illinois,Zen Leaf West Loop,2/26/2025,Membership 0001125 Dime Membership,Future,149,0,0,0,0,0,0,149.27,15.27
3558485,Nimble,New Jersey,Zen Leaf Lawrence,2/26/2025,Membership 0001162 Quarter Membership,Future,249,0,0,0,0,0,0,214.56,15.56
3683059,Nimble,Illinois,Zen Leaf Highland Park,2/26/2025,Membership 0001358 Quarter Membership,Future,249,0,0,0,0,0,0,224.52,25.52
2447446,Nimble,New Jersey,Zen Leaf Elizabeth,2/26/2025,Membership 0001067 Quarter Membership,Future,249,0,0,0,0,0,0,214.56,15.56
1957381,Nimble,Illinois,Zen Leaf Pilsen,2/26/2025,Membership 0001134 Quarter Membership,Future,249,0,0,0,0,0,0,224.52,25.52
5251488,Nimble,New Jersey,Zen Leaf Elizabeth,2/26/2025,Membership 0001248 Quarter Membership,Future,249,0,0,0,0,0,0,214.56,15.56
1458940,Nimble,Illinois,Zen Leaf Pilsen,2/26/2025,Membership 0001234 Quarter Membership,Future,249,0,0,0,0,0,0,224.52,25.52
5252082,Nimble,Illinois,Zen Leaf St. Charles,2/26/2025,Membership 0001274 Quarter Membership,Future,249,0,0,0,0,0,0,224.52,25.52
2225186,Nimble,New Jersey,Zen Leaf Lawrence,2/26/2025,Membership 0001334 Quarter Membership,Future,249,0,0,0,0,0,0,264.56,15.56
1041050,Nimble,Illinois,Zen Leaf Highland Park,2/26/2025,Membership 0001183 Quarter Membership,Future,249,0,0,0,0,0,0,224.52,25.52
2939317,Nimble,New Jersey,Zen Leaf Neptune,2/26/2025,Membership 0000832 Quarter Membership,Future,249,0,0,0,0,0,0,214.56,15.56
2181053,Nimble,Illinois,Zen Leaf Pilsen,2/26/2025,Membership 0001139 Quarter Membership,Future,249,0,0,0,0,0,0,224.52,25.52
1042911,Nimble,Illinois,Zen Leaf West Loop,2/26/2025,Membership 0001760 Dime Membership,Future,149,0,0,0,0,0,0,134,0
1237341,Nimble,Illinois,Zen Leaf Rogers Park,2/26/2025,Membership 0000945 Quarter Membership,Future,249,0,0,0,0,0,0,224.52,25.52
2510119,Nimble,New Jersey,Zen Leaf Elizabeth,2/26/2025,Membership 0001237 Quarter Membership,Future,249,0,0,0,0,0,0,214.56,15.56
3139985,Nimble,Illinois,Zen Leaf Pilsen,2/26/2025,Membership 0001531 Quarter Membership,Future,249,0,0,0,0,0,0,224.52,25.52
1712470,Nimble,Illinois,Zen Leaf Naperville,2/26/2025,Membership 0001147 Quarter Membership,Future,249,0,0,0,0,0,0,224.52,25.52
1244250,Nimble,Illinois,Zen Leaf Evanston,2/26/2025,Membership 0001482 Quarter Membership,Future,249,0,0,0,0,0,0,224.52,25.52
4711292,Dutchie,Maryland,Dutchie Pasadena,2/27/2025,Membership 0004863 Dime Membership,Current,149,0,157.96,0,0,0,0,0,8.94
1817129,Nimble,New Jersey,Zen Leaf Neptune,2/27/2025,Membership 0001168 Quarter Membership,Future,249,0,0,0,0,0,0,214.56,15.56
3510252,Nimble,New Jersey,Zen Leaf Lawrence,2/27/2025,Membership 0000958 Quarter Membership,Future,249,0,0,0,0,0,0,214.56,15.56
2507759,Nimble,New Jersey,Zen Leaf Neptune,2/27/2025,Membership 0002140 Quarter Membership,Future,249,0,0,0,0,0,0,264.56,15.56
698942,Nimble,Illinois,Zen Leaf St. Charles,2/27/2025,Membership 0001265 Quarter Membership,Future,249,0,0,0,0,0,0,224.52,25.52
632928,Nimble,Illinois,Zen Leaf Aurora,2/27/2025,Membership 0004851 Quarter Membership,Current,249,0,0,0,0,0,0,274.52,25.52
514301,Nimble,Illinois,Zen Leaf St. Charles,2/27/2025,Membership 0001011 Quarter Membership,Future,249,0,0,0,0,0,0,224.52,25.52
3785740,Nimble,New Jersey,Zen Leaf Elizabeth,2/27/2025,Membership 0001715 Quarter Membership,Future,249,0,0,0,0,0,0,214.56,15.56
536293,Nimble,Illinois,Zen Leaf St. Charles,2/27/2025,Membership 0000988 Quarter Membership,Future,249,0,0,0,0,0,0,274.52,25.52
5469034,Nimble,New Jersey,Zen Leaf Lawrence,2/27/2025,Membership 0004849 Dime Membership,Current,149,0,0,0,0,0,0,158.31,9.31
4761901,Dutchie,New Jersey,Dutchie Neptune Rec,2/27/2025,Membership 0004860 Dime Membership,Current,149,0,0,0,225,0,0,0,9.87125
1137786,Nimble,Illinois,Zen Leaf Evanston,2/27/2025,Membership 0001770 Quarter Membership,Future,249,0,0,0,0,0,0,274.52,25.52
6534098,Nimble,New Jersey,Zen Leaf Neptune,2/27/2025,Membership 0004850 Quarter Membership,Current,249,0,0,0,0,0,0,264.56,15.56
3464973,Nimble,New Jersey,Zen Leaf Neptune,2/27/2025,Membership 0000870 Quarter Membership,Future,249,0,0,0,0,0,0,264.56,15.56
5248522,Nimble,Illinois,Zen Leaf Pilsen,2/27/2025,Membership 0000866 Quarter Membership,Future,249,0,0,0,0,0,0,224.52,25.52
833435,Nimble,Illinois,Zen Leaf St. Charles,2/27/2025,Membership 0001806 Quarter Membership,Future,249,0,0,0,0,0,0,224.52,25.52
1329015,Nimble,New Jersey,Zen Leaf Lawrence,2/27/2025,Membership 0000943 Quarter Membership,Future,249,0,0,0,0,0,0,214.56,15.56
1864657,Nimble,Connecticut,Zen Leaf Meriden,2/27/2025,Membership 0004856 Dime Membership,Current,149,0,0,0,0,0,0,158.31,9.31
1733325,Nimble,Illinois,Zen Leaf St. Charles,2/27/2025,Membership 0000896 Quarter Membership,Future,249,0,0,0,0,0,0,224.52,25.52
727082,Nimble,Illinois,Zen Leaf St. Charles,2/28/2025,Membership 0001031 Quarter Membership,Future,249,0,0,0,0,0,0,224.52,25.52
3190658,Nimble,New Jersey,Zen Leaf Neptune,2/28/2025,Membership 0001108 Quarter Membership,Future,249,0,0,0,0,0,0,214.56,15.56
2568124,Nimble,New Jersey,Zen Leaf Lawrence,2/28/2025,Membership 0001718 Quarter Membership,Future,249,0,0,0,0,0,0,214.56,15.56
1664828,Nimble,Illinois,Zen Leaf Naperville,2/28/2025,Membership 0001917 Dime Membership,Future,149,0,0,0,0,0,0,149.27,15.27
731320,Nimble,Illinois,Zen Leaf St. Charles,2/28/2025,Membership 0000920 Dime Membership,Future,249,0,0,0,0,0,0,274.52,25.52
2839421,Nimble,Illinois,Zen Leaf Naperville,2/28/2025,Membership 0001739 Quarter Membership,Future,249,0,0,0,0,0,0,224.52,25.52
3088711,Nimble,New Jersey,Zen Leaf Neptune,2/28/2025,Membership 0001106 Dime Membership,Future,149,0,0,0,0,0,0,154.96,5.96
2467150,Nimble,New Jersey,Zen Leaf Neptune,2/28/2025,Membership 0001567 Quarter Membership,Future,249,0,0,0,0,0,0,214.56,15.56
548421,Nimble,Illinois,Zen Leaf St. Charles,2/28/2025,Membership 0000914 Quarter Membership,Future,249,0,0,0,0,0,0,224.52,25.52
1251742,Nimble,Illinois,Zen Leaf Evanston,2/28/2025,Membership 0001491 Quarter Membership,Future,249,0,0,0,0,0,0,224.52,25.52
5116435,Dutchie,Illinois,Dutchie Rogers Park,3/1/2025,Membership 0004878 Dime Membership,Current,149,0,0,0,340,0,0,0,0.152725
494039,Nimble,Illinois,Zen Leaf St. Charles,3/1/2025,Membership 0001378 Quarter Membership,Future,249,0,0,0,0,0,0,274.52,25.52
4218363,Nimble,New Jersey,Zen Leaf Lawrence,3/1/2025,Membership 0001695 Quarter Membership,Future,249,0,0,0,0,0,0,214.56,15.56
6542504,Dutchie,New Jersey,Dutchie Mount Holly,3/1/2025,Membership 0004880 Quarter Membership,Current,249,0,0,0,325,0,0,0,16.49625
2956180,Nimble,New Jersey,Zen Leaf Neptune,3/1/2025,Membership 0001001 Quarter Membership,Future,249,0,0,0,0,0,0,214.56,15.56
6543614,Nimble,Illinois,Zen Leaf Pilsen,3/1/2025,Membership 0004884 Quarter Membership,Current,249,0,0,0,0,0,0,274.52,25.52
1991988,Nimble,Illinois,Zen Leaf Lombard,3/1/2025,Membership 0004881 Dime Membership,Current,149,0,0,0,0,0,0,164.27,15.27
820165,Nimble,Illinois,Zen Leaf St. Charles,3/1/2025,Membership 0001075 Dime Membership,Future,149,0,0,0,0,0,0,149.27,15.27
3247905,Nimble,New Jersey,Zen Leaf Lawrence,3/2/2025,Membership 0001304 Dime Membership,Future,149,0,0,0,0,0,0,143.31,9.31
6545603,Nimble,Illinois,Zen Leaf Aurora,3/2/2025,Membership 0004885 Dime Membership,Current,149,0,0,0,0,0,0,164.27,15.27
2474165,Dutchie,Illinois,Dutchie Lombard,3/2/2025,Membership 0004887 Dime Membership,Current,149,0,160.75,0,0,0,0,0,0.152725
4802236,Dutchie,Illinois,Dutchie Aurora,3/2/2025,Membership 0001943 Dime Membership,Current,145.37,250,0,0,0,0,35,0,0.14900425
3232225,Nimble,New Jersey,Zen Leaf Neptune,3/2/2025,Membership 0001490 Quarter Membership,Future,249,0,0,0,0,0,0,214.56,15.56
5365727,Dutchie,Illinois,Dutchie Lombard,3/2/2025,Membership 0004886 Dime Membership,Current,149,170.75,0,0,0,0,0,0,0.152725
1827173,Nimble,Illinois,Zen Leaf Highland Park,3/2/2025,Membership 0001089 Quarter Membership,Future,249,0,0,0,0,0,0,224.52,25.52
3395257,Nimble,New Jersey,Zen Leaf Neptune,3/3/2025,Membership 0001128 Dime Membership,Future,149,0,0,0,0,0,0,158.31,9.31
5250364,Nimble,New Jersey,Zen Leaf Neptune,3/3/2025,Membership 0001103 Quarter Membership,Future,249,0,0,0,0,0,0,214.56,15.56
1653653,Nimble,Illinois,Zen Leaf Lombard,3/3/2025,Membership 0001455 Quarter Membership,Future,249,0,0,0,0,0,0,224.52,25.52
1004267,Nimble,Illinois,Zen Leaf Evanston,3/3/2025,Membership 0000935 Quarter Membership,Future,249,0,0,0,0,0,0,274.52,25.52
888798,Nimble,Illinois,Zen Leaf Highland Park,3/3/2025,Membership 0001160 Quarter Membership,Future,249,0,0,0,0,0,0,224.52,25.52
2639880,Nimble,New Jersey,Zen Leaf Neptune,3/3/2025,Membership 0001681 Dime Membership,Future,149,0,0,0,0,0,0,143.31,9.31
561826,Nimble,Illinois,Zen Leaf St. Charles,3/3/2025,Membership 0001148 Quarter Membership,Future,249,0,0,0,0,0,0,224.52,25.52
3655551,Nimble,Illinois,Zen Leaf Highland Park,3/3/2025,Membership 0001092 Quarter Membership,Future,249,0,0,0,0,0,0,274.52,25.52
2723399,Nimble,New Jersey,Zen Leaf Lawrence,3/3/2025,Membership 0001129 Quarter Membership,Future,249,0,0,0,0,0,0,214.56,15.56
3010162,Nimble,Illinois,Zen Leaf Lombard,3/3/2025,Membership 0004925 Quarter Membership,Current,249,0,0,0,0,0,0,274.52,25.52
3698381,Nimble,New Jersey,Zen Leaf Lawrence,3/3/2025,Membership 0001800 Quarter Membership,Future,249,0,0,0,0,0,0,264.56,15.56
4435437,Nimble,New Jersey,Zen Leaf Lawrence,3/3/2025,Membership 0001788 Dime Membership,Future,249,0,0,0,0,0,0,214.56,15.56
5125439,Nimble,New Jersey,Zen Leaf Lawrence,3/3/2025,Membership 0001753 Quarter Membership,Future,249,0,0,0,0,0,0,214.56,15.56
833331,Nimble,Illinois,Zen Leaf Highland Park,3/3/2025,Membership 0002135 Dime Membership,Future,149,0,0,0,0,0,0,164.27,15.27
708882,Nimble,Illinois,Zen Leaf St. Charles,3/3/2025,Membership 0001684 Quarter Membership,Future,249,0,0,0,0,0,0,224.52,25.52
5250289,Nimble,New Jersey,Zen Leaf Elizabeth,3/3/2025,Membership 0001090 Quarter Membership,Future,249,0,0,0,0,0,0,208.96,9.96
2217374,Nimble,Illinois,Zen Leaf Pilsen,3/3/2025,Membership 0002137 Dime Membership,Future,249,0,0,0,0,0,0,274.52,25.52
1010505,Nimble,Illinois,Zen Leaf Evanston,3/3/2025,Membership 0001343 Quarter Membership,Future,249,0,0,0,0,0,0,274.52,25.52
3168942,Nimble,New Jersey,Zen Leaf Lawrence,3/3/2025,Membership 0001675 Quarter Membership,Future,249,0,0,0,0,0,0,214.56,15.56
2258430,Nimble,New Jersey,Zen Leaf Neptune,3/3/2025,Membership 0001081 Quarter Membership,Future,249,0,0,0,0,0,0,214.56,15.56
2982572,Nimble,New Jersey,Zen Leaf Elizabeth,3/3/2025,Membership 0000929 Quarter Membership,Future,249,0,0,0,0,0,0,214.56,15.56
952922,Nimble,Illinois,Zen Leaf Naperville,3/3/2025,Membership 0001655 Quarter Membership,Future,249,0,0,0,0,0,0,224.52,25.52
757355,Nimble,Illinois,Zen Leaf St. Charles,3/3/2025,Membership 0001493 Quarter Membership,Future,249,0,0,0,0,0,0,224.52,25.52
4607002,Nimble,Illinois,Zen Leaf Naperville,3/3/2025,Membership 0001165 Quarter Membership,Future,249,0,0,0,0,0,0,224.52,25.52
5251531,Nimble,Illinois,Zen Leaf St. Charles,3/3/2025,Membership 0001249 Quarter Membership,Future,249,0,0,0,0,0,0,224.52,25.52
5207057,Nimble,New Jersey,Zen Leaf Elizabeth,3/3/2025,Membership 0000909 Quarter Membership,Future,249,0,0,0,0,0,0,208.96,9.96
761876,Nimble,Illinois,Zen Leaf St. Charles,3/3/2025,Membership 0001211 Quarter Membership,Future,249,0,0,0,0,0,0,224.52,25.52
1587511,Nimble,Illinois,Zen Leaf Pilsen,3/3/2025,Membership 0001324 Quarter Membership,Future,249,0,0,0,0,0,0,224.52,25.52
3608876,Nimble,New Jersey,Zen Leaf Neptune,3/3/2025,Membership 0001557 Quarter Membership,Future,249,0,0,0,0,0,0,214.56,15.56
795857,Nimble,Illinois,Zen Leaf St. Charles,3/3/2025,Membership 0000907 Quarter Membership,Future,249,0,0,0,0,0,0,224.52,25.52
675681,Nimble,Illinois,Zen Leaf St. Charles,3/3/2025,Membership 0001227 Quarter Membership,Future,249,0,0,0,0,0,0,224.52,25.52
3495270,Nimble,New Jersey,Zen Leaf Neptune,3/3/2025,Membership 0001409 Quarter Membership,Future,249,0,0,0,0,0,0,214.56,15.56
507674,Nimble,Illinois,Zen Leaf Aurora,3/3/2025,Membership 0000925 Quarter Membership,Future,249,0,0,0,0,0,0,224.52,25.52
3738813,Nimble,New Jersey,Zen Leaf Neptune,3/3/2025,Membership 0001270 Quarter Membership,Future,249,0,0,0,0,0,0,214.56,15.56
1471576,Nimble,Illinois,Zen Leaf Pilsen,3/3/2025,Membership 0001280 Quarter Membership,Future,249,0,0,0,0,0,0,224.52,25.52
3001676,Nimble,New Jersey,Zen Leaf Lawrence,3/4/2025,Membership 0001486 Dime Membership,Future,149,0,0,0,0,0,0,158.31,9.31
3760391,Nimble,New Jersey,Zen Leaf Lawrence,3/4/2025,Membership 0004937 Quarter Membership,Current,249,0,0,0,0,0,0,264.56,15.56
1242273,Nimble,Illinois,Zen Leaf Evanston,3/4/2025,Membership 0001383 Quarter Membership,Future,249,0,0,0,0,0,0,224.52,25.52
832145,Nimble,Illinois,Zen Leaf Highland Park,3/4/2025,Membership 0001958 Quarter Membership,Future,249,0,0,0,0,0,0,274.52,25.52
585404,Nimble,New Jersey,Zen Leaf Elizabeth,3/4/2025,Membership 0001035 Quarter Membership,Future,249,0,0,0,0,0,0,264.56,15.56
1796896,Nimble,Illinois,Zen Leaf Naperville,3/4/2025,Membership 0000853 Quarter Membership,Future,249,0,0,0,0,0,0,224.52,25.52
3786380,Nimble,New Jersey,Zen Leaf Neptune,3/4/2025,Membership 0001238 Dime Membership,Future,149,0,0,0,0,0,0,158.31,9.31
3450857,Nimble,Illinois,Zen Leaf Pilsen,3/4/2025,Membership 0001410 Quarter Membership,Future,249,0,0,0,0,0,0,274.52,25.52
2877674,Nimble,New Jersey,Zen Leaf Lawrence,3/4/2025,Membership 0001576 Quarter Membership,Future,249,0,0,0,0,0,0,214.56,15.56
866927,Nimble,Illinois,Zen Leaf Naperville,3/4/2025,Membership 0001686 Quarter Membership,Future,249,0,0,0,0,0,0,224.52,25.52
796505,Nimble,Illinois,Zen Leaf Naperville,3/4/2025,Membership 0001590 Quarter Membership,Future,249,0,0,0,0,0,0,274.52,25.52
756055,Nimble,Illinois,Zen Leaf St. Charles,3/4/2025,Membership 0001207 Quarter Membership,Future,249,0,0,0,0,0,0,224.52,25.52
3398826,Nimble,New Jersey,Zen Leaf Lawrence,3/4/2025,Membership 0001696 Dime Membership,Future,149,0,0,0,0,0,0,143.31,9.31
1385489,Nimble,Illinois,Zen Leaf Aurora,3/5/2025,Membership 0002063 Quarter Membership,Future,249,0,0,0,0,0,0,274.52,25.52
2441420,Nimble,Illinois,Zen Leaf St. Charles,3/5/2025,Membership 0001241 Quarter Membership,Future,249,0,0,0,0,0,0,274.52,25.52
2900079,Nimble,Illinois,Zen Leaf Pilsen,3/5/2025,Membership 0001387 Quarter Membership,Future,249,0,0,0,0,0,0,224.52,25.52
1283786,Nimble,Illinois,Zen Leaf Evanston,3/5/2025,Membership 0000839 Quarter Membership,Future,249,0,0,0,0,0,0,224.52,25.52
2465087,Nimble,Illinois,Zen Leaf St. Charles,3/5/2025,Membership 0001226 Quarter Membership,Future,249,0,0,0,0,0,0,224.52,25.52
4225407,Nimble,New Jersey,Zen Leaf Elizabeth,3/5/2025,Membership 0004941 Quarter Membership,Future,249,0,0,0,0,0,0,264.56,15.56
3440083,Nimble,New Jersey,Zen Leaf Neptune,3/5/2025,Membership 0001259 Quarter Membership,Future,249,0,0,0,0,0,0,214.56,15.56
1813904,Nimble,New Jersey,Zen Leaf Neptune,3/5/2025,Membership 0001281 Quarter Membership,Future,249,0,0,0,0,0,0,214.56,15.56
1671941,Nimble,Illinois,Zen Leaf St. Charles,3/5/2025,Membership 0001651 Quarter Membership,Future,249,0,0,0,0,0,0,224.52,25.52
820502,Nimble,Illinois,Zen Leaf Highland Park,3/5/2025,Membership 0001172 Quarter Membership,Future,249,0,0,0,0,0,0,224.52,25.52
4225407,Nimble,New Jersey,Zen Leaf Elizabeth,3/5/2025,Membership 0004941 Quarter Membership,Current,249,0,0,0,0,0,0,264.56,15.56
1315673,Nimble,Illinois,Zen Leaf Naperville,3/5/2025,Membership 0001466 Dime Membership,Future,149,0,0,0,0,0,0,149.27,15.27
1111435,Nimble,Illinois,Zen Leaf Naperville,3/6/2025,Membership 0002064 Dime Membership,Future,149,0,0,0,0,0,0,164.27,15.27
1386614,Dutchie,New Jersey,Dutchie Lawrence Rec,3/6/2025,Membership 0004960 Quarter Membership,Current,249,440,0,0,0,0,0,0,16.49625
2357157,Nimble,Illinois,Zen Leaf Pilsen,3/6/2025,Membership 0001842 Quarter Membership,Future,249,0,0,0,0,0,0,274.52,25.52
922681,Nimble,New Jersey,Zen Leaf Elizabeth,3/6/2025,Membership 0001436 Quarter Membership,Future,249,0,0,0,0,0,0,214.56,15.56
1225032,Nimble,Illinois,Zen Leaf Evanston,3/6/2025,Membership 0001021 Quarter Membership,Future,249,0,0,0,0,0,0,224.52,25.52
494388,Nimble,Illinois,Zen Leaf St. Charles,3/6/2025,Membership 0000851 Quarter Membership,Future,249,0,0,0,0,0,0,224.52,25.52
2661463,Nimble,New Jersey,Zen Leaf Lawrence,3/6/2025,Membership 0001074 Quarter Membership,Future,249,0,0,0,0,0,0,214.56,15.56
1238721,Nimble,Illinois,Zen Leaf Evanston,3/6/2025,Membership 0000959 Quarter Membership,Future,249,0,0,0,0,0,0,274.52,25.52
766032,Nimble,Illinois,Zen Leaf Aurora,3/6/2025,Membership 0001414 Quarter Membership,Future,249,0,0,0,0,0,0,224.52,25.52
2461103,Nimble,Illinois,Zen Leaf Pilsen,3/6/2025,Membership 0004961 Dime Membership,Current,149,0,0,0,0,0,0,164.27,15.27
702217,Nimble,Illinois,Zen Leaf Aurora,3/6/2025,Membership 0001220 Dime Membership,Future,149,0,0,0,0,0,0,164.27,15.27
1239806,Dutchie,Illinois,Dutchie Evanston,3/6/2025,Membership 0001417 Quarter Membership,Current,186.75,0,469,0,0,0,0,0,0.19141875000000003
2629476,Nimble,New Jersey,Zen Leaf Elizabeth,3/6/2025,Membership 0001492 Quarter Membership,Future,249,0,0,0,0,0,0,214.56,15.56
3306921,Nimble,New Jersey,Zen Leaf Lawrence,3/6/2025,Membership 0000998 Quarter Membership,Future,249,0,0,0,0,0,0,264.56,15.56
2556817,Nimble,Illinois,Zen Leaf Evanston,3/6/2025,Membership 0001143 Dime Membership,Future,149,0,0,0,0,0,0,164.27,15.27
4759195,Nimble,Illinois,Zen Leaf Prospect Heights,3/6/2025,Membership 0001511 Quarter Membership,Future,249,0,0,0,0,0,0,224.52,25.52
5249016,Nimble,New Jersey,Zen Leaf Lawrence,3/6/2025,Membership 0000932 Quarter Membership,Future,249,0,0,0,0,0,0,214.56,15.56
565949,Nimble,Illinois,Zen Leaf St. Charles,3/6/2025,Membership 0001007 Quarter Membership,Future,249,0,0,0,0,0,0,224.52,25.52
5266043,Nimble,New Jersey,Zen Leaf Lawrence,3/6/2025,Membership 0001670 Quarter Membership,Future,249,0,0,0,0,0,0,214.56,15.56
1125456,Nimble,New Jersey,Zen Leaf Lawrence,3/6/2025,Membership 0001174 Quarter Membership,Future,249,0,0,0,0,0,0,214.56,15.56
3066473,Nimble,New Jersey,Zen Leaf Neptune,3/6/2025,Membership 0001311 Dime Membership,Future,149,0,0,0,0,0,0,158.31,9.31
3872993,Nimble,New Jersey,Zen Leaf Neptune,3/6/2025,Membership 0000886 Quarter Membership,Future,249,0,0,0,0,0,0,214.56,15.56
2952991,Nimble,New Jersey,Zen Leaf Neptune,3/7/2025,Membership 0001826 Quarter Membership,Future,249,0,0,0,0,0,0,264.56,15.56
839132,Nimble,Illinois,Zen Leaf Aurora,3/7/2025,Membership 0000858 Quarter Membership,Future,249,0,0,0,0,0,0,224.52,25.52
1288117,Nimble,Illinois,Zen Leaf Rogers Park,3/7/2025,Membership 0004992 Dime Membership,Current,149,0,0,0,0,0,0,164.27,15.27
3082747,Nimble,New Jersey,Zen Leaf Neptune,3/7/2025,Membership 0001244 Dime Membership,Future,149,0,0,0,0,0,0,143.31,9.31
5251617,Nimble,Illinois,Zen Leaf Rogers Park,3/7/2025,Membership 0001255 Dime Membership,Future,249,0,0,0,0,0,0,224.52,25.52
2930623,Nimble,New Jersey,Zen Leaf Neptune,3/7/2025,Membership 0001609 Dime Membership,Future,249,0,0,0,0,0,0,214.56,15.56
2449623,Nimble,New Jersey,Zen Leaf Lawrence,3/7/2025,Membership 0000916 Dime Membership,Future,149,0,0,0,0,0,0,158.31,9.31
3215999,Nimble,New Jersey,Zen Leaf Neptune,3/7/2025,Membership 0000934 Quarter Membership,Future,249,0,0,0,0,0,0,214.56,15.56
890740,Dutchie,Illinois,Dutchie Evanston,3/7/2025,Membership 0001473 Quarter Membership,Current,199,500,0,0,0,0,0,0,0.20397500000000002
3344182,Nimble,New Jersey,Zen Leaf Neptune,3/7/2025,Membership 0001601 Quarter Membership,Future,249,0,0,0,0,0,0,214.56,15.56
838572,Nimble,Illinois,Zen Leaf St. Charles,3/7/2025,Membership 0001673 Quarter Membership,Future,249,0,0,0,0,0,0,224.52,25.52
3009154,Nimble,Illinois,Zen Leaf St. Charles,3/7/2025,Membership 0001740 Quarter Membership,Future,249,0,0,0,0,0,0,224.52,25.52
2955462,Nimble,New Jersey,Zen Leaf Neptune,3/7/2025,Membership 0001484 Quarter Membership,Future,249,0,0,0,0,0,0,264.56,15.56
788341,Nimble,Illinois,Zen Leaf Aurora,3/7/2025,Membership 0001494 Quarter Membership,Future,249,0,0,0,0,0,0,224.52,25.52
1426557,Nimble,Illinois,Zen Leaf Pilsen,3/7/2025,Membership 0001079 Dime Membership,Future,149,0,0,0,0,0,0,149.27,15.27
2597024,Nimble,New Jersey,Zen Leaf Lawrence,3/7/2025,Membership 0001706 Dime Membership,Future,149,0,0,0,0,0,0,143.31,9.31
2459805,Nimble,New Jersey,Zen Leaf Lawrence,3/7/2025,Membership 0001535 Dime Membership,Future,149,0,0,0,0,0,0,143.31,9.31
2294203,Nimble,New Jersey,Zen Leaf Neptune,3/7/2025,Membership 0001479 Quarter Membership,Future,249,0,0,0,0,0,0,214.56,15.56
3064496,Nimble,New Jersey,Zen Leaf Neptune,3/7/2025,Membership 0001037 Quarter Membership,Future,249,0,0,0,0,0,0,214.56,15.56
2664337,Dutchie,New Jersey,Dutchie Lawrence Rec,3/7/2025,Membership 0004985 Dime Membership,Current,149,0,0,0,230,0,0,0,9.87125
2598136,Nimble,New Jersey,Zen Leaf Elizabeth,3/8/2025,Membership 0001406 Quarter Membership,Future,249,0,0,0,0,0,0,214.56,15.56
6561816,Nimble,New Jersey,Zen Leaf Neptune,3/8/2025,Membership 0005001 Quarter Membership,Current,249,0,0,0,0,0,0,214.56,15.56
2649123,Nimble,New Jersey,Zen Leaf Neptune,3/8/2025,Membership 0000854 Quarter Membership,Future,249,0,0,0,0,0,0,214.56,15.56
3500178,Nimble,New Jersey,Zen Leaf Lawrence,3/8/2025,Membership 0001348 Quarter Membership,Future,249,0,0,0,0,0,0,214.56,15.56
1268679,Nimble,Illinois,Zen Leaf Evanston,3/8/2025,Membership 0001277 Quarter Membership,Future,249,0,0,0,0,0,0,224.52,25.52
3059543,Nimble,New Jersey,Zen Leaf Neptune,3/8/2025,Membership 0001560 Quarter Membership,Future,249,0,0,0,0,0,0,214.56,15.56
2313623,Nimble,New Jersey,Zen Leaf Neptune,3/8/2025,Membership 0001481 Quarter Membership,Future,249,0,0,0,0,0,0,264.56,15.56
2659164,Nimble,New Jersey,Zen Leaf Elizabeth,3/9/2025,Membership 0001423 Quarter Membership,Future,249,0,0,0,0,0,0,214.56,15.56
5470834,Dutchie,New Jersey,Dutchie Neptune Rec,3/9/2025,Membership 0005007 Quarter Membership,Current,249,510,0,0,0,0,0,0,16.49625
2653758,Nimble,New Jersey,Zen Leaf Elizabeth,3/9/2025,Membership 0001700 Quarter Membership,Future,249,0,0,0,0,0,0,214.56,15.56
5262205,Nimble,Illinois,Zen Leaf Pilsen,3/9/2025,Membership 0001526 Quarter Membership,Future,249,0,0,0,0,0,0,224.52,25.52
2643602,Nimble,New Jersey,Zen Leaf Elizabeth,3/9/2025,Membership 0001032 Quarter Membership,Future,249,0,0,0,0,0,0,214.56,15.56
5851887,Dutchie,Illinois,Dutchie Greektown,3/9/2025,Membership 0005009 Dime Membership,Current,146.38,0,0,0,260,0,0,0,0.15003950000000002
3874563,Dutchie,Illinois,Dutchie Prospect Heights,3/9/2025,Membership 0001942 Quarter Membership,Current,249,280,0,0,0,0,0,0,0.25522500000000004
4273003,Nimble,New Jersey,Zen Leaf Neptune,3/9/2025,Membership 0005010 Quarter Membership,Current,249,0,0,0,0,0,0,264.56,15.56
4778579,Nimble,Illinois,Zen Leaf St. Charles,3/10/2025,Membership 0001221 Quarter Membership,Future,249,0,0,0,0,0,0,224.52,25.52
2821850,Nimble,New Jersey,Zen Leaf Lawrence,3/10/2025,Membership 0001668 Quarter Membership,Future,249,0,0,0,0,0,0,214.56,15.56
1818084,Nimble,New Jersey,Zen Leaf Neptune,3/10/2025,Membership 0001199 Quarter Membership,Future,249,0,0,0,0,0,0,214.56,15.56
3331372,Nimble,New Jersey,Zen Leaf Lawrence,3/10/2025,Membership 0001201 Quarter Membership,Future,249,0,0,0,0,0,0,214.56,15.56
5163283,Nimble,Connecticut,Zen Leaf Newington,3/10/2025,Membership 0005023 Quarter Membership,Current,249,0,0,0,0,0,0,264.56,15.56
6567650,Nimble,Illinois,Zen Leaf St. Charles,3/10/2025,Membership 0005021 Quarter Membership,Current,249,0,0,0,0,0,0,274.52,25.52
5266964,Nimble,New Jersey,Zen Leaf Lawrence,3/10/2025,Membership 0001714 Quarter Membership,Future,249,0,0,0,0,0,0,214.56,15.56
3146383,Nimble,New Jersey,Zen Leaf Neptune,3/10/2025,Membership 0001055 Quarter Membership,Future,249,0,0,0,0,0,0,214.56,15.56
2562180,Nimble,New Jersey,Zen Leaf Neptune,3/10/2025,Membership 0001912 Dime Membership,Future,149,0,0,0,0,0,0,158.31,9.31
2947741,Nimble,New Jersey,Zen Leaf Neptune,3/10/2025,Membership 0000972 Quarter Membership,Future,249,0,0,0,0,0,0,214.56,15.56
4635440,Nimble,New Jersey,Zen Leaf Elizabeth,3/10/2025,Membership 0000885 Quarter Membership,Future,249,0,0,0,0,0,0,214.56,15.56
3159471,Nimble,New Jersey,Zen Leaf Neptune,3/11/2025,Membership 0001677 Quarter Membership,Future,249,0,0,0,0,0,0,214.56,15.56
5259560,Dutchie,New Jersey,Dutchie Neptune Rec,3/11/2025,Membership 0001467 Quarter Membership,Current,187,0,0,0,215,0,0,0,12.38875
6570526,Nimble,Maryland,Zen Leaf Germantown,3/11/2025,Membership 0005026 Quarter Membership,Current,249,0,0,0,0,0,0,264.56,15.56
3554549,Nimble,New Jersey,Zen Leaf Elizabeth,3/12/2025,Membership 0005041 Dime Membership,Current,149,0,0,0,0,0,0,158.31,9.31
3339941,Nimble,New Jersey,Zen Leaf Lawrence,3/12/2025,Membership 0005035 Quarter Membership,Current,249,0,0,0,0,0,0,264.56,15.56
3138957,Nimble,Illinois,Zen Leaf Pilsen,3/12/2025,Membership 0000906 Quarter Membership,Future,249,0,0,0,0,0,0,224.52,25.52
629595,Nimble,Illinois,Zen Leaf St. Charles,3/12/2025,Membership 0001127 Dime Membership,Future,149,0,0,0,0,0,0,164.27,15.27
1402609,Nimble,Illinois,Zen Leaf St. Charles,3/12/2025,Membership 0001426 Quarter Membership,Future,249,0,0,0,0,0,0,274.52,25.52
2131503,Nimble,Illinois,Zen Leaf Aurora,3/12/2025,Membership 0001616 Dime Membership,Future,149,0,0,0,0,0,0,149.27,15.27
597836,Nimble,New Jersey,Zen Leaf Lawrence,3/12/2025,Membership 0000877 Quarter Membership,Future,249,0,0,0,0,0,0,214.56,15.56
2284972,Nimble,New Jersey,Zen Leaf Elizabeth,3/12/2025,Membership 0001219 Quarter Membership,Future,249,0,0,0,0,0,0,214.56,15.56
1396301,Nimble,Illinois,Zen Leaf Pilsen,3/12/2025,Membership 0001669 Quarter Membership,Future,249,0,0,0,0,0,0,224.52,25.52
1796823,Nimble,Illinois,Zen Leaf St. Charles,3/12/2025,Membership 0001361 Quarter Membership,Future,249,0,0,0,0,0,0,224.52,25.52
2544984,Nimble,New Jersey,Zen Leaf Lawrence,3/12/2025,Membership 0001196 Dime Membership,Future,149,0,0,0,0,0,0,143.31,9.31
1785563,Nimble,Illinois,Zen Leaf Rogers Park,3/12/2025,Membership 0001472 Quarter Membership,Future,249,0,0,0,0,0,0,224.52,25.52
2500594,Nimble,New Jersey,Zen Leaf Lawrence,3/12/2025,Membership 0001738 Quarter Membership,Future,249,0,0,0,0,0,0,214.56,15.56
1257178,Nimble,Illinois,Zen Leaf Rogers Park,3/12/2025,Membership 0001425 Quarter Membership,Future,249,0,0,0,0,0,0,224.52,25.52
1819973,Nimble,Illinois,Zen Leaf Pilsen,3/12/2025,Membership 0001093 Quarter Membership,Future,249,0,0,0,0,0,0,224.52,25.52
2450828,Nimble,New Jersey,Zen Leaf Elizabeth,3/12/2025,Membership 0001083 Dime Membership,Future,149,0,0,0,0,0,0,143.31,9.31
4015873,Nimble,New Jersey,Zen Leaf Lawrence,3/12/2025,Membership 0001140 Quarter Membership,Future,249,0,0,0,0,0,0,214.56,15.56
2641223,Nimble,New Jersey,Zen Leaf Lawrence,3/12/2025,Membership 0001052 Quarter Membership,Future,249,0,0,0,0,0,0,214.56,15.56
3925209,Nimble,New Jersey,Zen Leaf Elizabeth,3/12/2025,Membership 0001041 Quarter Membership,Future,249,0,0,0,0,0,0,264.56,15.56
4566410,Dutchie,New Jersey,Dutchie Neptune Rec,3/13/2025,Membership 0005054 Quarter Membership,Current,249,0,0,0,270,0,0,0,16.49625
2163329,Nimble,Illinois,Zen Leaf St. Charles,3/13/2025,Membership 0001787 Quarter Membership,Future,249,0,0,0,0,0,0,224.52,25.52
5122736,Nimble,New Jersey,Zen Leaf Lawrence,3/13/2025,Membership 0001777 Dime Membership,Future,249,0,0,0,0,0,0,214.56,15.56
671575,Nimble,Illinois,Zen Leaf St. Charles,3/13/2025,Membership 0001275 Quarter Membership,Future,249,0,0,0,0,0,0,224.52,25.52
681261,Nimble,Illinois,Zen Leaf St. Charles,3/13/2025,Membership 0001200 Quarter Membership,Future,249,0,0,0,0,0,0,224.52,25.52
970196,Nimble,Illinois,Zen Leaf Rogers Park,3/13/2025,Membership 0001397 Quarter Membership,Future,249,0,0,0,0,0,0,274.52,25.52
4669148,Nimble,Illinois,Zen Leaf Highland Park,3/13/2025,Membership 0005051 Quarter Membership,Current,249,0,0,0,0,0,0,274.52,25.52
3140723,Nimble,New Jersey,Zen Leaf Lawrence,3/13/2025,Membership 0001308 Quarter Membership,Future,249,0,0,0,0,0,0,214.56,15.56
5040096,Nimble,New Jersey,Zen Leaf Lawrence,3/13/2025,Membership 0001307 Quarter Membership,Future,249,0,0,0,0,0,0,214.56,15.56
1617000,Nimble,Illinois,Zen Leaf Pilsen,3/14/2025,Membership 0000952 Quarter Membership,Future,249,0,0,0,0,0,0,274.52,25.52
1261072,Nimble,Illinois,Zen Leaf Rogers Park,3/14/2025,Membership 0001453 Dime Membership,Future,249,0,0,0,0,0,0,224.52,25.52
2745411,Nimble,New Jersey,Zen Leaf Lawrence,3/14/2025,Membership 0001084 Quarter Membership,Future,249,0,0,0,0,0,0,214.56,15.56
673260,Nimble,Illinois,Zen Leaf St. Charles,3/14/2025,Membership 0001347 Quarter Membership,Future,249,0,0,0,0,0,0,274.52,25.52
1813184,Nimble,New Jersey,Zen Leaf Neptune,3/14/2025,Membership 0000992 Quarter Membership,Future,249,0,0,0,0,0,0,214.56,15.56
1962107,Nimble,Illinois,Zen Leaf Naperville,3/14/2025,Membership 0001421 Quarter Membership,Future,249,0,0,0,0,0,0,224.52,25.52
3991491,Nimble,New Jersey,Zen Leaf Elizabeth,3/14/2025,Membership 0001441 Dime Membership,Future,149,0,0,0,0,0,0,143.31,9.31
811497,Nimble,Illinois,Zen Leaf Prospect Heights,3/14/2025,Membership 0001443 Quarter Membership,Future,249,0,0,0,0,0,0,224.52,25.52
941412,Nimble,Illinois,Zen Leaf Prospect Heights,3/14/2025,Membership 0001230 Quarter Membership,Future,249,0,0,0,0,0,0,224.52,25.52
5251143,Nimble,New Jersey,Zen Leaf Lawrence,3/14/2025,Membership 0001202 Quarter Membership,Future,249,0,0,0,0,0,0,214.56,15.56
2468838,Nimble,New Jersey,Zen Leaf Elizabeth,3/14/2025,Membership 0000923 Quarter Membership,Future,249,0,0,0,0,0,0,214.56,15.56
4452917,Dutchie,New Jersey,Dutchie Neptune Rec,3/14/2025,Membership 0001625 Quarter Membership,Current,199,0,225.25,0,0,0,0,0,13.18375
3266185,Nimble,New Jersey,Zen Leaf Neptune,3/14/2025,Membership 0000924 Quarter Membership,Future,249,0,0,0,0,0,0,214.56,15.56
556340,Dutchie,Maryland,Dutchie Germantown,3/14/2025,Membership 0005079 Quarter Membership,Current,249,280,0,0,0,0,0,0,14.94
817194,Nimble,Illinois,Zen Leaf Highland Park,3/14/2025,Membership 0001184 Quarter Membership,Future,249,0,0,0,0,0,0,224.52,25.52
2976809,Dutchie,New Jersey,Dutchie Neptune Rec,3/14/2025,Membership 0000826 Quarter Membership,Current,199,0,0,0,0,0,225.25,0,13.18375
604887,Nimble,Illinois,Zen Leaf Evanston,3/14/2025,Membership 0000901 Quarter Membership,Future,249,0,0,0,0,0,0,224.52,25.52
2637567,Nimble,New Jersey,Zen Leaf Lawrence,3/14/2025,Membership 0001131 Quarter Membership,Future,149,0,0,0,0,0,0,143.31,9.31
568506,Nimble,Illinois,Zen Leaf St. Charles,3/14/2025,Membership 0001072 Quarter Membership,Future,249,0,0,0,0,0,0,224.52,25.52
1967920,Nimble,Illinois,Zen Leaf St. Charles,3/14/2025,Membership 0002192 Dime Membership,Future,149,0,0,0,0,0,0,164.27,15.27
2494177,Nimble,New Jersey,Zen Leaf Lawrence,3/14/2025,Membership 0002151 Quarter Membership,Future,149,0,0,0,0,0,0,158.31,9.31
2307932,Nimble,New Jersey,Zen Leaf Elizabeth,3/14/2025,Membership 0000949 Quarter Membership,Future,249,0,0,0,0,0,0,214.56,15.56
671221,Nimble,Illinois,Zen Leaf St. Charles,3/14/2025,Membership 0001701 Quarter Membership,Future,249,0,0,0,0,0,0,224.52,25.52
2918177,Nimble,Illinois,Zen Leaf West Loop,3/14/2025,Membership 0001306 Quarter Membership,Future,249,0,0,0,0,0,0,224.52,25.52
2582792,Dutchie,Illinois,Dutchie Aurora,3/14/2025,Membership 0005084 Dime Membership,Current,149,201,0,0,0,0,0,0,0.152725
3146763,Nimble,Illinois,Zen Leaf Evanston,3/14/2025,Membership 0000865 Dime Membership,Future,149,0,0,0,0,0,0,149.27,15.27
4333161,Nimble,Illinois,Zen Leaf West Loop,3/14/2025,Membership 0001525 Quarter Membership,Future,249,0,0,0,0,0,0,224.52,25.52
1247833,Nimble,Illinois,Zen Leaf Rogers Park,3/14/2025,Membership 0001645 Quarter Membership,Future,249,0,0,0,0,0,0,224.52,25.52
764918,Nimble,Illinois,Zen Leaf Highland Park,3/14/2025,Membership 0000845 Quarter Membership,Future,249,0,0,0,0,0,0,224.52,25.52
2741819,Nimble,New Jersey,Zen Leaf Neptune,3/14/2025,Membership 0002131 Quarter Membership,Future,249,0,0,0,0,0,0,264.56,15.56
889750,Nimble,Illinois,Zen Leaf St. Charles,3/15/2025,Membership 0000985 Quarter Membership,Future,249,0,0,0,0,0,0,224.52,25.52
887085,Nimble,Illinois,Zen Leaf Prospect Heights,3/15/2025,Membership 0001187 Dime Membership,Future,249,0,0,0,0,0,0,224.52,25.52
1981657,Nimble,Illinois,Zen Leaf St. Charles,3/15/2025,Membership 0001934 Quarter Membership,Future,249,0,0,0,0,0,0,274.52,25.52
805687,Nimble,Illinois,Zen Leaf St. Charles,3/15/2025,Membership 0001712 Quarter Membership,Future,249,0,0,0,0,0,0,224.52,25.52
5267243,Nimble,New Jersey,Zen Leaf Lawrence,3/15/2025,Membership 0001727 Dime Membership,Future,149,0,0,0,0,0,0,158.31,9.31
1814526,Dutchie,New Jersey,Dutchie Neptune Rec,3/15/2025,Membership 0000979 Quarter Membership,Current,187,211.75,0,0,0,0,0,0,12.38875
5141385,Nimble,New Jersey,Zen Leaf Neptune,3/15/2025,Membership 0001099 Quarter Membership,Future,249,0,0,0,0,0,0,214.56,15.56
492563,Nimble,Maryland,Zen Leaf Elkridge,3/15/2025,Membership 0005095 Quarter Membership,Current,249,0,0,0,0,0,0,264.56,15.56
2930627,Nimble,New Jersey,Zen Leaf Neptune,3/15/2025,Membership 0002078 Dime Membership,Future,149,0,0,0,0,0,0,158.31,9.31
833868,Nimble,Illinois,Zen Leaf St. Charles,3/15/2025,Membership 0001023 Quarter Membership,Future,249,0,0,0,0,0,0,224.52,25.52
6584575,Nimble,Connecticut,Zen Leaf Naugatuck,3/16/2025,Membership 0005099 Quarter Membership,Current,249,0,0,0,0,0,0,264.56,15.56
2591435,Nimble,New Jersey,Zen Leaf Lawrence,3/16/2025,Membership 0001495 Quarter Membership,Future,249,0,0,0,0,0,0,214.56,15.56
800247,Nimble,Illinois,Zen Leaf Prospect Heights,3/16/2025,Membership 0005100 Quarter Membership,Current,249,0,0,0,0,0,0,274.52,25.52
1427212,Nimble,Illinois,Zen Leaf Pilsen,3/16/2025,Membership 0001283 Quarter Membership,Future,249,0,0,0,0,0,0,224.52,25.52
6583011,Nimble,Illinois,Zen Leaf Pilsen,3/16/2025,Membership 0005097 Quarter Membership,Current,249,0,0,0,0,0,0,274.52,25.52
3519177,Nimble,New Jersey,Zen Leaf Neptune,3/17/2025,Membership 0001554 Quarter Membership,Future,249,0,0,0,0,0,0,214.56,15.56
2366824,Nimble,New Jersey,Zen Leaf Neptune,3/17/2025,Membership 0000867 Quarter Membership,Future,249,0,0,0,0,0,0,214.56,15.56
4117626,Nimble,Illinois,Zen Leaf Naperville,3/17/2025,Membership 0001456 Quarter Membership,Future,249,0,0,0,0,0,0,224.52,25.52
3845334,Nimble,Illinois,Zen Leaf Rogers Park,3/17/2025,Membership 0005108 Quarter Membership,Current,249,0,0,0,0,0,0,274.52,25.52
2857123,Dutchie,New Jersey,Dutchie Elizabeth Rec,3/17/2025,Membership 0001335 Quarter Membership,Current,199,0,0,0,430,0,0,0,13.18375
5696619,Dutchie,New Jersey,Dutchie Neptune Rec,3/17/2025,Membership 0005104 Dime Membership,Current,149,210,0,0,0,0,0,0,9.87125
3690410,Nimble,Illinois,Zen Leaf Highland Park,3/17/2025,Membership 0000834 Quarter Membership,Future,249,0,0,0,0,0,0,224.52,25.52
721129,Nimble,Illinois,Zen Leaf St. Charles,3/17/2025,Membership 0000873 Quarter Membership,Future,249,0,0,0,0,0,0,224.52,25.52
1817546,Nimble,New Jersey,Zen Leaf Neptune,3/18/2025,Membership 0005116 Dime Membership,Current,149,0,0,0,0,0,0,158.31,9.31
5249664,Nimble,Illinois,Zen Leaf Rogers Park,3/18/2025,Membership 0001006 Quarter Membership,Future,249,0,0,0,0,0,0,224.52,25.52
5623419,Nimble,New Jersey,Zen Leaf Lawrence,3/18/2025,Membership 0005111 Quarter Membership,Current,249,0,0,0,0,0,0,264.56,15.56
496563,Nimble,Maryland,Zen Leaf Pasadena,3/18/2025,Membership 0005115 Dime Membership,Current,149,0,0,0,0,0,0,158.31,9.31
5263786,Nimble,Illinois,Zen Leaf Pilsen,3/18/2025,Membership 0001581 Quarter Membership,Future,249,0,0,0,0,0,0,224.52,25.52
3574364,Nimble,New Jersey,Zen Leaf Neptune,3/18/2025,Membership 0001680 Quarter Membership,Future,249,0,0,0,0,0,0,214.56,15.56
1813451,Nimble,New Jersey,Zen Leaf Neptune,3/18/2025,Membership 0001900 Quarter Membership,Future,249,0,0,0,0,0,0,214.56,15.56
1427023,Nimble,Illinois,Zen Leaf Pilsen,3/18/2025,Membership 0001043 Dime Membership,Future,249,0,0,0,0,0,0,224.52,25.52
1244810,Nimble,Illinois,Zen Leaf Evanston,3/19/2025,Membership 0001113 Quarter Membership,Future,249,0,0,0,0,0,0,224.52,25.52
2197718,Nimble,Illinois,Zen Leaf Lombard,3/19/2025,Membership 0002066 Quarter Membership,Future,249,0,0,0,0,0,0,274.52,25.52
2192047,Nimble,Illinois,Zen Leaf St. Charles,3/19/2025,Membership 0001362 Quarter Membership,Future,249,0,0,0,0,0,0,224.52,25.52
1442992,Nimble,Illinois,Zen Leaf Pilsen,3/19/2025,Membership 0001930 Quarter Membership,Future,249,0,0,0,0,0,0,274.52,25.52
2460694,Nimble,New Jersey,Zen Leaf Lawrence,3/19/2025,Membership 0001046 Quarter Membership,Future,249,0,0,0,0,0,0,214.56,15.56
2562388,Nimble,New Jersey,Zen Leaf Elizabeth,3/19/2025,Membership 0000955 Quarter Membership,Future,249,0,0,0,0,0,0,214.56,15.56
2370342,Nimble,Illinois,Zen Leaf Evanston,3/19/2025,Membership 0000995 Quarter Membership,Future,249,0,0,0,0,0,0,224.52,25.52
5249355,Nimble,Illinois,Zen Leaf Highland Park,3/19/2025,Membership 0000962 Quarter Membership,Future,249,0,0,0,0,0,0,224.52,25.52
1373032,Nimble,New Jersey,Zen Leaf Lawrence,3/19/2025,Membership 0000922 Quarter Membership,Future,249,0,0,0,0,0,0,214.56,15.56
760474,Nimble,Illinois,Zen Leaf Naperville,3/19/2025,Membership 0001757 Quarter Membership,Future,149,0,0,0,0,0,0,164.27,15.27
1818093,Nimble,New Jersey,Zen Leaf Neptune,3/19/2025,Membership 0001489 Dime Membership,Future,149,0,0,0,0,0,0,143.31,9.31
1090302,Nimble,Illinois,Zen Leaf Highland Park,3/19/2025,Membership 0001252 Quarter Membership,Future,249,0,0,0,0,0,0,274.52,25.52
2957131,Nimble,Illinois,Zen Leaf Highland Park,3/19/2025,Membership 0001190 Dime Membership,Future,149,0,0,0,0,0,0,164.27,15.27
4133774,Nimble,New Jersey,Zen Leaf Neptune,3/19/2025,Membership 0001501 Quarter Membership,Future,249,0,0,0,0,0,0,214.56,15.56
3760277,Nimble,Illinois,Zen Leaf Pilsen,3/19/2025,Membership 0001279 Quarter Membership,Future,249,0,0,0,0,0,0,274.52,25.52
2570998,Nimble,New Jersey,Zen Leaf Lawrence,3/19/2025,Membership 0001649 Quarter Membership,Future,249,0,0,0,0,0,0,214.56,15.56
5399665,Nimble,Illinois,Zen Leaf Rogers Park,3/20/2025,Membership 0005144 Quarter Membership,Current,249,0,0,0,0,0,0,274.52,25.52
5042836,Nimble,Illinois,Zen Leaf Rogers Park,3/20/2025,Membership 0000917 Quarter Membership,Future,249,0,0,0,0,0,0,224.52,25.52
5249895,Nimble,New Jersey,Zen Leaf Lawrence,3/20/2025,Membership 0001034 Quarter Membership,Future,249,0,0,0,0,0,0,214.56,15.56
3256893,Nimble,New Jersey,Zen Leaf Neptune,3/20/2025,Membership 0001401 Quarter Membership,Future,249,0,0,0,0,0,0,214.56,15.56
1369680,Nimble,Illinois,Zen Leaf Pilsen,3/20/2025,Membership 0001266 Dime Membership,Future,149,0,0,0,0,0,0,164.27,15.27
5634117,Nimble,Connecticut,Zen Leaf Newington,3/20/2025,Membership 0005148 Dime Membership,Current,149,0,0,0,0,0,0,158.31,9.31
6593142,Nimble,Maryland,Zen Leaf Elkridge,3/20/2025,Membership 0005141 Dime Membership,Current,149,0,0,0,0,0,0,158.31,9.31
1124538,Nimble,New Jersey,Zen Leaf Lawrence,3/20/2025,Membership 0001353 Quarter Membership,Future,249,0,0,0,0,0,0,264.56,15.56
2325100,Nimble,Illinois,Zen Leaf Aurora,3/20/2025,Membership 0001952 Quarter Membership,Future,249,0,0,0,0,0,0,274.52,25.52
1817657,Nimble,New Jersey,Zen Leaf Neptune,3/20/2025,Membership 0001448 Quarter Membership,Future,249,0,0,0,0,0,0,214.56,15.56
2280108,Nimble,Illinois,Zen Leaf Pilsen,3/20/2025,Membership 0001014 Dime Membership,Future,149,0,0,0,0,0,0,149.27,15.27
3244414,Nimble,New Jersey,Zen Leaf Neptune,3/20/2025,Membership 0001351 Dime Membership,Future,249,0,0,0,0,0,0,214.56,15.56
2454140,Nimble,New Jersey,Zen Leaf Neptune,3/20/2025,Membership 0000849 Quarter Membership,Future,249,0,0,0,0,0,0,214.56,15.56
1243862,Nimble,Illinois,Zen Leaf Rogers Park,3/20/2025,Membership 0000848 Quarter Membership,Future,249,0,0,0,0,0,0,224.52,25.52
4168025,Nimble,Illinois,Zen Leaf Rogers Park,3/21/2025,Membership 0001541 Quarter Membership,Future,249,0,0,0,0,0,0,224.52,25.52
552785,Nimble,Illinois,Zen Leaf St. Charles,3/21/2025,Membership 0001399 Quarter Membership,Future,249,0,0,0,0,0,0,224.52,25.52
6596243,Nimble,Illinois,Zen Leaf Pilsen,3/21/2025,Membership 0005156 Quarter Membership,Current,249,0,0,0,0,0,0,274.52,25.52
2658718,Nimble,New Jersey,Zen Leaf Lawrence,3/21/2025,Membership 0000842 Dime Membership,Future,149,0,0,0,0,0,0,143.31,9.31
1813198,Nimble,New Jersey,Zen Leaf Neptune,3/21/2025,Membership 0001741 Dime Membership,Future,149,0,0,0,0,0,0,158.31,9.31
5248692,Nimble,Illinois,Zen Leaf Lombard,3/21/2025,Membership 0000882 Dime Membership,Future,149,0,0,0,0,0,0,149.27,15.27
2930786,Nimble,New Jersey,Zen Leaf Neptune,3/21/2025,Membership 0001218 Quarter Membership,Future,249,0,0,0,0,0,0,214.56,15.56
1870511,Nimble,Illinois,Zen Leaf Lombard,3/21/2025,Membership 0001433 Quarter Membership,Future,249,0,0,0,0,0,0,224.52,25.52
492864,Nimble,Illinois,Zen Leaf St. Charles,3/21/2025,Membership 0001635 Quarter Membership,Future,249,0,0,0,0,0,0,224.52,25.52
5266830,Nimble,New Jersey,Zen Leaf Neptune,3/21/2025,Membership 0001692 Quarter Membership,Future,249,0,0,0,0,0,0,214.56,15.56
1851704,Nimble,New Jersey,Zen Leaf Lawrence,3/21/2025,Membership 0000951 Quarter Membership,Future,249,0,0,0,0,0,0,214.56,15.56
4560601,Nimble,Illinois,Zen Leaf Evanston,3/21/2025,Membership 0000986 Quarter Membership,Future,249,0,0,0,0,0,0,224.52,25.52
669105,Nimble,Illinois,Zen Leaf St. Charles,3/22/2025,Membership 0000876 Dime Membership,Future,149,0,0,0,0,0,0,149.27,15.27
5051796,Nimble,Illinois,Zen Leaf St. Charles,3/22/2025,Membership 0001984 Quarter Membership,Future,249,0,0,0,0,0,0,274.52,25.52
1812776,Nimble,New Jersey,Zen Leaf Lawrence,3/22/2025,Membership 0001823 Quarter Membership,Future,249,0,0,0,0,0,0,214.56,15.56
5249296,Nimble,New Jersey,Zen Leaf Lawrence,3/22/2025,Membership 0000957 Quarter Membership,Future,249,0,0,0,0,0,0,214.56,15.56
1397566,Nimble,Illinois,Zen Leaf Naperville,3/22/2025,Membership 0001480 Quarter Membership,Future,249,0,0,0,0,0,0,224.52,25.52
4334907,Nimble,Illinois,Zen Leaf Naperville,3/22/2025,Membership 0005165 Dime Membership,Current,149,0,0,0,0,0,0,164.27,15.27
1435449,Nimble,Illinois,Zen Leaf Pilsen,3/23/2025,Membership 0001096 Quarter Membership,Future,249,0,0,0,0,0,0,224.52,25.52
559088,Nimble,Illinois,Zen Leaf St. Charles,3/23/2025,Membership 0000874 Quarter Membership,Future,249,0,0,0,0,0,0,224.52,25.52
5388661,Nimble,Connecticut,Zen Leaf Naugatuck,3/23/2025,Membership 0005173 Quarter Membership,Current,249,0,0,0,0,0,0,264.56,15.56
1813794,Nimble,New Jersey,Zen Leaf Neptune,3/23/2025,Membership 0000980 Quarter Membership,Future,249,0,0,0,0,0,0,214.56,15.56
811152,Nimble,Illinois,Zen Leaf St. Charles,3/23/2025,Membership 0005168 Quarter Membership,Current,249,0,0,0,0,0,0,274.52,25.52
2322782,Nimble,Illinois,Zen Leaf West Loop,3/23/2025,Membership 0001713 Quarter Membership,Future,249,0,0,0,0,0,0,224.52,25.52
581925,Nimble,New Jersey,Zen Leaf Neptune,3/23/2025,Membership 0001832 Quarter Membership,Future,249,0,0,0,0,0,0,264.56,15.56
2823305,Nimble,New Jersey,Zen Leaf Lawrence,3/23/2025,Membership 0001723 Dime Membership,Future,249,0,0,0,0,0,0,214.56,15.56
3272479,Nimble,New Jersey,Zen Leaf Lawrence,3/24/2025,Membership 0001048 Quarter Membership,Future,249,0,0,0,0,0,0,214.56,15.56
547469,Nimble,Illinois,Zen Leaf St. Charles,3/24/2025,Membership 0002210 Quarter Membership,Future,249,0,0,0,0,0,0,274.52,25.52
2969799,Nimble,New Jersey,Zen Leaf Neptune,3/24/2025,Membership 0001339 Quarter Membership,Future,249,0,0,0,0,0,0,214.56,15.56
5266845,Nimble,New Jersey,Zen Leaf Neptune,3/24/2025,Membership 0001699 Dime Membership,Future,149,0,0,0,0,0,0,143.31,9.31
1125385,Nimble,Illinois,Zen Leaf Evanston,3/24/2025,Membership 0001533 Quarter Membership,Future,249,0,0,0,0,0,0,224.52,25.52
3225893,Nimble,New Jersey,Zen Leaf Neptune,3/24/2025,Membership 0001205 Quarter Membership,Future,249,0,0,0,0,0,0,214.56,15.56
4547407,Nimble,Illinois,Zen Leaf Pilsen,3/24/2025,Membership 0001356 Dime Membership,Future,149,0,0,0,0,0,0,164.27,15.27
2962342,Nimble,New Jersey,Zen Leaf Neptune,3/24/2025,Membership 0001400 Quarter Membership,Future,249,0,0,0,0,0,0,214.56,15.56
3557197,Nimble,Illinois,Zen Leaf Aurora,3/24/2025,Membership 0001193 Quarter Membership,Future,149,0,0,0,0,0,0,164.27,15.27
4369437,Nimble,New Jersey,Zen Leaf Neptune,3/24/2025,Membership 0000831 Quarter Membership,Future,249,0,0,0,0,0,0,214.56,15.56
2657078,Nimble,New Jersey,Zen Leaf Neptune,3/24/2025,Membership 0001497 Quarter Membership,Future,249,0,0,0,0,0,0,214.56,15.56
822448,Nimble,Illinois,Zen Leaf Highland Park,3/24/2025,Membership 0001264 Quarter Membership,Future,249,0,0,0,0,0,0,274.52,25.52
750492,Nimble,Illinois,Zen Leaf Naperville,3/24/2025,Membership 0001009 Quarter Membership,Future,249,0,0,0,0,0,0,224.52,25.52
3148095,Nimble,Illinois,Zen Leaf St. Charles,3/24/2025,Membership 0001693 Quarter Membership,Future,249,0,0,0,0,0,0,224.52,25.52
1764843,Nimble,Illinois,Zen Leaf Pilsen,3/24/2025,Membership 0001305 Quarter Membership,Future,249,0,0,0,0,0,0,274.52,25.52
1713762,Nimble,Illinois,Zen Leaf Rogers Park,3/24/2025,Membership 0001926 Quarter Membership,Future,249,0,0,0,0,0,0,274.52,25.52
2496375,Nimble,New Jersey,Zen Leaf Lawrence,3/24/2025,Membership 0001088 Quarter Membership,Future,249,0,0,0,0,0,0,214.56,15.56
5264760,Nimble,New Jersey,Zen Leaf Lawrence,3/24/2025,Membership 0001617 Dime Membership,Future,149,0,0,0,0,0,0,143.31,9.31
1402698,Nimble,Illinois,Zen Leaf Rogers Park,3/24/2025,Membership 0002112 Dime Membership,Future,149,0,0,0,0,0,0,164.27,15.27
1435656,Nimble,Illinois,Zen Leaf Highland Park,3/24/2025,Membership 0002076 Quarter Membership,Future,249,0,0,0,0,0,0,274.52,25.52
747839,Nimble,Illinois,Zen Leaf St. Charles,3/24/2025,Membership 0000931 Quarter Membership,Future,249,0,0,0,0,0,0,274.52,25.52
847835,Nimble,Illinois,Zen Leaf Highland Park,3/24/2025,Membership 0001161 Dime Membership,Future,149,0,0,0,0,0,0,149.27,15.27
1846339,Nimble,Illinois,Zen Leaf St. Charles,3/24/2025,Membership 0000887 Quarter Membership,Future,249,0,0,0,0,0,0,224.52,25.52
4915837,Dutchie,Illinois,Dutchie Evanston,3/25/2025,Membership 0002039 Quarter Membership,Current,249,0,0,0,380,0,0,0,0.25522500000000004
3325507,Nimble,New Jersey,Zen Leaf Neptune,3/25/2025,Membership 0001789 Dime Membership,Future,149,0,0,0,0,0,0,158.31,9.31
3164294,Nimble,New Jersey,Zen Leaf Neptune,3/25/2025,Membership 0001987 Quarter Membership,Future,249,0,0,0,0,0,0,264.56,15.56
2275283,Nimble,New Jersey,Zen Leaf Neptune,3/25/2025,Membership 0001989 Quarter Membership,Future,249,0,0,0,0,0,0,264.56,15.56
1815054,Nimble,New Jersey,Zen Leaf Neptune,3/25/2025,Membership 0002130 Dime Membership,Future,149,0,0,0,0,0,0,158.31,9.31
5208901,Nimble,New Jersey,Zen Leaf Lawrence,3/25/2025,Membership 0002154 Dime Membership,Future,149,0,0,0,0,0,0,158.31,9.31
828243,Nimble,Illinois,Zen Leaf Prospect Heights,3/25/2025,Membership 0001690 Quarter Membership,Future,249,0,0,0,0,0,0,224.52,25.52
1875135,Nimble,Illinois,Zen Leaf Rogers Park,3/25/2025,Membership 0000843 Dime Membership,Future,149,0,0,0,0,0,0,149.27,15.27
3937468,Nimble,Illinois,Zen Leaf Naperville,3/25/2025,Membership 0001708 Quarter Membership,Future,249,0,0,0,0,0,0,224.52,25.52
4075087,Nimble,New Jersey,Zen Leaf Neptune,3/25/2025,Membership 0002179 Quarter Membership,Future,249,0,0,0,0,0,0,264.56,15.56
5229707,Nimble,Illinois,Zen Leaf St. Charles,3/25/2025,Membership 0001657 Quarter Membership,Future,249,0,0,0,0,0,0,224.52,25.52
3473703,Nimble,New Jersey,Zen Leaf Elizabeth,3/25/2025,Membership 0001271 Dime Membership,Future,249,0,0,0,0,0,0,208.96,9.96
1682203,Nimble,Illinois,Zen Leaf Rogers Park,3/25/2025,Membership 0001260 Dime Membership,Future,249,0,0,0,0,0,0,224.52,25.52
3581506,Nimble,New Jersey,Zen Leaf Neptune,3/25/2025,Membership 0001253 Quarter Membership,Future,249,0,0,0,0,0,0,214.56,15.56
4183517,Dutchie,New Jersey,Dutchie Neptune Rec,3/25/2025,Membership 0005211 Quarter Membership,Current,249,300,0,0,0,0,0,0,16.49625
2800390,Nimble,New Jersey,Zen Leaf Elizabeth,3/25/2025,Membership 0001026 Quarter Membership,Future,249,0,0,0,0,0,0,214.56,15.56
1111088,Nimble,Illinois,Zen Leaf Lombard,3/25/2025,Membership 0001582 Quarter Membership,Future,249,0,0,0,0,0,0,224.52,25.52
524103,Nimble,Illinois,Zen Leaf St. Charles,3/25/2025,Membership 0001142 Quarter Membership,Future,249,0,0,0,0,0,0,274.52,25.52
829268,Nimble,Illinois,Zen Leaf Highland Park,3/25/2025,Membership 0001122 Quarter Membership,Future,249,0,0,0,0,0,0,224.52,25.52
573684,Nimble,New Jersey,Zen Leaf Neptune,3/25/2025,Membership 0004677 Dime Membership,Future,149,0,0,0,0,0,0,158.31,9.31
3230171,Dutchie,New Jersey,Dutchie Neptune Rec,3/25/2025,Membership 0000881 Quarter Membership,Current,199,0,0,0,0,0,455,0,13.18375
3384678,Nimble,New Jersey,Zen Leaf Neptune,3/26/2025,Membership 0001176 Quarter Membership,Future,249,0,0,0,0,0,0,264.56,15.56
2912394,Nimble,Illinois,Zen Leaf West Loop,3/26/2025,Membership 0001016 Quarter Membership,Future,249,0,0,0,0,0,0,214.56,15.56
4559223,Nimble,New Jersey,Zen Leaf Neptune,3/26/2025,Membership 0001027 Dime Membership,Future,149,0,0,0,0,0,0,158.31,9.31
1761822,Nimble,Illinois,Zen Leaf Pilsen,3/26/2025,Membership 0001607 Quarter Membership,Future,249,0,0,0,0,0,0,224.52,25.52
2649217,Nimble,New Jersey,Zen Leaf Elizabeth,3/26/2025,Membership 0001251 Quarter Membership,Future,249,0,0,0,0,0,0,214.56,15.56
1341960,Nimble,Illinois,Zen Leaf West Loop,3/26/2025,Membership 0000973 Quarter Membership,Future,249,0,0,0,0,0,0,224.52,25.52
5258147,Nimble,New Jersey,Zen Leaf Lawrence,3/26/2025,Membership 0001424 Quarter Membership,Future,249,0,0,0,0,0,0,264.56,15.56
493805,Nimble,Illinois,Zen Leaf St. Charles,3/26/2025,Membership 0000900 Quarter Membership,Future,249,0,0,0,0,0,0,224.52,25.52
493448,Nimble,Illinois,Zen Leaf St. Charles,3/26/2025,Membership 0000908 Quarter Membership,Future,249,0,0,0,0,0,0,224.52,25.52
